codigos_organismo,organismo,rut,tipo_organismo,region,en_registro_mp,pac_2026_publicado,proyectos_pac,items_pac,monto_pac_clp,oc_validas_meses_con_campo_pac,oc_con_codigo_pac,oc_enlazadas_pac_2026,monto_oc_enlazadas_clp,proyectos_con_oc,cumplimiento_acotado_clp,oc_dashboard_ene_sep_2026,monto_dashboard_ene_sep_2026_usd
7002,JUNTA NACIONAL DE AUXILIO ESCOLAR Y BECA,60.908.000-0,Gobierno Central,Región del Libertador General Bernardo O´Higgins,1,1,29,793,2366431555743,180,97,92,1746291527,22,1746291527,1019,924848228.0
6957,CENTRAL DE ABASTECIMIENTO DEL SISTEMA NACIONAL DE SERVICIO DE SALUD,61.608.700-2,Salud,Región Metropolitana de Santiago,1,1,2,1049,1020335314296,217,21,21,143578426,1,143578426,1176,1901766269.0
6957,SERVICIO DE BIENESTAR CENTRAL DE ABAST DEL S N S S,65.256.930-7,Salud,Región Metropolitana de Santiago,1,1,2,1049,1020335314296,217,21,21,143578426,1,143578426,1176,1901766269.0
6953,INSTITUTO DE SEGURIDAD LABORAL,61.533.000-0,Gobierno Central,Región de los Lagos,1,1,28,400,694579372501,124,68,68,1582245359,23,1582245359,471,40534491.0
7006,SERVICIO DE SALUD SUR UNIDAD HOSPITALARI,61.608.108-K,Salud,Región Metropolitana de Santiago,1,1,5,707,637154105477,106,65,56,3084059878,4,3084059878,468,33568761.0
100155,I MUNICIPALIDAD LO BARNECHEA,69.255.200-8,Municipios,Región de Valparaíso,1,1,33,3231,624711267134,238,103,103,6437677928,18,6437677928,1089,18664092.0
111870,DIVISION LOGISTICA DEL EJERCITO,61.980.790-1,FFAA y de orden público,Región de Coquimbo,1,1,5735,26910,499389276024,6300,314,313,928481009,120,924613275,29960,166752625.0
113812,DIRECCION DE LOGISTICA DE CARABINEROS,60.505.720-9,FFAA y de orden público,Región del Maule,1,1,1982,2906,350770856745,5545,2173,2165,9260477639,529,8806627475,24470,238189582.0
111875,DIRECCION DE ABASTECIMIENTO DE LA ARMADA,61.979.760-4,FFAA y de orden público,Región del Libertador General Bernardo O´Higgins,1,1,1810,8625,281214029076,6903,3375,3362,9818602080,372,9435137909,31188,108206376.0
7067;7068;7242;7243;7244;7245;7246;7247;7248;7249;7250;7353,MINISTERIO DE OBRAS PUBLICAS DIREC CION GRAL DE OO PP DCYF,61.202.000-0,Obras Públicas y Minvu,Región de Tarapacá,1,1,752,5050,243805567492,3197,1244,1243,18192674464,223,18040110038,12384,526744494.0
1887034;267799;7410,GOBIERNO REGIONAL DE LOS RIOS,61.978.900-8,Gobierno Central,Región del Biobío,1,1,267,8764,235891480069,3482,2061,2060,9193457060,122,9174515478,16896,144614561.0
7088,SERVICIO DE SALUD METROPOLITANO CENTRAL,61.608.600-6,Salud,Región de la Araucanía,1,1,27,145,218849918879,38,36,36,3778225842,10,3778225842,132,114702601.0
6954,FONDO NACIONAL DE SALUD,61.603.000-0,Salud,Región de los Lagos,1,1,18,252,212707186494,144,37,36,15536005282,10,15536005282,491,513631345.0
7428,SERVICIO DE SALUD ORIENTE HOSPITAL DEL SALVADOR,61.608.406-2,Salud,Región de Tarapacá,1,1,72,1205,206421357196,1594,1584,1374,6728019550,57,6722389420,10174,55505744.0
86571,I MUNICIPALIDAD DE LAS CONDES,69.070.400-5,Municipios,Región de Valparaíso,1,1,17,720,195008526424,127,100,99,10335997142,15,10335997142,441,60079696.0
1887034;7080;7179,SUBSECRETARIA DEL MINISTERIO DE JUSTICIA,61.001.000-8,Gobierno Central,Región de Valparaíso,1,1,244,2339,189280318657,959,750,746,6815651538,119,6796709956,4123,92903401.0
7326,SERV SALUD METROPOLITANO CENTRAL HOSPITAL CLINICO SAN BORJA ARRIARAN,61.608.604-9,Salud,Región Metropolitana de Santiago,1,1,85,168,187043527775,1455,1314,1314,7279198849,47,7276337958,7923,50386789.0
87187,I MUNICIPALIDAD DE LOS ANGELES,69.170.100-K,Municipios,Región Metropolitana de Santiago,1,1,1527,18688,184110521731,766,760,747,7841261083,214,7834355718,2439,38129515.0
6924,CORP NACIONAL FORESTAL,61.313.000-4,Gobierno Central,Región de Antofagasta,1,1,358,6272,180876374212,1209,1133,1131,5520324619,216,5470077320,4784,70421685.0
7203,SERVICIO DE SALUD METROPOLITANO SUR ORIENTE,61.608.500-K,Salud,Región del Biobío,1,1,296,526,176154266711,109,76,76,5929268828,34,5895081250,392,56854278.0
7251,UNIVERSIDAD DE CHILE,60.910.000-1,Universidades,Región del Biobío,1,1,266,1493,165268330832,6728,5942,5937,19310322423,217,18431193223,30172,108158783.0
7320,COMPLEJO ASISTENCIAL DR. SOTERO DEL RIO,61.608.502-6,Salud,Región de Valparaíso,1,1,29,398,163047952192,2383,2198,2198,13056712111,22,13056712111,10887,85525953.0
7342,CORP ADMINISTRATIVA DEL PODER JUDICIAL,60.301.001-9,Poder Judicial,Región de Antofagasta,1,1,304,307,160907399135,1771,93,17,599486354,15,572284042,7353,12522231.0
1887034,SERVICIO NACIONAL DE REINSERCION SOCIAL JUVENIL,62.000.970-9,Gobierno Central,Región Metropolitana de Santiago,1,1,201,1677,156449123554,710,607,607,4812938975,100,4793997393,3237,80984152.0
6925,DIRECCION GENERAL DE GENDARMERIA DE CHIL,61.933.800-6,Gobierno Central,Región del Biobío,1,1,694,6109,156308366683,4799,1482,1479,3814115251,255,3734687114,19866,101567234.0
87175,I MUNICIPALIDAD DE IQUIQUE,69.010.300-1,Municipios,Región de Tarapacá,1,1,22,859,154345500566,215,161,161,2960915024,15,2960915024,983,18865517.0
86624,I MUNICIPALIDAD DE ARICA,69.010.100-9,Municipios,Región de Arica y Parinacota,1,1,507,6441,146327278813,441,173,172,1477210878,68,1477210878,1645,52753750.0
6928,JUNTA NACIONAL DE JARDINES         INFANTILES,70.072.600-2,Gobierno Central,Región de Atacama,1,1,26,1896,137392070033,1019,550,549,4265590364,23,4265590364,3161,41283353.0
1172700,FUNDACION EDUCACIONAL PARA EL DESAROLLO INTEGRAL DE LA NIÑEZ,70.574.900-0,Gobierno Central,Región del Biobío,1,1,669,2236,126007787603,472,324,324,2944960075,143,2943624478,1992,32310240.0
111880,POLICIA DE INVESTIGACIONES DE CHILE,60.506.000-5,FFAA y de orden público,Región de Valparaíso,1,1,19,485,125934948385,718,349,253,3480467091,15,3480467091,3775,74188534.0
7260,SERVICIO DE SALUD DEL MAULE HOSPITAL DE TALCA,61.606.901-2,Salud,Región del Maule,1,1,140,196,124761811719,2835,2828,2827,11354485586,85,10862159251,13318,65457331.0
16223,SERVICIO DE SALUD CHILOE,61.979.210-6,Salud,Región del Biobío,1,1,6,408,114837571566,2128,1784,1780,5436970757,6,5436970757,9011,37250131.0
7453,SERVICIO DE SALUD IQUIQUE,61.606.100-3,Salud,Región del Maule,1,1,405,970,111209574190,157,127,126,2670642551,58,2667547441,559,10832229.0
1470807;7239,Hospital Dr. Eduardo Pereira Ramirez,61.602.057-9,Salud,Región Metropolitana de Santiago,1,1,116,5867,109379233091,1982,1804,1804,8675840534,75,7977644880,8617,46874187.0
6979,SERVICIO DE VIVIENDA Y URBANIZACION REGIÓN DEL BIO BIO,61.820.004-3,Obras Públicas y Minvu,Región del Biobío,1,1,2,162,106637992032,70,47,44,294577664,1,294577664,350,14305258.0
87976,ILUSTRE MUNICIPALIDAD DE LA SERENA,69.040.100-2,Municipios,Región Metropolitana de Santiago,1,1,31,1786,105570996470,207,139,136,1080928742,16,1079345802,950,25064952.0
93619,I MUNICIPALIDAD DE MAIPU,69.070.900-7,Municipios,Región Metropolitana de Santiago,1,1,799,867,104393325294,198,88,84,3757076264,73,3711685024,884,50531358.0
7202,DIRECCION GENERAL DE AERONAUTICA CIVIL,61.104.000-8,Gobierno Central,Región de Atacama,1,1,1311,2953,103383651074,774,105,105,857794861,65,845369118,3129,24893034.0
1090469,INSTITUTO DE PREVISION SOCIAL,61.979.440-0,Gobierno Central,Región de Valparaíso,1,1,234,666,103309342016,234,167,167,1698205965,70,1352519736,1035,14841058.0
7185,SERVICIO DE SALUD ANTOFAGASTA DIRECCION,61.606.200-k,Salud,Región de Coquimbo,1,1,34,668,97985083985,143,92,92,2913469692,19,2913469692,591,17172078.0
7406,SERVICIO DE SALUD METROPOLITANA NORTE HOSPITAL SAN JOSE,61.608.002-4,Salud,Región de Valparaíso,1,1,14,178,94216636014,820,603,603,7914654159,12,7914654159,3989,66688079.0
7239,Hospital Claudio Vicuna,61.602.126-5,Salud,Región de Valparaíso,1,1,98,3188,93611708039,1155,1064,1064,6625217056,61,5927021402,5301,37322580.0
127018,HOSPITAL PUERTO MONTT SERVICIO DE SALUD DEL RELONCAVI,61.975.100-0,Salud,Región Metropolitana de Santiago,1,1,84,84,89312829682,2242,2097,2096,12842464789,50,12779206806,9219,69292510.0
220665,FONDO HOSPITAL DE LA DIRECCION DE PREVISION DE CARABINEROS DE CHILE,61.513.003-6,FFAA y de orden público,Región Metropolitana de Santiago,1,1,75,152,89096223546,2184,2184,2184,15072808044,49,10259179716,9494,45933918.0
7216,INSTITUTO NACIONAL DE DEPORTES DE CHILE,61.107.000-4,Gobierno Central,Región de Valparaíso,1,1,252,6559,88980926314,890,2,2,1398100,2,1398100,3582,32587610.0
6958,SUBSECRETARIA DEL MINISTERIO DE EDUCACION PUBLICA,65.037.740-0,Gobierno Central,Región Metropolitana de Santiago,1,1,949,3429,87358871067,1863,753,753,19649465232,226,19619398710,4834,93644898.0
7046,HOSPITAL DOCTOR HERNAN HENRIQUEZ ARAVENA,61.602.232-6,Salud,Región de la Araucanía,1,1,225,404,86730194657,2383,2069,1764,10985925192,157,10802230260,12648,86089318.0
7324,HOSPITAL GUILLERMO GRANT BENAVENTE DE CO,61.602.189-3,Salud,Región del Libertador General Bernardo O´Higgins,1,1,25,5578,86433616263,1928,695,694,4776033919,20,4776033919,10869,80804358.0
86568,I MUNICIPALIDAD DE SANTIAGO,69.070.100-6,Municipios,Región Metropolitana de Santiago,1,1,21,262,84521616463,243,172,172,680622967,4,680622967,982,34740990.0
7375,COMPLEJO ASISTENCIAL DR.VICTOR RIOS RUIZ,61.607.301-k,Salud,Región del Maule,1,1,39,140,80923517518,1793,1576,1567,10923324305,32,10923324305,9508,61388515.0
86917,I MUNICIPALIDAD DE CALAMA,61.606.207-7,Municipios,Región Metropolitana de Santiago,1,1,25,338,79656170659,206,134,134,5313016865,18,5311996325,838,30515241.0
1264424,SERVICIO NACIONAL PARA LA PREVENCION Y REHABILITACION DEL CONSUMO DE D,61.980.170-9,Gobierno Central,,1,1,271,271,79004749703,105,14,5,1644861,5,1644861,379,13128278.0
7007,SUBSECRETARIA DE TRANSPORTES,61.975.600-2,Gobierno Central,Región de Tarapacá,1,1,22,1019,78778226666,276,158,158,2951209609,20,2951209609,1102,15508562.0
7410,SERVICIO DE SALUD VALDIVIA HOSPITAL BASE,61.607.502-0,Salud,Región de Los Ríos,1,1,11,7002,78534176186,2723,1423,1422,4312532971,9,4312532971,13490,61180760.0
6946,FUERZA AEREA DE CHILE COMANDO LOGISTICO,61.103.007-K,FFAA y de orden público,Región de Coquimbo,1,1,660,3444,78463846041,1782,1002,1002,2916105023,78,2687967602,8403,38097171.0
7295,DIRECCION SERVICIO DE SALUD TALCAHUANO,61.607.200-5,Salud,Región de la Araucanía,1,1,159,234,78351671337,289,225,160,924928689,52,897549592,1251,22755153.0
1111614,CORP MUNICIPAL DE DESARROLLO SOCIAL DE A,71.102.600-2,Municipios,Región de Antofagasta,1,1,2,85,77566041715,340,335,262,2093705113,2,2093705113,1500,12737001.0
7460,HOSPITAL DE URGENCIA ASISTENCIA PUBLICA DR ALEJANDRO DEL RIO,61.608.602-2,Salud,Región Metropolitana de Santiago,1,1,1,37,77504634121,1418,1410,1409,6973401941,1,6973401941,6836,37571793.0
114923,MUNICIPALIDAD DE ALTO HOSPICIO,69.265.100-6,Municipios,Región de Coquimbo,1,1,210,508,76442683772,473,455,455,3028525410,86,3028525410,2459,15858033.0
7419,SERVICIO DE SALUD DE TALCAHUANO HOSPITAL,61.607.202-1,Salud,Región del Biobío,1,1,47,4391,75045788821,1900,1849,1848,11293691073,42,11079409496,8023,67530622.0
87388,I MUNICIPALIDAD DE PUENTE ALTO,69.072.100-7,Municipios,Región del Biobío,1,1,20,874,72894968895,248,173,173,6599337716,16,6599337716,1285,42284630.0
87388,Servicio de Bienestar del Personal de la Corporacion Municipal de Puente Alto,65.886.340-1,Municipios,Región Metropolitana de Santiago,1,1,20,874,72894968895,248,173,173,6599337716,16,6599337716,1285,42284630.0
6963,SERVICIO DE SALUD METROPOLITANO NORTE,61.608.000-8,Salud,Región Metropolitana de Santiago,1,1,128,922,71223443944,59,42,42,2181140837,18,1338805406,225,21949073.0
7042,HOSPITAL CLINICO HERMINDA MARTIN,61.607.001-0,Salud,Región Metropolitana de Santiago,1,1,39,72,67231832801,2093,2072,2070,7924593818,29,7924593818,10134,42493463.0
6972,SERVICIO DE VIVIENDA Y URBANIZACION IV REGION,61.816.000-9,Obras Públicas y Minvu,Región del Biobío,1,1,2,54,67160251168,25,6,6,128114398,2,128114398,122,2227169.0
1765960,SERVICIO NACIONAL DE PROTECCIÓN ESPECIALIZADA A LA NIÑEZ Y ADOLESCENCI,62.000.890-7,Gobierno Central,Región de Antofagasta,1,1,67,3734,67092050771,715,302,296,1270653080,33,1270653080,2937,24480641.0
87402,I MUNICIPALIDAD DE VALPARAISO,69.060.900-2,Municipios,Región de Valparaíso,1,1,508,531,66367734006,207,6,6,105980385,5,101436352,835,27342120.0
87824,I MUNICIPALIDAD ESTACION CENTRAL,69.254.300-9,Municipios,Región Metropolitana de Santiago,1,1,283,831,66075573703,151,5,3,108277423,3,108277423,624,6437770.0
6923,SERVICIO DE VIVIENDA Y URBANIZACION I REGION,61.838.000-9,Obras Públicas y Minvu,Región Metropolitana de Santiago,1,1,4,96,65908257857,29,3,3,142921647,2,142921647,134,670335.0
6974,SERVICIO DE VIVIENDA Y URBANIZACION II REGION,61.814.000-8,Obras Públicas y Minvu,Región de Antofagasta,1,1,31,57,65873399623,29,13,12,1239844034,3,1239844034,103,13522930.0
6960,SERVICIO DE REGISTRO CIVIL E IDENTIFICACION,61.002.019-4,Gobierno Central,Región del Biobío,1,1,329,839,64610868281,218,132,131,1305896201,71,1304732905,1150,24147253.0
100127,I MUNICIPALIDAD DE CASTRO,69.230.400-4,Municipios,Región de la Araucanía,1,1,4,142,64278501000,143,106,105,796797352,4,796797352,556,6268222.0
7293,SERVICIO DE SALUD METROPOLITANO SUR HOSP,61.608.101-2,Salud,Región de Tarapacá,1,1,9,4098,64041988771,1500,771,770,7174155936,9,7174155936,8340,78909865.0
1317960,AGENCIA DE CALIDAD DE LA EDUCACION,61.980.230-6,Gobierno Central,Región de Tarapacá,1,1,8,168,63485009000,119,21,21,14348940713,7,14348940713,398,16493770.0
7104,SERVICIO SALUD DEL RELONCAVI,61.602.268-7,Salud,Región de los Lagos,1,1,242,1254,63345779283,2132,1639,1638,4429040976,154,4417427283,8922,38864012.0
7175,CAJA DE PREVISION DE LA DEFENSA NACIONAL,61.108.000-k,Gobierno Central,Región de Tarapacá,1,1,480,562,63326206727,393,356,301,12340311045,107,3784875498,1662,17262934.0
87653,I MUNICIPALIDAD DE ANTOFAGASTA,69.020.300-6,Municipios,Región de Antofagasta,1,1,2,361,62427819343,345,1,1,3787532,1,3787532,1461,38179843.0
7147,UNIVERSIDAD DE TALCA,70.885.500-6,Universidades,Región de Valparaíso,1,1,32,2539,60333108810,810,475,475,1796505271,26,1796505271,3052,21551385.0
88102,I MUNICIPALIDAD DE PROVIDENCIA,69.070.300-9,Municipios,Región Metropolitana de Santiago,1,1,1,933,57475684376,420,352,352,4584641105,1,4584641105,1565,22077423.0
7383,SERVICIO SALUD OCCIDENTE HOSPITAL DR FELIX BULNES CERDA,61.608.205-1,Salud,Región Metropolitana de Santiago,1,1,13,2682,57325393804,1668,1356,1352,6241002578,13,6241002578,9201,42664653.0
6932,SERVICIO DE SALUD NUBLE,61.607.000-2,Salud,Región Metropolitana de Santiago,1,1,97,97,56821430000,372,267,243,1291132817,40,1287823862,1468,22590092.0
1375151,HOSPITAL CLINICO METROPOLITANO DE LA FLORIDA DOCTORA ELOISA DIAZ,65.075.485-9,Salud,Región Metropolitana de Santiago,1,1,21,21,55244512000,753,727,725,3688199703,13,3688199703,5203,37375851.0
1468521,SERVICIO DE SALUD VALPARAISO SAN ANTONIO,61.602.054-4,Salud,Región de Valparaíso,1,1,10,4557,55012736432,1247,305,277,2958665846,6,2958665846,5952,40429576.0
7298,INSTITUTO NACIONAL DEL TORAX,61.608.402-k,Salud,Región de Arica y Parinacota,1,1,2,102,54610680000,943,874,872,4673545643,2,4673545643,4570,29948891.0
7345,SERVICIO DE SALUD VINA DEL MAR QUILLOTA,61.606.608-0,Hospitales,Valparaíso,0,1,50,2087,54258094208,1101,0,0,0,0,0,4670,33997865.0
6980,SERVICIO DE VIVIENDA Y URBANIZACION IX REGION,61.821.000-6,Obras Públicas y Minvu,Región de la Araucanía,1,1,95,162,53938270976,58,32,24,148866065,16,141705232,190,8945379.0
87901,I MUNICIPALIDAD DE COQUIMBO,69.040.300-5,Municipios,Región de Coquimbo,1,1,635,11791,53874372373,537,247,218,1554484929,54,1541397186,2015,35883141.0
86766,I MUNICIPALIDAD DE LA FLORIDA,69.070.700-4,Municipios,Región Metropolitana de Santiago,1,1,374,428,53664039836,48,48,48,485008364,40,485008363,263,53203509.0
7409,SERVICIO DE SALUD ATACAMA,61.606.300-6,Salud,Región de Los Ríos,1,1,27,437,53086230836,87,72,72,2044191700,13,2044191700,467,9873383.0
6918,SERVICIO DE SALUD ORIENTE HOSPITAL LUIS CALVO MACKENNA,61.608.408-9,Salud,Región Metropolitana de Santiago,1,1,32,305,53029981207,982,952,949,4260638729,30,4260638729,5508,23818526.0
7052,SERVICIO DE SALUD COQUIMBO,61.606.400-2,Salud,Región de Tarapacá,1,1,59,172,52970889801,236,138,138,1447772605,14,1440258117,935,44309379.0
7452,SERVICIO DE SALUD DEL MAULE HOSPITAL DE CURICO,61.606.903-9,Salud,Región del Maule,1,1,13,35,52918211378,1265,1210,1207,6369436939,12,6369436939,6422,37317571.0
7113,SERVICIO DE IMPUESTOS INTERNOS DIRECCION,60.803.000-k,Gobierno Central,Región de Los Ríos,1,1,55,968,52896722000,292,46,46,151528282,22,150957627,1088,7562625.0
7340,SERVICIO NACIONAL DE SALUD HOSPITAL DE C,61.602.280-6,Salud,Región del Biobío,1,1,90,1308,52722914896,1445,847,847,3002120790,50,3002120790,7292,24933864.0
7011,SERVICIO NACIONAL DEL PATRIMONIO CULTURAL,60.905.000-4,Gobierno Central,Región de Coquimbo,1,1,1055,2038,51245103647,770,270,270,1292947032,115,1183912007,3048,24063690.0
7297,HOSPITAL CLINICO DE MAGALLANES DR. LAUTARO NAVARRO AVARIA,61.607.901-8,Salud,Región de la Araucanía,1,1,8,4830,50650226024,2527,2029,2027,5156460728,8,5156460728,11284,30531583.0
6937,INSTITUTO DE DESARROLLO AGROPECUARIO,61.307.000-1,Gobierno Central,Región Metropolitana de Santiago,1,1,1471,1930,50578918823,356,255,221,2565163506,143,1254657679,1329,15638867.0
224060,MINISTERIO PUBLICO,61.935.400-1,Poder Judicial,Región de Tarapacá,1,1,22,1536,50047063184,457,366,366,6626446922,22,6578419098,1498,22919573.0
7316,SERVICIO DE SALUD OCCIDENTE HOSPITAL SAN JUAN DE DIOS,61.608.204-3,Salud,Región de Valparaíso,1,1,5,165,49924452344,2091,1574,1563,10211808119,5,10211808119,11258,82023823.0
7079,SUBSECRETARIA DE SALUD PUBLICA,61.601.000-K,Salud,Región de los Lagos,1,1,241,3182,49861436679,1411,452,354,1274769735,98,1216192382,5140,44005739.0
7312,SERVICIO DE SALUD COQUIMBO HOSPITAL LA SERENA,61.606.402-9,Salud,Región de Coquimbo,1,1,29,3981,49811174799,1393,1060,1059,5702417699,27,5702417699,7207,40903382.0
100448,I MUNICIPALIDAD DE CORONEL,69.151.200-2,Municipios,Región del Biobío,1,1,402,1255,49331966653,483,351,351,864513255,113,805021393,1752,10217414.0
7325,I MUNICIPALIDAD DE RECOLETA,69.254.800-0,Municipios,Región Metropolitana de Santiago,1,1,18,594,49233053046,323,254,254,3162860696,11,3162860696,1304,8895411.0
7374,SERVICIO DE SALUD DEL LIBERTADOR B O'HIGGINS HOSPITAL REG RANCAGUA,61.602.138-9,Salud,Región de Valparaíso,1,1,8,5814,48460051216,1903,1625,1622,5322673775,8,5322673775,8883,40723970.0
98462,I MUNICIPALIDAD DE VITACURA,69.255.600-3,Municipios,Región Metropolitana de Santiago,1,1,220,1161,48377205637,231,133,129,2902193474,22,1178180166,1206,24100170.0
87399,I MUNICIPALIDAD DE VINA DEL MAR,69.061.000-0,Municipios,Región de Valparaíso,1,1,27,235,47314437738,250,243,243,4325411831,23,4325411831,1170,31363297.0
7496,I MUNICIPALIDAD DE LA COMUNA DE EL BOSQUE,69.255.300-4,Municipios,Región del Maule,1,1,43,328,46953570347,209,160,160,4112164132,24,4112164132,905,19477472.0
88254,I MUNICIPALIDAD DE CHILLAN,69.140.900-7,Municipios,Región Metropolitana de Santiago,1,1,1391,1757,46681494568,672,328,324,1551986064,169,1491386905,2277,9951361.0
1821131;88313,CORPORACION CULTURAL SOCIAL Y DEPORTIVA MUNICIPAL DE QUILICURA,65.100.191-9,Municipios,Región Metropolitana de Santiago,1,1,50,765,45959382998,190,46,46,1352204653,14,1352204653,902,20797578.0
88313,I MUNICIPALIDAD DE QUILICURA,69.071.302-0,Municipios,Región de Valparaíso,1,1,49,710,44095380553,167,26,26,1065906192,13,1065906192,789,19534192.0
1379869,HOSPITAL CLINICO METROPOLITANO EL CARMEN DOCTOR LUIS VALENTIN FERRADA,61.980.320-5,Salud,Región de Magallanes y de la Antártica,1,1,14,244,42598289562,1162,1117,1116,3711464503,13,3711464503,9372,29308204.0
7296,SERVICIO DE SALUD OSORNO,61.607.600-0,Salud,Región del Maule,1,1,502,1003,42106744545,391,326,164,900746332,79,899414594,1557,7169259.0
7106,SERVICIO DE SALUD LOS RIOS,61.607.500-4,Salud,Región del Biobío,1,1,125,499,40239869540,273,233,233,2034725928,31,2034725928,1095,11896373.0
7416,SERVICIO DE SALUD COQUIMBO HOSPITAL DE COQUIMBO,61.606.403-7,Salud,Región de Coquimbo,1,1,76,1024,39513172798,847,0,0,0,0,0,6466,30470914.0
87838,I MUNICIPALIDAD DE CURICO,69.100.100-8,Municipios,Región del Maule,1,1,118,328,39100519015,903,573,572,1036549147,55,1036549147,3407,16551660.0
7411,SERVICIO DE SALUD ATACAMA HOSPITAL COPIA,61.606.307-3,Salud,Región de Atacama,1,1,11,69,39087380000,1002,913,912,3592046767,11,3582996730,4237,23260291.0
7085;7179,GOBIERNO REGIONAL DE AYSEN,72.222.000-5,Gobierno Central,Región Aysén del General Carlos Ibáñez del Campo,1,1,102,397,38904708063,195,158,157,3508405797,29,3094394467,751,19233212.0
7451,SERVICIO DE SALUD ANTOFAGASTA HOSPITAL L,61.606.201-8,Salud,,1,1,120,8653,38495934104,1178,1133,1133,5965738661,84,5959808661,6342,32148892.0
7359,SUBSECRETARÍA DE LAS CULTURAS Y LAS ARTES,60.901.002-9,Gobierno Central,Región de Antofagasta,1,1,177,2443,37477907481,734,269,268,1124813187,86,1124813187,2412,22547782.0
99860,MUNICIPALIDAD DE OVALLE,69.040.700-0,Municipios,Región del Biobío,1,1,36,193,36840311072,367,273,273,3101564940,23,3101564940,1365,11967283.0
100137,MUNICIPALIDAD DE PEÑAFLOR,69.071.700-K,Municipios,Región Metropolitana de Santiago,1,1,146,262,36310229477,389,273,273,1300888688,68,1251239718,1681,20534881.0
99105,I MUNICIPALIDAD DE INDEPENDENCIA,69.255.500-7,Municipios,Región Metropolitana de Santiago,1,1,159,165,36278944817,387,18,0,0,0,0,1329,13013834.0
86491,I MUNICIPALIDAD DE VALLENAR,69.030.500-3,Municipios,Región de Atacama,1,1,102,107,35918488941,449,0,0,0,0,0,1589,6176584.0
99322,I MUNICIPALIDAD DE COLINA,69.071.500-7,Municipios,Región de Valparaíso,1,1,12,157,35647943992,98,8,7,107664603,5,107664603,501,14708847.0
7331,HOSPITAL PADRE ALBERTO HURTADO,61.958.500-3,Salud,Región Metropolitana de Santiago,1,1,131,3289,34012055000,942,809,808,5078087668,59,5065051208,4930,45338154.0
7382,Hospital Dr. Marcos Chamorro Iglesias,61.607.903-4,Salud,Región de Magallanes y de la Antártica,1,1,43,8373,33908455428,536,494,493,1468358733,32,1468358733,2328,10269351.0
7382,SERVICIO DE SALUD MAGALLANES,61.607.900-k,Salud,Región de Magallanes y de la Antártica,1,1,43,8373,33908455428,536,494,493,1468358733,32,1468358733,2328,10269351.0
1216718,SERVICIO SALUD SAN FELIPE LOS ANDES HOSP,61.602.038-2,Salud,Región del Maule,1,1,74,121,33902729469,1119,1105,1102,2880976280,51,2880693122,5136,16096130.0
7319,UNIVERSIDAD DE LA SERENA,70.783.100-6,Universidades,Región de la Araucanía,1,1,9,80,33806036429,461,453,453,2139629562,8,1931766788,1680,8771268.0
1662264,HOSPITAL DOCTOR ERNESTO TORRES GALDAMES,62.000.530-4,Salud,Región de Antofagasta,1,1,9,3182,33557596310,1533,658,658,2398144327,7,2398144327,7945,27409321.0
6919,SERVICIO AGRICOLA Y GANADERO,61.308.000-7,Gobierno Central,Región de Valparaíso,1,1,18,8000,33189774592,827,314,313,681518027,17,681518027,3968,32054697.0
7393,HOSPITAL BASE OSORNO,61.602.260-1,Salud,Región de los Lagos,1,1,17,64,32175893724,1667,1634,1631,4924739845,16,4920521184,8101,33029045.0
7466,SERVICIO DE SALUD METROPOLI CENTRAL DIRECCION DE ATENCION PRIMARIA,61.608.605-7,Salud,Región de Valparaíso,1,1,5,237,31390941810,89,77,77,767247651,4,767247651,269,19216385.0
87172,I MUNICIPALIDAD DE PENALOLEN,69.254.000-k,Municipios,Región del Biobío,1,1,18,399,31181484858,84,28,28,263670955,8,263670955,391,24698944.0
1667479,SERVICIO DE SALUD ARICA HOSP DR JUAN NOE CREVANI,61.606.001-5,Salud,Región de Valparaíso,1,1,6,707,30992711928,2347,2306,2303,4964064701,6,4964064701,10939,26587283.0
7321,I MUNICIPALIDAD DE TEMUCO,69.190.700-7,Municipios,Región de la Araucanía,1,1,130,246,30823348964,1084,949,949,10755897950,66,10301244787,3848,54723924.0
7130,HOSPITAL ORIENTE DR LUIS TISNE BROUSSE,61.959.800-8,Salud,Región Metropolitana de Santiago,1,1,5,2572,30771614411,756,621,621,4632770892,4,4632770892,3570,26054121.0
7179;7200,"GOBIERNO REGIONAL VI REGION DEL LI BERTADOR B O""HIGGINS",72.240.400-9,Gobierno Central,Región del Libertador General Bernardo O´Higgins,1,1,52,323,30297313071,172,132,131,1914867135,20,1914867135,617,12843221.0
87104,I MUNICIPALIDAD PEDRO AGUIRRE CERDA,69.254.900-7,Municipios,Región de Antofagasta,1,1,57,115,29665410830,461,318,309,610063095,36,589127681,2063,8667200.0
100107,ILUSTRE MUNICIPALIDAD DE SAN CARLOS,69.140.500-1,Municipios,Región de Valparaíso,1,1,5,313,29603291068,471,400,400,1334748442,5,1334748442,1651,6272663.0
7179,SERVICIO MEDICO LEGAL,61.003.000-9,Gobierno Central,Región de Coquimbo,1,1,42,313,29422198901,154,129,128,1907311018,18,1907311018,563,10978404.0
212299,UNIVERSIDAD DE SANTIAGO DE CHILE,60.911.000-7,Universidades,Región de Tarapacá,1,1,6,61,29326688000,843,788,783,3026106680,5,3026106680,3950,11878194.0
7054,SERVICIO DE SALUD LIBERTADOR BDO OHIGGINS,61.606.800-8,Salud,Región de Valparaíso,1,1,66,514,28832537130,277,246,246,1149763685,32,1149763685,1154,16855177.0
6935,PARQUE METROPOLITANO DE SANTIAGO,61.809.000-0,Obras Públicas y Minvu,Región Metropolitana de Santiago,1,1,25,1367,28588336576,83,50,50,588101631,16,588101631,245,22279701.0
6978,SERVICIO DE VIVIENDA Y URBANIZACION VII REGION,61.819.000-5,Obras Públicas y Minvu,Región del Libertador General Bernardo O´Higgins,1,1,62,75,28568840041,18,6,6,7183176,5,7183176,108,3067828.0
83825,I MUNICIPALIDAD DE LA PINTANA,69.253.800-5,Municipios,Región del Biobío,1,1,18,965,27997995088,237,8,8,12356835,3,12356835,857,28012678.0
7417,SERVICIO DE SALUD COQUIMBO HOSPITAL DE O,61.606.404-5,Salud,Región de los Lagos,1,1,74,3312,27785694500,618,527,526,2422577316,45,2411896310,3243,14192472.0
7034,DEFENSORIA PENAL PUBLICA,61.941.900-6,Gobierno Central,Región de Coquimbo,1,1,20,479,27662700926,97,95,94,463104274,20,463104274,431,4230738.0
17890,Corporación Municipal de Desarrollo Social de Colina,70.941.900-5,Municipios,Región Metropolitana de Santiago,1,1,21,253,27463337013,126,123,122,1937624397,11,1937624397,471,11189242.0
7272,DIRECCION SERVICIO SALUD METROPOLITANO O,61.979.270-k,Salud,Región de Valparaíso,1,1,28,212,27127671182,290,253,178,2119081066,18,2119081066,1216,11499001.0
1799669,CORP MUNIC EDUC SALUD Y ATENCION,70.856.400-1,Municipios,Región Metropolitana de Santiago,1,1,27,118,26972878828,197,35,35,222935940,13,222935940,576,17215670.0
84152,I MUNICIPALIDAD VALDIVIA,69.200.100-1,Municipios,Región Metropolitana de Santiago,1,1,583,787,26968649119,451,8,8,43539354,5,43539354,2194,34618238.0
87633,I. MUNICIPALIDAD DE QUILPUE,69.061.300-K,Municipios,Región del Biobío,1,1,15,134,26669674031,187,131,130,339049562,12,339049562,795,7430564.0
113852,ILUSTRE MUNICIPALIDAD DE MACHALI,69.080.200-7,Municipios,Región del Libertador General Bernardo O´Higgins,1,1,122,503,26469524675,307,254,253,827998741,58,810656134,1142,12897689.0
204439,UNIVERSIDAD DE TARAPACA,70.770.800-K,Universidades,Región Metropolitana de Santiago,1,1,251,2204,26324783907,737,587,585,1434146892,123,1423222252,2713,10175028.0
7060,SERVICIO DE SALUD ARAUCANIA SUR HOSPITAL DE NUEVA IMPERIAL,61.607.401-6,Salud,Región de Valparaíso,1,1,35,37,25919356345,705,627,626,3222359855,28,3222359855,3210,18732108.0
84480,I MUNICIPALIDAD DE TALCA,69.110.400-1,Municipios,Región del Maule,1,1,311,674,25773586758,1166,485,485,1246335279,73,1227074017,4270,30037316.0
86507,I MUNICIPALIDAD DE PUERTO MONTT,69.220.100-0,Municipios,Región del Libertador General Bernardo O´Higgins,1,1,241,557,25739722226,859,0,0,0,0,0,3371,46443782.0
100648,I MUNICIPALIDAD DE LA LIGUA,69.050.100-7,Municipios,Región Metropolitana de Santiago,1,1,177,186,25000453115,302,229,229,1302261341,60,1111600381,1069,5919514.0
100728,I MUNICIPALIDAD DE PAINE,69.072.600-9,Municipios,Región Metropolitana de Santiago,1,1,109,383,24906146000,352,318,318,3164677744,62,3049733012,1332,19759741.0
1654650,SERVICIO DE VIVIENDA Y URBANIZACION REGION ÑUBLE,62.000.590-8,Obras Públicas y Minvu,Región Metropolitana de Santiago,1,1,4,57,24873503000,35,0,0,0,0,0,112,4029194.0
113735,I MUNICIPALIDAD DE LAGO RANCO,69.201.100-7,Municipios,Región de Los Ríos,1,1,88,336,24835878342,513,493,488,910104588,45,906158289,1885,5683840.0
7469,SERVICIO DE SALUD NUBLE HOSPITAL DE SAN CARLOS DR BENICIO ARZOLA MEDIN,61.607.002-9,Salud,Región del Maule,1,1,75,80,24762709302,936,934,933,3053704861,52,2994389470,4088,13320969.0
1484134,UNIVERSIDAD DE O'HIGGINS,61.980.530-5,Universidades,Región de Antofagasta,1,1,2,64,24093012825,445,445,445,934648790,2,934648790,1615,6409052.0
7050,I MUNICIPALIDAD DE ARAUCO,69.160.100-5,Municipios,Región del Biobío,1,1,245,416,24051296877,517,471,373,2210898796,94,2087663566,2258,12849994.0
266724,UNIVERSIDAD DE LOS LAGOS,70.772.100-6,Universidades,Región de los Lagos,1,1,94,855,23895084614,490,470,470,1200613026,47,1198242587,1849,5569272.0
1675210;267965;6952,GOBIERNO REGIONAL DE ARICA-PARINACOTA,61.978.890-7,Gobierno Central,Región de Tarapacá,1,1,43,710,23289681583,601,407,406,2419778908,28,2408792564,2493,27114025.0
117584,I MUNICIPALIDAD DE SANTA CRUZ,69.090.600-7,Municipios,Región del Libertador General Bernardo O´Higgins,1,1,298,1071,22994266951,207,166,165,1568692281,78,1538953693,830,10764340.0
7258,SERVICIO DE SALUD DEL MAULE HOSPITAL DE LINARES,61.606.917-9,Salud,Región del Maule,1,1,90,1649,22872576122,1607,1470,1469,2810727391,55,2810727391,6825,17518038.0
7448,SERVICIO DE SALUD HOSPITAL DE SAN FERNANDO,61.602.145-1,Salud,Región de Valparaíso,1,1,5,2743,22852998567,460,127,127,1195662566,5,1195662566,2289,14406337.0
96996,UNIVERSIDAD DE VALPARAISO,60.921.000-1,Universidades,Región Metropolitana de Santiago,1,1,42,639,22829717304,823,775,774,2485388863,35,2485388863,2648,8889169.0
7233,I MUNICIPALIDAD DE VILLA ALEMANA,69.061.500-2,Municipios,Región de Valparaíso,1,1,22,565,22575593217,102,51,51,3027461822,11,3027461822,576,9623118.0
100523,I MUNICIPALIDAD DE CHIGUAYANTE,69.264.700-9,Municipios,Región del Biobío,1,1,38,303,22424693938,243,150,150,16006970943,20,15192061942,980,22977944.0
6942,CORPORACION DE FOMENTO DE LA PRODUCCION,60.706.000-2,Gobierno Central,Región de Tarapacá,1,1,1393,1404,22365081481,160,157,148,457827001,99,450280017,614,4787680.0
7485,HOSPITAL DE QUILPUE,61.606.604-8,Salud,Región del Maule,1,1,53,815,22014269226,959,41,41,99988051,7,99988051,3655,14602264.0
1244947,CORP MUNICIPAL MELIPILLA PARA LA ED SALUD,71.293.900-1,Municipios,Región Metropolitana de Santiago,1,1,16,1527,21839104871,290,225,225,648132216,11,648132216,1179,9513405.0
6965,SERVICIO DE VIVIENDA Y URBANIZACION AREA METROPOLITANA,61.812.000-7,Obras Públicas y Minvu,Región de Valparaíso,1,1,144,153,21711257950,89,52,45,1647603249,28,1644122760,297,87367012.0
87185,I MUNICIPALIDAD DE RENCA,69.071.200-8,Municipios,,1,1,11,154,21587903958,136,131,131,1628926619,10,1628926619,673,13837864.0
7390,SERVICIO DE SALUD SUR HOSPITAL SANATORIO EL PINO,61.608.107-1,Salud,Región de los Lagos,1,1,1,27,21314889000,735,663,663,2672288467,1,2672288467,4152,20335224.0
6951,SUBSECRETARIA DEL MINISTERIO DE LA VIVIENDA Y URBANISMO,61.802.003-7,Obras Públicas y Minvu,Región de Atacama,1,1,785,982,21026935018,342,219,214,826150778,71,801320188,1106,5751682.0
118067,I MUNICIPALIDAD DE LAMPA,69.071.400-0,Municipios,Región Metropolitana de Santiago,1,1,301,310,20863013193,97,30,30,580894978,24,376250367,408,11199760.0
84958,I MUNICIPALIDAD DE CONCHALI,69.070.200-2,Municipios,Región Metropolitana de Santiago,1,1,123,451,20757840421,109,75,59,405008483,31,404296342,467,9060721.0
86548,I MUNICIPALIDAD DE SAN BERNARDO,69.072.700-5,Municipios,,1,1,54,1224,20722235551,131,50,50,220151981,25,220151981,458,6702640.0
88075,ILUSTRE MUNICIPALIDAD DE QUINTA NORMAL,69.071.000-5,Municipios,Región Metropolitana de Santiago,1,1,4,34,20626284302,172,10,10,506447602,3,506447602,808,9615673.0
116298,I MUNICIPALIDAD DE EL QUISCO,69.061.700-5,Municipios,Región de Valparaíso,1,1,9,425,20183021842,212,180,139,1653821125,9,1653821125,860,14975223.0
7000,DIRECCION DEL TRABAJO,61.502.000-1,Gobierno Central,Región del Maule,1,1,27,560,20117542719,137,101,99,522212217,24,522212217,611,5319504.0
102868,I MUNICIPALIDAD DE PUERTO VARAS,69.220.200-7,Municipios,Región de los Lagos,1,1,92,145,20035389508,548,502,501,2586565767,54,2536655470,2095,9840308.0
7494,SERVICIO DE SALUD ANTOFAGASTA HOSP C CIS,61.606.202-6,Salud,Región de Valparaíso,1,1,11,67,19913252797,171,103,103,2352321506,7,2351528809,921,15312908.0
7457,SERVICIO NACIONAL DE SALUD HOSPITAL DE T,61.602.122-2,Salud,Región del Biobío,1,1,58,62,19877487040,335,335,335,2620528231,40,2620116991,1749,14542981.0
7302,SERVICIO DE SALUD ARAUCANIA NORTE,61.955.100-1,Salud,Región de la Araucanía,1,1,28,184,19789582901,154,136,136,485269381,19,485269381,879,6264783.0
7177,INSTITUTO DE SALUD PUBLICA DE CHILE,61.605.000-1,Salud,Región de Antofagasta,1,1,15,6256,19535863041,196,166,166,3897600902,12,3897600902,984,15875100.0
7276,Instituto Nacional del Cancer,61.608.404-6,Salud,Región Metropolitana de Santiago,1,1,1,20,19531643812,668,537,537,2445971330,1,2445971330,2350,11737471.0
99101,I MUNICIPALIDAD DE MOSTAZAL,69.080.500-6,Municipios,Región del Libertador General Bernardo O´Higgins,1,1,103,313,19344253210,219,206,205,1528247726,49,1494013562,824,8429915.0
7458,Hospital de Melipilla,61.602.123-0,Salud,Región del Maule,1,1,29,51,19147181627,1259,1253,1243,3779955499,26,3779241649,5141,16143631.0
98443,I MUNICIPALIDAD DE TOME,69.150.102-7,Municipios,Región del Maule,1,1,41,198,19050293929,518,376,371,1078915711,34,1050875125,2094,10603836.0
7474,Instituto de Neurocirugía,61.608.407-0,Salud,Región Metropolitana de Santiago,1,1,5,2418,19010122584,1087,802,799,1974815376,5,1974815376,5288,15347810.0
129737,I MUNICIPALIDAD DE CATEMU,69.050.900-8,Municipios,Región de Valparaíso,1,1,3,167,19006124205,152,152,152,471198732,3,471198732,647,3078863.0
115284,I MUNICIPALIDAD DE PANGUIPULLI,69.201.200-3,Municipios,Región de Los Ríos,1,1,389,533,18975809853,227,226,172,309565989,64,298720894,830,3999644.0
7399,SERVICIO NACIONAL DE SALUD HOSPITAL DE C,61.602.211-3,Hospitales,Biobío,0,1,11,3608,18889867021,902,459,458,1004724267,9,1004724267,3616,15414883.0
140867,I MUNICIPALIDAD DE HUALQUI,69.150.600-2,Municipios,Región del Biobío,1,1,10,293,18855665727,266,200,200,555025641,10,555025641,953,3338588.0
123786,MUNICIPALIDAD DE HUALPEN,69.264.400-k,Municipios,Región del Maule,1,1,3,230,18753612840,238,115,115,516464804,3,516464804,1261,14093850.0
7132,Hospital Villarrica,61.602.248-2,Salud,Región del Libertador General Bernardo O´Higgins,1,1,10,70,18735780000,393,323,323,2058646171,10,2058646171,1978,15828383.0
1759990,HOSPITAL COMPLEJO ASISTENCIAL PADRE LAS CASAS,62.000.830-3,Salud,Región del Biobío,1,1,39,39,18642491996,586,528,528,3533260849,27,3533260849,3251,21019242.0
7207,GOBIERNO REGIONAL DECIMA REGION LOS LAGOS,72.221.800-0,Gobierno Central,Región de la Araucanía,1,1,20,71,18406961859,57,42,42,48824613,8,48824613,246,11292760.0
7190,SERVICIO NACIONAL DE TURISMO,60.704.000-1,Gobierno Central,Región de Valparaíso,1,1,52,824,18274380834,175,127,127,7527054312,31,4788701742,575,10511798.0
98901,ILUSTRE MUNICIPALIDAD DE MELIPILLA,69.072.900-8,Municipios,Región de Magallanes y de la Antártica,1,1,11,611,17847113290,176,50,50,417554714,9,417554714,829,14477297.0
93774,I MUNICIPALIDAD DE SAN CLEMENTE,69.110.500-8,Municipios,Región del Maule,1,1,118,994,17757648738,394,348,344,987910243,64,985400605,1512,10614459.0
100704,I MUNICIPALIDAD DE SAN PEDRO DE LA PAZ,69.264.800-5,Municipios,Región de Coquimbo,1,1,145,205,17705256536,192,121,121,523818424,47,502329346,886,10114758.0
115459,I MUNICIPALIDAD DE CABILDO,69.050.200-3,Municipios,Región Metropolitana de Santiago,1,1,255,651,17681137004,82,77,77,492968171,52,492338651,373,2321194.0
7305,SERVICIO DE SALUD SUR HOSPITAL EXEQUIEL,61.608.102-0,Salud,Región Metropolitana de Santiago,1,1,28,2862,17680156215,995,963,957,2141604859,26,2141604859,4418,12463026.0
7479,SERVICIO NAC DE SALUD HOSPITAL TRAUMATOLOGICO,61.602.295-4,Salud,Región del Biobío,1,1,9,9,17632033500,522,518,518,2463078348,9,2463078348,3114,15275676.0
116942,I MUNICIPALIDAD DE COCHRANE,69.254.500-1,Municipios,Región Metropolitana de Santiago,1,1,45,200,17553687407,148,140,140,776927794,26,775653322,648,16896405.0
7360,I MUNICIPALIDAD DE TIERRA AMARILLA,69.030.400-7,Municipios,Región de Atacama,1,1,82,82,17531536724,141,60,59,250305575,21,250141438,543,4104136.0
6944,SUBSECRETARIA DEL INTERIOR,60.501.000-8,Gobierno Central,Región de la Araucanía,1,1,32,656,17482885219,323,293,293,663428790,18,663428790,1065,3234150.0
117580,I MUNICIPALIDAD DE RIO BUENO,69.201.000-0,Municipios,Región de Los Ríos,1,1,41,41,17324997514,337,1,1,123877198,1,123877198,1516,11106107.0
6936,HOSPITAL DR GUSTAVO FRICKE DE VINA DEL MAR,61.606.602-1,Salud,Región Metropolitana de Santiago,1,1,5,177,17283807726,2334,0,0,0,0,0,10467,74739509.0
6962,SERVICIO NACIONAL DE CAPACITACION Y EMPLEO,61.531.000-K,Gobierno Central,Región del Libertador General Bernardo O´Higgins,1,1,17,613,17221843102,99,20,20,41891142,8,41891142,414,15373677.0
119852,I MUNICIPALIDAD DE ISLA DE PASCUA,69.061.800-1,Municipios,Región de Valparaíso,1,1,4,97,16780037010,187,180,180,782453982,4,782453982,744,7374002.0
126109,UNIVERSIDAD TECNOLOGICA METROPOLITANA,70.729.100-1,Universidades,Región de Antofagasta,1,1,53,119,16762197650,217,217,217,1285879396,38,1262374677,753,6489919.0
7306,SERVICIO DE SALUD ARAUCANIA NORTE HOSPITAL DE ANGOL,61.602.222-9,Salud,Región de la Araucanía,1,1,60,99,16760721808,712,700,700,2270984983,42,2252698711,4122,13479905.0
98448,ILUSTRE MUNICIPALIDAD DE NATALES,69.250.100-4,Municipios,Región de Magallanes y de la Antártica,1,1,157,309,16663020872,129,36,36,124591287,20,124591287,532,2188864.0
7102,SERVICIO DE SALUD ARAUCANIA SUR,61.607.400-8,Salud,Región de Valparaíso,1,1,17,199,16630879195,234,1,1,1322685,1,1322685,792,36374828.0
6956,TESORERIA GENERAL DE LA REPUBLICA,60.805.000-0,Gobierno Central,Región de Atacama,1,1,33,448,16627124820,179,98,98,574219459,22,514702432,771,9630382.0
124577,I MUNICIPALIDAD DE LAUTARO,69.190.100-9,Municipios,Región de la Araucanía,1,1,236,384,16612174674,691,590,586,1729023041,63,1628739554,2608,9333591.0
1820922,Servicio Local de Educación Pública Licancabur,61.980.920-3,Gobierno Central,Región de Antofagasta,1,1,62,62,16515819000,294,289,287,2388439011,32,2055190441,646,9204083.0
86872,I MUNICIPALIDAD DE COPIAPO,69.030.200-4,Municipios,Región Metropolitana de Santiago,1,1,70,105,16481986058,667,220,220,1070040810,31,968447126,2922,37729601.0
1480923,UNIVERSIDAD DE AYSEN,61.980.520-8,Universidades,Región de Antofagasta,1,1,46,47,16425755917,159,138,138,234035069,27,186873896,641,2194866.0
132199,I MUNICIPALIDAD DE ZAPALLAR,69.050.400-6,Municipios,,1,1,23,446,16274428713,226,204,204,992038248,14,992038248,1032,9203340.0
6945,DIRECCION DE COMPRAS Y CONTRATACION PUBLICA,60.808.000-7,Gobierno Central,Región de Antofagasta,1,1,16,152,16166969570,17,5,5,97287537,5,97287537,96,4811760.0
114725,I MUNICIPALIDAD DE LA UNION,69.200.800-6,Municipios,Región de Los Ríos,1,1,55,133,16096660000,671,447,447,833779954,16,833779954,2411,7609302.0
100158,I MUNICIPALIDAD DE SAN FELIPE,69.050.600-9,Municipios,Región de Valparaíso,1,1,88,306,15955282826,330,320,320,646351541,8,641958416,1303,6206211.0
7227,SUBSECRETARIA DE RELACIONES EXTERIORES,60.601.000-1,Gobierno Central,Región de Antofagasta,1,1,125,227,15558436739,40,27,26,147654733,18,136718824,161,10580957.0
84149,MUNICIPALIDAD DE PUDAHUEL,69.071.100-1,Municipios,Región de Valparaíso,1,1,10,2125,15443413897,150,32,32,95769255,6,95769255,620,12834739.0
87382,I MUNICIPALIDAD DE CONCEPCION,69.256.900-8,Municipios,Región del Biobío,1,1,160,330,15350523956,445,205,205,829536188,41,811192871,1937,13071147.0
1076658,HOSPITAL METROPOLITANO DE SANTIAGO,61.979.450-8,Salud,Región Metropolitana de Santiago,1,1,9,52,15133776000,257,232,232,1866910628,8,1866910628,1267,11222197.0
1109551,CORP MUNICIPAL DE SERVICIOS PUBLICOS TRASPASADOS DE RANCAGUA,71.014.200-9,Municipios,Región Metropolitana de Santiago,1,1,6,175,15116250900,777,724,724,1261998285,5,1261998285,2207,9332328.0
1214332,SERV NAC SALUD HOSPITAL DE LOS ANDES,61.602.036-6,Salud,Región de Valparaíso,1,1,1,98,14991568992,596,546,542,1619343956,1,1619343956,3747,10444002.0
116399,I MUNICIPALIDAD DE VICTORIA,69.180.900-5,Municipios,Región de la Araucanía,1,1,262,310,14988077047,586,565,297,740520345,87,710504468,2343,10690786.0
112924,I MUNICIPALIDAD DE MONTEPATRIA,69.040.800-7,Municipios,Región de Atacama,1,1,4,139,14945349262,352,67,67,166795213,2,166795213,1500,10928414.0
86580,I MUNICIPALIDAD DE PUNTA ARENAS,69.250.200-0,Municipios,Región de Magallanes y de la Antártica,1,1,285,1398,14779236663,243,122,122,645712103,42,640430798,1044,7770730.0
6968,SERVICIO DE VIVIENDA Y URBANIZACION V REGION,61.817.000-4,Obras Públicas y Minvu,Región de los Lagos,1,1,30,30,14761331000,84,1,1,26000001,1,24000000,292,28919792.0
1812426,CORP MUNICIPAL DE DESARROLLO SOCIAL DE NUNOA,70.932.800-K,Municipios,Región Metropolitana de Santiago,1,1,9,976,14677869067,154,93,91,511185465,5,511185465,614,5835938.0
7016,COMISION PARA EL MERCADO FINANCIERO,60.810.000-8,Gobierno Central,Región Metropolitana de Santiago,1,1,38,220,14624305719,25,21,21,486566318,15,486566318,138,1467122.0
7456,SERVICIO DE SALUD OCCIDENTE INSTITUTO TRAUMATOLOGICO DE SANTIAGO,61.608.203-5,Salud,Región Metropolitana de Santiago,1,1,5,1135,14612735609,441,45,45,252490672,1,252490672,2053,12763172.0
84300,ILUSTRE MUNICIPALIDAD DE MACUL,69.253.700-9,Municipios,Región Metropolitana de Santiago,1,1,27,744,14562303224,147,59,59,98018834,17,98018834,661,6356630.0
6977,SERVICIO DE VIVIENDA Y URBANIZACION VI REGION,61.818.000-K,Obras Públicas y Minvu,Región Metropolitana de Santiago,1,1,3,31,14554953541,47,30,9,26414885,2,26414885,145,797634.0
117579,I MUNICIPALIDAD DE SIERRA GORDA,69.253.200-7,Municipios,Región de Tarapacá,1,1,4,189,14512961128,55,47,47,414846791,4,414846791,271,8233502.0
7045,SERVICIO DE SALUD NORTE HOSPITAL ROBERTO DEL RIO,61.608.004-0,Salud,Región Aysén del General Carlos Ibáñez del Campo,1,1,33,230,14286947000,727,727,714,4152956420,28,3968916044,3517,19765415.0
7146,I MUNICIPALIDAD DE COIHUECO,69.141.100-1,Municipios,Región de Magallanes y de la Antártica,1,1,128,372,14260895579,327,325,324,1687636526,51,1671451211,1215,7641670.0
7066,I MUNICIPALIDAD DE EL TABO,69.073.700-0,Municipios,Región de la Araucanía,1,1,170,174,14207122535,196,170,170,904643895,60,850640802,701,5594388.0
7254,UNIVERSIDAD ARTURO PRAT,70.777.500-9,Universidades,Región Metropolitana de Santiago,1,1,1,50,14201568729,403,314,314,716810635,1,716810635,1778,8532855.0
1122214,Corporación de Educación y Salud de Las Condes,70.902.000-5,Municipios,Región Metropolitana de Santiago,1,1,1,68,13985634130,234,205,205,2316011806,1,2316011806,910,8260923.0
100739,Municipalidad de Huechuraba,69.255.400-0,Municipios,Región Metropolitana de Santiago,1,1,135,601,13866880801,411,217,213,1526497994,48,1506058447,1584,20873102.0
86664,I.MUNICIPALIDAD DE CERRO NAVIA,69.254.200-2,Municipios,Región Metropolitana de Santiago,1,1,229,297,13805360150,146,92,91,2285917944,6,2021629044,639,8616870.0
7289,SERVICIO NACIONAL ARAUCANIA SUR HOSPITAL DR ABRAHAM GODOY PENA LAUTARO,61.602.236-9,Salud,Región de los Lagos,1,1,8,65,13785414999,391,82,82,781692491,7,781692491,1585,9408912.0
7231,CONTRALORIA GENERAL DE LA REPUBLICA,60.400.000-9,Gobierno Central,Región de la Araucanía,1,1,7,319,13738042266,181,60,60,901323220,6,901323220,809,7934029.0
7412,HOSPITAL PROVINCIAL   DEL HUASCO MSR FERNANDO ARIZTIA RUIZ,61.606.303-0,Salud,Región de Antofagasta,1,1,42,3716,13593649138,808,372,372,1104019700,21,1104019700,3628,9139956.0
7153,SERVICIO SALUD VINA DEL MAR QUILLOTA,61.606.613-7,Salud,Región Metropolitana de Santiago,1,1,26,1951,13530441721,261,147,138,610920549,11,610920549,1057,16792481.0
1329930,SUBSECRETARIA DE EVALUACION SOCIAL,61.980.240-3,Gobierno Central,Región de Atacama,1,1,18,190,13521957247,76,40,40,429465702,9,429465702,225,7889452.0
7105,CORP MUNICIPAL DE EDUC SALUD CULTURA Y RECREACION DE LA FLORIDA,70.933.700-9,Municipios,Región Metropolitana de Santiago,1,1,1,64,13511370000,111,107,100,1962090281,1,1962090281,502,18742563.0
116401,I MUNICIPALIDAD DE LOS VILOS,69.041.500-3,Municipios,Región de Coquimbo,1,1,29,323,13351790496,248,39,38,142572642,11,142572642,1016,7488087.0
1934667,HOSPITAL DE ALTO HOSPICIO,65.228.694-1,Salud,Región de Tarapacá,1,1,122,131,13194625364,346,175,175,1182042694,53,1170452018,1472,7847786.0
7311,SERVICIO DE SALUD SUR HOSPITAL LUCIO CORDOVA,61.608.104-7,Salud,Región Metropolitana de Santiago,1,1,36,1553,13187548675,222,171,136,777450567,17,745896567,1031,6090561.0
7482,I MUNICIPALIDAD DE SAN FERNANDO,69.090.100-5,Municipios,Región Metropolitana de Santiago,1,1,71,71,13165113586,132,103,103,496376989,31,494590039,512,3773997.0
116741,I MUNICIPALIDAD DE EL MONTE,69.073.000-6,Municipios,Región de Valparaíso,1,1,4,172,12921071044,103,46,46,120596377,3,120596377,774,3088584.0
115303,I MUNICIPALIDAD DE VICUNA,69.040.500-8,Municipios,Región de Coquimbo,1,1,36,114,12851406000,297,143,143,769566310,21,767632960,1104,7042125.0
7401,HOSPITAL INTERCULTURAL KALLVU LLANKA.-,61.602.213-k,Salud,Región del Libertador General Bernardo O´Higgins,1,1,45,48,12823095320,370,322,320,951788768,27,938328196,1554,4990162.0
7481,SERVICIO NACIONAL DE SALUD HOSPITAL DE LOTA,61.602.203-2,Salud,Región del Biobío,1,1,22,115,12802463244,797,624,381,855131317,18,855131317,3180,6840118.0
1801848,CORP MUNICIPAL DE DESARROLLO SOCIAL DE PUDAHUEL,70.835.200-4,Municipios,Región Metropolitana de Santiago,1,1,38,85,12774200000,442,388,388,1249367734,25,1237595874,1866,7489890.0
7183,CORP NACIONAL DE DESARROLLO INDIGENA,72.396.000-2,Gobierno Central,Región de Antofagasta,1,1,306,382,12724765416,201,103,103,1399494908,71,1382380028,652,12718804.0
135562,ILUSTRE MUNICIPALIDAD DE QUILLON,69.141.400-0,Municipios,Región Metropolitana de Santiago,1,1,16,255,12635501620,358,106,106,513604449,12,513604449,1461,6459494.0
120001,I MUNICIPALIDAD DE MARIQUINA,69.200.400-0,Municipios,Región de Los Ríos,1,1,3,210,12619689045,297,272,269,605242575,2,605242575,1204,5528766.0
117406,I MUNICIPALIDAD DE PADRE HURTADO,69.261.400-3,Municipios,Región de la Araucanía,1,1,385,2178,12503720923,195,160,159,1129620419,93,1123196464,1051,9493026.0
6952;7087,GOBIERNO REGIONAL XII REGION MAGALLANES Y ANTARTICA CHILENA,72.229.800-4,Gobierno Central,Región Metropolitana de Santiago,1,1,48,623,12399343091,382,187,186,1377618684,32,1377618684,1649,20688606.0
1034640,CORPORACION MUNICIPAL DE PENALOLEN PARA EL DESARROLO SOCIAL CORMUP,71.234.100-9,Municipios,Región Metropolitana de Santiago,1,1,3,144,12235507045,101,48,48,286511385,3,286511385,507,12368752.0
7205,SERVICIO DE SALUD CONCEPCION,61.607.100-9,Salud,Región del Biobío,1,1,4,122,12172456615,322,296,294,6614293422,4,6614293422,897,29714257.0
1803800,CORP MUNICIPAL DE DESARROLLO SOCIAL DE LAMPA,70.954.200-1,Municipios,Región del Maule,1,1,5,153,12156440002,109,106,106,857244131,5,857244131,528,7813680.0
1890653,SERVICIO LOCAL DE EDUCACIÓN PÚBLICA DE VALDIVIA,61.981.110-0,Gobierno Central,Región de Los Ríos,1,1,57,57,12082400000,527,376,375,773712066,32,773637517,2211,11626334.0
1803791,Corporación Municipal de Lo Prado,71.265.200-4,Municipios,Región Metropolitana de Santiago,1,1,162,163,12063215950,208,34,34,501901692,10,471636940,969,6159674.0
111124,I MUNICIPALIDAD DE ALHUE,69.073.200-9,Municipios,Región Metropolitana de Santiago,1,1,12,457,12023565894,127,33,33,262985753,7,262985753,601,6458119.0
6943,SUBSECRETARIA DEL MINISTERIO DE HACIENDA,60.801.000-9,Gobierno Central,Región de Antofagasta,1,1,58,182,11980522179,73,41,41,155969835,11,155969835,331,6193727.0
6926,SERVICIO DE SALUD DE ARICA Y PARINACOTA,61.606.000-7,Salud,Región de Coquimbo,1,1,40,185,11964416548,321,294,245,1160338549,25,1122418312,1282,4965503.0
135561,I MUNICIPALIDAD DE NACIMIENTO,69.170.701-6,Municipios,Región del Maule,1,1,183,913,11957009387,187,151,149,889540315,62,850319424,820,5563864.0
1972213,SERVICIO LOCAL DE EDUCACIÓN PÚBLICA DE LOS ÁLAMOS,61.981.320-0,Gobierno Central,Región del Maule,1,1,6,188,11892571276,524,359,359,359259148,6,359259148,1101,8491026.0
130585,UNIVERSIDAD DE ANTOFAGASTA,70.791.800-4,Universidades,Región de Atacama,1,1,2,17,11880991700,373,271,271,1332879541,2,1332879541,1392,9222073.0
118625,I MUNICIPALIDAD DE NAVIDAD,69.073.800-7,Municipios,Región del Libertador General Bernardo O´Higgins,1,1,68,198,11807191966,167,167,167,844092966,35,622732045,536,2949304.0
120004,I MUNICIPALIDAD DE YUMBEL,69.150.900-1,Municipios,Región Metropolitana de Santiago,1,1,557,845,11780151214,161,156,153,1095294087,99,1089283722,737,6343937.0
100156,I MUNICIPALIDAD DE ANGOL,69.180.100-4,Municipios,Región del Maule,1,1,15,255,11764070568,371,333,333,1457231151,11,1457231151,1225,10932694.0
113981,I MUNICIPALIDAD DE SANTO DOMINGO,69.073.500-8,Municipios,Región de Valparaíso,1,1,3,155,11727934986,288,256,256,1485005636,3,1485005636,1244,9639063.0
1820898,CORP MUNICIPAL DE RENCA,70.931.100-K,Municipios,Región Metropolitana de Santiago,1,1,6,113,11665728690,45,43,42,255459086,5,255459086,391,6643608.0
84961,ILUSTRE MUNICIPALIDAD DE MOLINA,60.903.201-4,Municipios,Región del Maule,1,1,101,652,11592332001,509,286,286,335340450,42,335340450,1896,9387625.0
100555,I MUNICIPALIDAD DE RENGO,69.081.200-2,Municipios,Región Metropolitana de Santiago,1,1,3,141,11589148000,373,358,358,1450537413,3,1450537413,1682,7383486.0
7051,I MUNICIPALIDAD DE NINHUE,69.140.301-7,Municipios,Región del Biobío,1,1,66,166,11577063380,236,128,128,133376088,13,133376088,1096,2719372.0
6952,SERVICIO NACIONAL DE ADUANAS,60.804.000-5,Gobierno Central,Región de Antofagasta,1,1,35,559,11572172291,316,133,132,1309494162,24,1309494162,1358,18802268.0
1959820,SERVICIO LOCAL DE EDUCACIÓN PÚBLICA ACONCAGUA,61.981.280-8,Gobierno Central,Región de Valparaíso,1,1,2,126,11526199199,62,1,1,597275,1,597275,248,4262836.0
7288,SERVICIO SALUD ARAUCANIA NORTE HOSPITAL VICTORIA,61.602.229-6,Salud,Región de la Araucanía,1,1,100,100,11507027932,888,883,881,2425612647,70,2411825893,4129,10665546.0
86586,I MUNICIPALIDAD DE TALCAHUANO,69.150.800-5,Municipios,Región del Biobío,1,1,8,168,11499501071,330,145,145,600061510,4,600061510,1262,32775512.0
116405,I MUNICIPALIDAD DE LAJA,69.170.300-2,Municipios,Región del Biobío,1,1,297,304,11464159023,303,198,172,779343520,66,736438828,1046,5061245.0
100488,I MUNICIPALIDAD DE LA CISTERNA,69.072.000-0,Municipios,Región Metropolitana de Santiago,1,1,19,475,11396752623,210,109,109,675371458,14,675371458,998,5822993.0
102316,I MUNICIPALIDAD DE CONSTITUCION,69.120.100-7,Municipios,Región del Maule,1,1,5,397,11194163536,210,129,129,912507263,1,912507263,977,7124238.0
119488,I MUNICIPALIDAD DE CANETE,69.160.500-0,Municipios,Región del Biobío,1,1,127,276,11165894689,446,382,382,834449539,66,764095522,1598,10137518.0
100090,I MUNICIPALIDAD DE BUIN,69.072.500-2,Municipios,Región Metropolitana de Santiago,1,1,12,493,11096996504,158,127,127,1187649662,9,1187649662,625,6694925.0
7366,I MUNICIPALIDAD DE LA REINA,69.070.600-8,Municipios,Región Metropolitana de Santiago,1,1,90,90,10878804365,72,72,71,101622767,34,101622767,319,4726653.0
1675210,SERVICIO LOCAL DE EDUCACION DE CHINCHORRO,62.000.660-2,Gobierno Central,Región de Tarapacá,1,1,2,78,10677978308,239,235,235,981031115,2,981031115,984,7248540.0
1723291,SERVICIO LOCAL DE EDUCACION PÚBLICA DE ATACAMA,62.000.810-9,Gobierno Central,Región Metropolitana de Santiago,1,1,47,56,10627984683,77,32,32,410039287,16,410039287,555,10364621.0
129738,I MUNICIPALIDAD DE CUNCO,69.191.000-8,Municipios,Región de Tarapacá,1,1,26,858,10429283979,166,114,114,198113277,13,191921107,764,5312676.0
7013,GOBIERNO REGIONAL DE LA ARAUCANIA,72.201.100-7,Gobierno Central,Región del Biobío,1,1,27,219,10393327523,44,22,22,87087667,9,87087667,123,710483.0
86518,I MUNICIPALIDAD DE LO ESPEJO,69.255.100-1,Municipios,Región de Valparaíso,1,1,2,445,10372761304,132,99,98,525394529,2,525394529,569,7852224.0
7136,CENTRO DE REFERENCIA DE SALUD DE PENALOLEN CORDILLERA ORIENTE,61.953.200-7,Salud,Región Metropolitana de Santiago,1,1,92,616,10343962212,647,429,63,375841242,25,354706842,3068,7195867.0
128889,I MUNICIPALIDAD DE SAN FABIAN,69.140.700-4,Municipios,Región Metropolitana de Santiago,1,1,5,141,10315329615,114,96,96,102765433,4,102765433,508,847460.0
7184,SERVICIO NACIONAL DE LA DISCAPACIDAD,72.576.700-5,Gobierno Central,Región de Antofagasta,1,1,5,109,10304132605,84,78,78,1486547530,3,1486547530,416,4746211.0
114395,I MUNICIPALIDAD DE TUCAPEL,69.141.800-6,Municipios,Región del Biobío,1,1,3,112,10302858844,251,169,169,407010186,3,407010186,965,3948625.0
116409,I MUNICIPALIDAD DE SAN IGNACIO,69.141.300-4,Municipios,Región Metropolitana de Santiago,1,1,86,405,10264200974,218,182,182,356463093,47,349412460,705,2240381.0
118084,I MUNICIPALIDAD DE VILLARRICA,69.191.500-K,Municipios,Región de Coquimbo,1,1,79,800,10211828270,462,383,381,785933585,41,784724381,1771,6854036.0
7446,SERVICIO SALUD TALCAHUANO HOSPITAL PENCO-LIRQUEN,61.602.198-2,Salud,Región del Biobío,1,1,36,891,10078302004,467,401,398,1152489339,28,1152489339,2220,7363646.0
7210,SERVICIO NACIONAL DE GEOLOGIA Y MINERIA,61.702.000-9,Gobierno Central,Región Metropolitana de Santiago,1,1,2,86,9968553116,217,201,201,1418943265,2,1418943265,696,3868411.0
116221,ILUSTRE MUNICIPALIDAD DE CHILLAN VIEJO,69.266.500-7,Municipios,Región Metropolitana de Santiago,1,1,41,146,9925825382,368,353,353,4606035375,34,3375992069,1423,13342849.0
117179,ILUSTRE MUNICIPALIDAD DE PICHILEMU,69.091.201-5,Municipios,Región Metropolitana de Santiago,1,1,105,688,9826112096,715,567,567,2171245629,37,1459091290,2274,7056303.0
7017,SERVICIO NACIONAL DE MENORES,61.008.000-6,Gobierno Central,Región Metropolitana de Santiago,1,1,253,443,9719410007,0,0,0,0,0,0,1,67014.0
7315,SERVICIO DE SALUD TALCAHUANO HOSPITAL DE,61.607.201-3,Salud,Región del Biobío,1,1,17,2248,9707218988,346,222,221,1806527512,14,1728022360,1739,8659770.0
116226,I MUNICIPALIDAD DE SAN ESTEBAN,69.051.400-1,Municipios,Región de Valparaíso,1,1,2,204,9700456685,137,99,99,635071960,2,635071960,784,3499394.0
125602,I MUNICIPALIDAD DE CURACAVI,69.073.900-3,Municipios,Región de Valparaíso,1,1,42,676,9690821976,226,86,86,171096209,20,171096209,936,4234126.0
6939,SUBSECRETARIA DEL TRABAJO,61.501.000-6,Gobierno Central,Región de Tarapacá,1,1,145,170,9669764387,32,25,24,209537324,15,209537324,161,4339685.0
84959,I MUNICIPALIDAD DE OSORNO,69.210.100-6,Municipios,Región del Maule,1,1,48,50,9633797505,679,195,195,376854783,30,376142146,2910,20700060.0
7398,SERVICIO DE SALUD ARAUCO HOSPITAL DE ARAUCO,61.602.209-1,Salud,Región del Biobío,1,1,34,34,9616923583,286,230,230,793577034,25,706281185,1260,6061854.0
7206,SERVICIO DE SALUD AYSEN CARLOS IBANEZ DEL CAMPO,61.607.800-3,Salud,Región de los Lagos,1,1,96,126,9564601518,174,52,52,578340573,24,357431600,708,38121061.0
1256896,SUBSECRETARIA DE PREVENCION DEL DELITO,61.980.140-7,Gobierno Central,Región de Tarapacá,1,1,12,214,9450057647,104,31,31,111561965,7,111561965,292,6565422.0
6981,SERVICIO DE VIVIENDA Y URBANIZACION X REGION,61.818.003-4,Obras Públicas y Minvu,Región de los Lagos,1,1,3,58,9392844131,51,38,37,84270317,3,84270317,186,3996742.0
1783361,SERVICIO NACIONAL DE MIGRACIONES,62.000.920-2,Gobierno Central,Región de Valparaíso,1,1,48,66,9379167897,234,231,231,1002947799,18,981169234,1076,5054642.0
7008,SERV NACIONAL DE PESCA,60.701.002-1,Gobierno Central,Región de Atacama,1,1,34,597,9359662900,234,132,132,590393205,26,590393205,1074,3596024.0
7440,SERVICIO DE SALUD HOSPITAL DE RENGO,61.602.140-0,Salud,Región del Maule,1,1,35,169,9276491512,438,436,436,1469847906,24,1469847906,1945,7922714.0
1820918,SERVICIO LOCAL DE EDUCACIÓN PÚBLICA MAULE COSTA,61.980.930-0,Gobierno Central,Región Metropolitana de Santiago,1,1,47,47,9268294000,220,198,198,986705379,31,982745669,1077,8800223.0
7044,INSTITUTO PSIQUIATRICO DR JOSE HORWITZ BARAK,61.608.003-2,Salud,Región Metropolitana de Santiago,1,1,14,74,9206059651,208,198,197,1405240948,11,1405240948,963,7485030.0
277559,UNIVERSIDAD DE LA FRONTERA,87.912.900-1,Universidades,Región de Atacama,1,1,89,992,9194468290,833,97,97,295287192,23,284466766,3055,8368235.0
7314,SERVICIO DE SALUD HOSPITAL DE SANTA CRUZ,61.602.148-6,Salud,Región Metropolitana de Santiago,1,1,11,47,9171987232,421,419,419,1456652361,11,1456652361,1777,7537688.0
278907,SERVICIO REGIONAL DE LA VIVIENDA Y URBAN,61.813.000-2,Obras Públicas y Minvu,Región de Arica y Parinacota,1,1,33,42,9170723604,18,1,1,225000000,1,225000000,83,5514289.0
257227,UNIVERSIDAD DE MAGALLANES,71.133.700-8,Universidades,Región de los Lagos,1,1,30,52,9146472604,339,334,334,582240039,20,582240039,1315,2931388.0
1593370,SERVICIO LOCAL DE EDUCACION LAS BARRANCAS,65.154.021-6,Gobierno Central,Región Metropolitana de Santiago,1,1,111,154,9128211648,38,10,10,756058117,10,756058117,128,4020115.0
1101613,CORP DE DESARROLLO SOCIAL DE PROVIDENCIA,69.070.301-7,Municipios,Región Metropolitana de Santiago,1,1,38,239,9109173658,105,31,31,452058499,13,405355629,515,5480228.0
119266,I MUNICIPALIDAD DE COLTAUCO,69.080.700-9,Municipios,Región Metropolitana de Santiago,1,1,345,2102,9067810020,201,169,161,1328692440,62,1217206445,900,5220391.0
115009,I MUNICIPALIDAD DE VILCUN,69.190.800-3,Municipios,Región de Valparaíso,1,1,44,864,9018024446,292,74,74,725946306,19,725946306,1158,5959083.0
174692,SENADO DE LA REPUBLICA,60.201.000-7,Poder Legislativo,Región Metropolitana de Santiago,1,1,14,221,8982242790,140,78,78,768869806,10,768869806,630,5767845.0
1648816,CENTRO ONCOLOGICO DEL NORTE,62.000.380-8,Salud,Región de Antofagasta,1,1,18,57,8959012766,108,90,90,1615261020,9,1551023520,513,6732526.0
7351,I MUNICIPALIDAD DE CAUQUENES,69.120.400-6,Municipios,Región del Maule,1,1,181,665,8926581330,327,243,243,580039708,63,560113033,1291,4974520.0
100318,I MUNICIPALIDAD DE SAN ANTONIO,69.073.400-1,Municipios,Región de Valparaíso,1,1,73,100,8827136000,318,135,135,489955144,30,489955144,1039,16706812.0
124195,ILUSTRE MUNICIPALIDAD DE COLBUN,69.130.500-7,Municipios,Región del Maule,1,1,2,98,8824749428,416,250,250,764385323,2,764385323,1688,6177202.0
127036,I MUNICIPALIDAD DE CURANILAHUE,60.903.250-2,Municipios,Región del Biobío,1,1,220,687,8813497750,403,345,341,730251462,67,716665074,1573,6556346.0
99569,I MUNICIPALIDAD DE CARTAGENA,69.073.600-4,Municipios,Región de Valparaíso,1,1,218,238,8812273087,130,1,1,153315564,1,153315564,493,4931281.0
1622793,SERVICIO LOCAL DE EDUCACIÓN PÚBLICA DE HUASCO,61.999.330-6,Gobierno Central,Región de Atacama,1,1,3,67,8704142312,148,144,144,1278361657,3,1278361657,493,7558562.0
1198788,SUBSECRETARIA DEL MEDIO AMBIENTE,61.979.930-5,Gobierno Central,Región de Antofagasta,1,1,137,477,8681508901,260,242,230,1055707808,65,1055607808,873,4056115.0
86545,I MUNICIPALIDAD DE LINARES,69.130.301-2,Municipios,Región de Valparaíso,1,1,2,81,8483585000,439,265,265,919313717,2,919313717,1503,9457316.0
98452,I MUNICIPALIDAD DE ANCUD,69.230.100-5,Municipios,Región Metropolitana de Santiago,1,1,42,126,8472792465,248,0,0,0,0,0,1066,2661885.0
7070,INSTITUTO DE FOMENTO PESQUERO,61.310.000-8,Gobierno Central,Región de Antofagasta,1,1,1,51,8470714673,284,284,284,1974413993,1,1974413993,1382,4988826.0
87373,I MUNICIPALIDAD DE LO PRADO,69.254.100-6,Municipios,Región de Valparaíso,1,1,21,169,8381794571,119,11,11,17974831,3,17974831,566,8250925.0
1854165,CORPORACION DE DESARROLLO SOCIAL DE BUIN,70.934.900-7,Municipios,Región Metropolitana de Santiago,1,1,21,150,8379029591,332,311,311,496853870,17,494870409,1079,3764540.0
86764,I MUNICIPALIDAD DE NUNOA,69.070.500-1,Municipios,Región de Coquimbo,1,1,103,123,8378993957,214,15,15,244257200,9,225515868,889,68080317.0
86407,I MUNICIPALIDAD DE SAN JAVIER,69.130.100-1,Municipios,Región del Maule,1,1,4,141,8363075028,322,311,311,1053074582,4,1032965468,1326,6606972.0
6931,INSTITUTO NACIONAL DE ESTADISTICAS,60.703.000-6,Gobierno Central,Región de Valparaíso,1,1,62,430,8292672706,308,107,107,299716752,27,299716752,1178,5270944.0
1741019,CENTRO DE FORMACIÓN TÉCNICA ESTATAL REGIÓN ARICA Y PARINACOTA,53.333.710-4,"Liceos, Institutos y CFT",Región Metropolitana de Santiago,1,1,6,6,8260000000,57,49,49,210932290,6,210932290,202,1825423.0
116411,I MUNICIPALIDAD DE PITRUFQUEN,69.191.300-7,Municipios,Región de la Araucanía,1,1,133,568,8255286083,287,265,265,845679588,62,556937756,1094,7878899.0
1593366,SERVICIO LOCAL DE EDUCACION DE PUERTO CORDILLERA,61.999.320-9,Gobierno Central,Región de Coquimbo,1,1,34,81,8095883034,37,24,24,2131660334,8,2007660334,213,8447801.0
1110112,"CORPORACION MUNICIPAL DE EDUCACION,SALUD,CULTURA Y ATENCION AL MENOR,",70.878.900-3,Municipios,Región de Valparaíso,1,1,3,93,8074371143,131,126,125,400023458,3,400023458,514,2013980.0
115297,ILUSTRE MINICIPALIDAD DE COMBARBALA,69.041.100-8,Municipios,Región de Coquimbo,1,1,106,321,8072679197,163,128,128,474286385,39,471299330,680,2627356.0
94458,I MUNICIPALIDAD DE CONCON,73.568.600-3,Municipios,Región de Valparaíso,1,1,33,527,8072395665,266,221,221,2034117730,17,1628701469,1076,6252573.0
7141,SERVICIO DE SALUD DEL MAULE,61.606.900-4,Salud,Región del Maule,1,1,22,676,8054009640,346,11,2,291012,2,291012,1278,14358656.0
7335,SERVICIO NACIONAL DE SALUD HOSPITAL DE PUERTO AYSEN,61.602.279-2,Salud,Región Aysén del General Carlos Ibáñez del Campo,1,1,29,98,8038252566,533,127,127,334387594,3,334387594,2428,7591566.0
7431,SERVICIO DE SALUD ACONCAGUA,61.606.700-1,Salud,Región de Valparaíso,1,1,24,547,8024262351,61,50,50,1886843247,13,1013184529,322,5259740.0
7355,I MUNICIPALIDAD DE SAN RAMON,69.253.900-1,Municipios,Región del Libertador General Bernardo O´Higgins,1,1,1,66,7989780000,314,270,268,385525062,1,385525062,1095,9060500.0
1717137,SERVICIO LOCAL DE EDUCACION PUBLICA DE LLANQUIHUE,62.000.800-1,Gobierno Central,Región de Valparaíso,1,1,17,74,7978846148,389,380,380,977082682,14,977082682,1299,4146066.0
135559,I MUNICIPALIDAD DE SAN VICENTE,69.081.000-k,Municipios,Región del Libertador General Bernardo O´Higgins,1,1,35,151,7892468089,337,216,216,427468803,22,427468803,1216,7298147.0
7294,I MUNICIPALIDAD DE ALGARROBO,69.061.600-9,Municipios,Región de Valparaíso,1,1,341,366,7822810920,191,160,160,764696982,74,662457571,823,7168101.0
1128653,CORPORACION MUNICIPAL VINA DEL MAR PARA EL DESARROLLO SOCIAL,70.872.300-2,Municipios,Región de Valparaíso,1,1,3,76,7797619974,236,202,202,448217081,3,448217081,1277,3219036.0
1232694,CORP MUNICIPAL DE SAN MIGUEL,70.962.500-4,Municipios,Región de Valparaíso,1,1,3,317,7781023188,50,46,46,150058054,3,150058054,225,2487502.0
7459,SERVICIO NACIONAL DE SALUD HOSPITAL DE P,61.602.121-4,Salud,Región Metropolitana de Santiago,1,1,13,91,7772288006,238,215,109,566139912,11,566139912,1204,4495344.0
115011,I MUNICIPALIDAD DE CALBUCO,65.321.890-7,Municipios,Región Metropolitana de Santiago,1,1,108,450,7769551798,626,475,475,597183129,78,596359258,2755,11914523.0
7308,SERVICIO DE SALUD BIO BIO,61.607.300-1,Salud,Región del Maule,1,1,34,36,7706765014,162,111,111,538564582,14,513967515,630,4757974.0
115164,I MUNICIPALIDAD DE ILLAPEL,69.041.200-4,Municipios,Región de Coquimbo,1,1,9,153,7601746670,327,224,224,414006927,7,414006927,1497,5903816.0
101002,MUNICIPALIDAD DE LOS ANDES,69.051.100-2,Municipios,Región de Coquimbo,1,1,80,128,7592111815,309,89,66,367959586,17,255283123,1360,5379196.0
86943,I MUNICIPALIDAD DE PUCON,69.191.600-6,Municipios,Región del Maule,1,1,44,81,7573956410,270,165,165,278898383,21,251917164,1100,4997301.0
118072,I MUNICIPALIDAD DE LLAY LLAY,69.060.400-0,Municipios,Región de Valparaíso,1,1,81,574,7540008298,40,38,38,759710270,26,759710270,302,3333110.0
1818178,Corporación Municipal de Desarrollo Social de Calama,70.954.900-6,Municipios,Región de Antofagasta,1,1,30,181,7508808310,35,27,26,481000406,12,469602562,194,3136313.0
112097,I MUNICIPALIDAD DE LA GRANJA,69.072.400-6,Municipios,Región de Valparaíso,1,1,12,95,7503947006,307,110,110,378443025,6,378443025,1321,7443217.0
1959836,SERVICIO LOCAL DE EDUCACIÓN PÚBLICA VALLE DIGUILLÍN,61.981.330-8,Gobierno Central,Región del Biobío,1,1,25,42,7500076058,429,407,407,1083613049,17,1068577733,1446,4803381.0
1309788,SUPERINTENDENCIA DE EDUCACION ESCOLAR,61.980.220-9,Gobierno Central,Región de Atacama,1,1,25,350,7448918981,114,46,46,94740485,15,94740485,387,2714376.0
7373,CENTRO REFERENCIAL DE SALUD DR SALVADOR ALLENDE GOSSENS,61.933.400-0,Salud,Región Metropolitana de Santiago,1,1,30,31,7422873000,227,213,213,410780594,18,410780594,1005,5211445.0
6947,SUBSECRETARIA DE SERVICIOS SOCIALES,60.103.003-9,Gobierno Central,Región del Biobío,1,1,189,374,7312379885,207,54,53,194882573,25,194440177,796,2551186.0
7310,SERVICIO DE SALUD MAGALLANES HOSPITAL DE PTO NATALES,61.607.904-2,Salud,Región Metropolitana de Santiago,1,1,13,112,7310311517,344,342,342,1088769041,12,1007324609,1838,5701951.0
99805,UNIVERSIDAD DEL BIO BIO,60.911.006-6,Universidades,Región Metropolitana de Santiago,1,1,13,13,7260063384,881,736,733,1644424171,11,1332152405,3254,8643277.0
116742,I MUNICIPALIDAD DE COELEMU,69.150.200-7,Municipios,Región del Biobío,1,1,87,165,7162414840,227,93,92,411017939,35,365244759,907,6331052.0
116215,I MUNICIPALIDAD DE REQUINOA,69.081.300-9,Municipios,Región del Libertador General Bernardo O´Higgins,1,1,99,346,7145548704,372,345,345,611206696,56,611206696,1343,6471840.0
1890635,SERVICIO LOCAL DE EDUCACIÓN PÚBLICA DE MARGA MARGA,61.981.050-3,Gobierno Central,Región Metropolitana de Santiago,1,1,75,75,7144701607,274,73,73,736503276,17,736503276,665,5957262.0
7256,SERVICIO DE SALUD DEL MAULE HOSPITAL DE CAUQUENES,61.606.913-6,Salud,Región Metropolitana de Santiago,1,1,69,255,7133837352,391,391,390,630491365,40,630491365,1519,2791573.0
88203,I MUNICIPALIDAD DE QUILLOTA,69.060.100-1,Municipios,Región de Valparaíso,1,1,4,78,7080308732,640,0,0,0,0,0,2657,8055132.0
113255,I MUNICIPALIDAD DE LA CRUZ,69.060.200-8,Municipios,Región de Valparaíso,1,1,161,175,7055498075,218,71,71,113222428,34,104864475,895,6818207.0
138454,I MUNICIPALIDAD DE QUINTERO,69.060.700-k,Municipios,Región de Valparaíso,1,1,2,54,7052908000,244,38,38,545291003,2,545291003,897,11142459.0
113614,I MUNICIPALIDAD DE CASABLANCA,69.061.400-6,Municipios,Región de Valparaíso,1,1,168,431,6961128012,133,106,106,340680049,46,339615921,512,8862513.0
98280,I MUNICIPALIDAD DE PUTAENDO,69.050.700-5,Municipios,Región de Valparaíso,1,1,3,76,6960096151,122,61,61,257466981,3,257466981,666,3616015.0
1975701,SERVICIO LOCAL DE EDUCACIÓN PÚBLICA DE CHILOÉ,61.981.360-K,Gobierno Central,Región Metropolitana de Santiago,1,1,33,33,6952997520,103,38,38,272539494,12,272539494,721,12900026.0
1717135,SERVICIO LOCAL DE EDUCACION PUBLICA DE COLCHAGUA,62.000.790-0,Gobierno Central,Región del Libertador General Bernardo O´Higgins,1,1,2,102,6942454161,43,38,38,1620700040,2,1620700040,260,4231805.0
118070,I MUNICIPALIDAD DE MAULE,69.110.900-3,Municipios,Región Metropolitana de Santiago,1,1,27,345,6929975000,274,63,63,691964953,15,691964953,1059,9207297.0
7332,SERVICIO NACIONAL DE SALUD HOSPITAL DE CORONEL,61.602.201-6,Salud,Región del Biobío,1,1,47,50,6852704973,597,333,333,674213095,30,674174501,2478,5429940.0
118619,I MUNICIPALIDAD DE PERALILLO,69.091.500-6,Municipios,Región del Libertador General Bernardo O´Higgins,1,1,163,707,6852268852,149,146,146,475293161,64,464842309,698,3615251.0
1820891,CORP MUNICIPAL DE PUNTA ARENAS PARA LA EDUCACION SALUD Y AT AL MENOR,70.931.900-0,Municipios,Región de Magallanes y de la Antártica,1,1,29,71,6811459997,108,86,86,182660659,17,182660659,471,3172358.0
119994,I MUNICIPALIDAD DE LONQUIMAY,69.181.100-k,Municipios,Región Metropolitana de Santiago,1,1,373,3555,6807255123,334,173,173,23313776978,93,322484891,1383,3402936.0
1971699,ASOCIACION DE MUNICIPALIDADES PARA LA SEGURIDAD CIUDADANA EN LA ZONA ORIENTE,65.118.035-K,Municipios,,1,1,1,92,6735136582,171,53,53,331449810,1,331449810,723,3825820.0
1890618,SERVICIO LOCAL DE EDUCACIÓN PÚBLICA DE COSTA CENTRAL,61.981.120-8,Gobierno Central,Región de Valparaíso,1,1,28,32,6699999000,54,49,49,2779057794,11,2322734758,181,5601087.0
1890597,SERVICIO LOCAL DE EDUCACIÓN PÚBLICA DE ANDALIÉN COSTA,61.981.100-3,Gobierno Central,Región del Biobío,1,1,39,46,6690507035,204,156,156,1419015346,26,1308830777,642,5145340.0
1674056,DIRECCION GENERAL DE PROMOCION DE EXPORTACIONES,62.000.680-7,Gobierno Central,Región de Atacama,1,1,99,227,6673990012,98,22,22,40901219,12,40901219,367,1795279.0
118075,I MUNICIPALIDAD PAIHUANO,69.040.600-4,Municipios,Región Metropolitana de Santiago,1,1,4,131,6634392272,141,0,0,0,0,0,552,1534571.0
118621,I MUNICIPALIDAD DE PICHIDEGUA,69.081.100-6,Municipios,Región de Valparaíso,1,1,4,667,6633439857,106,85,85,247619281,4,247619281,485,4442954.0
7048,SERVICIO SALUD ARAUCANIA SUR HOSPITAL PITRUFQUEN,61.602.238-5,Salud,Región de la Araucanía,1,1,14,93,6581023788,594,583,577,2422046510,13,2414565857,2120,10077839.0
116296,I MUNICIPALIDAD DE LAS CABRAS,69.080.800-5,Municipios,Región del Libertador General Bernardo O´Higgins,1,1,262,392,6491871318,227,190,180,299329501,58,290849420,805,4932624.0
1622818,SERVICIO LOCAL DE EDUCACION COSTA ARAUCANIA,65.154.272-3,Gobierno Central,Región de Valparaíso,1,1,83,104,6405537384,495,487,487,1310379404,32,1310379404,1207,7531046.0
1959828,SERVICIO LOCAL DE EDUCACIÓN PÚBLICA LOS ANDES,61.981.290-5,Gobierno Central,Región de Valparaíso,1,1,4,105,6403688934,33,21,21,57192991,4,57192991,157,2645183.0
6941,MINISTERIO DE BIENES NACIONALES,61.402.000-8,Gobierno Central,Región de Antofagasta,1,1,434,456,6350578018,273,43,43,244805614,37,173946018,1013,7333824.0
6927,DIRECCION PREVISION DE CARABINEROS DE CHILE,61.513.000-1,Gobierno Central,Región de Tarapacá,1,1,2,157,6300392994,78,53,52,235250186,2,235250186,297,5242079.0
113853,I MUNICIPALIDAD DE COLLIPULLI,69.180.500-k,Municipios,Región de la Araucanía,1,1,128,867,6230733871,333,256,256,599043800,73,591660104,1271,3904288.0
141881,I.MUNICIPALIDAD DE ROMERAL,69.100.200-4,Municipios,Región Metropolitana de Santiago,1,1,80,1002,6221950687,176,171,171,383368804,53,382906655,859,3256643.0
1959833,SERVICIO LOCAL DE EDUCACIÓN PÚBLICA SANTIAGO CENTRO,61.981.300-6,Gobierno Central,Región Metropolitana de Santiago,1,1,2,76,6215323426,59,8,8,48993745,1,48993745,206,5391102.0
103916,UNIVERSIDAD DE ATACAMA,71.236.700-8,Universidades,Región Metropolitana de Santiago,1,1,34,81,6207017261,531,38,0,0,0,0,2100,4646239.0
100049,I MUNICIPALIDAD DE AYSEN,69.240.100-K,Municipios,Región del Libertador General Bernardo O´Higgins,1,1,14,124,6131567000,228,151,151,390247230,13,390247230,967,9131469.0
1890637,SERVICIO LOCAL DE EDUCACIÓN PÚBLICA SANTA CORINA,61.981.080-5,Gobierno Central,Región Metropolitana de Santiago,1,1,2,41,6108954563,214,22,22,152412871,2,152412871,806,6134480.0
7498,I MUNICIPALIDAD DE SAN MIGUEL,69.070.800-0,Municipios,Región Metropolitana de Santiago,1,1,334,334,6071139606,73,43,43,217417100,36,214088875,424,3906334.0
7223,GOBIERNO REGIONAL VII REGION,72.227.000-2,Gobierno Central,Región del Maule,1,1,2,80,6052100244,49,40,40,960381304,2,960381304,213,6014525.0
164268,UNIVERSIDAD METROPOLITANA DE CIENCIAS DE LA EDUCACION,60.910.047-8,Universidades,Región de Coquimbo,1,1,53,412,6021581155,99,60,60,577024898,24,577024898,315,2663080.0
7029,SERVICIO SALUD METROPOLITANO OCCIDENTE,61.608.200-0,Salud,Región de Valparaíso,1,1,11,459,6016407410,140,4,4,964376,3,964376,627,16947417.0
1820915,Servicio Local de Educación Pública Punilla Cordillera,61.980.940-8,Gobierno Central,Región Metropolitana de Santiago,1,1,2,85,5997698396,356,341,318,464540583,2,464540583,1612,6201514.0
115186,I MUNICIPALIDAD DE CARAHUE,69.190.500-4,Municipios,Región de la Araucanía,1,1,113,545,5970288672,199,165,165,1257201442,34,1216363618,877,5898230.0
124203,Ilustre Municipalidad de Galvarino,69.190.200-5,Municipios,Región de la Araucanía,1,1,82,688,5945714314,187,152,150,650981625,21,650981625,711,3568961.0
7209,DIRECCION GENERAL DEL CREDITO PRENDARIO,61.504.000-2,Gobierno Central,Región de Valparaíso,1,1,13,154,5937637694,45,43,38,160884263,8,160884263,192,1295474.0
7114,SUPERINTENDENCIA DE SEGURIDAD SOCIAL,61.509.000-k,Gobierno Central,Región del Biobío,1,1,1,37,5928263799,34,31,31,1667214510,1,1667214510,114,2362430.0
120788,I MUNICIPALIDAD DE LONGAVI,69.130.600-3,Municipios,Región Metropolitana de Santiago,1,1,2,89,5915056000,277,250,250,762152888,2,762152888,1133,6156883.0
116750,I MUNICIPALIDAD DE NANCAGUA,69.090.400-4,Municipios,Región del Libertador General Bernardo O´Higgins,1,1,77,266,5902194377,165,92,92,448423983,33,448423983,798,3858563.0
113978,I MUNICIPALIDAD DE PELLUHUE,69.252.700-3,Municipios,Región del Maule,1,1,506,620,5888225902,89,46,46,2306571033,39,787514072,752,7333345.0
1129189,COMISION DEL SISTEMA NACIONAL DE CERTIFICACION DE COMPETENCIAS LABORALES,61.979.610-1,Gobierno Central,Región de Antofagasta,1,1,67,67,5885938040,64,1,1,18925760,1,16000000,176,5854142.0
1959829,SERVICIO LOCAL DE EDUCACIÓN PÚBLICA LOS PARQUES,61.981.260-3,Gobierno Central,Región Metropolitana de Santiago,1,1,5,45,5845381971,32,25,25,796002629,4,796002629,142,5792417.0
118860,I MUNICIPALIDAD DE SANTA BARBARA,69.170.200-6,Municipios,Región de Valparaíso,1,1,182,816,5841052040,247,226,226,246122820,44,188102961,787,1341771.0
7317,CENTRO DE REFERENCIA DE SALUD DE MAIPU,65.061.030-k,Salud,Región Metropolitana de Santiago,1,1,57,57,5820556598,144,124,124,830074936,34,830074936,686,5028891.0
1033466,CORPORACION MUNICIPAL DE EDUCACION Y SALUD DE SAN BERNARDO,70.925.500-2,Municipios,Región Metropolitana de Santiago,1,1,1,22,5770244191,48,39,39,347807226,1,347807226,266,5301431.0
1890619,SERVICIO LOCAL DE EDUCACIÓN PÚBLICA DEL PINO,61.981.090-2,Gobierno Central,Región Metropolitana de Santiago,1,1,2,51,5757143711,61,23,23,164669200,1,164669200,287,7369167.0
7230,Servicio Nacional del Consumidor - SERNAC,60.702.000-0,Gobierno Central,Región de Antofagasta,1,1,69,69,5701222647,23,15,15,46296811,9,46296811,133,793978.0
1801813,CORP MUNICIPAL DE CONCHALI DE EDUCACION SALUD Y ATENCION DE MENORES,70.878.100-2,Municipios,Región Metropolitana de Santiago,1,1,49,73,5689298224,54,54,54,673983047,23,668760929,253,4175774.0
1820911,Servicio Local de Educación Pública Magallanes,61.980.960-2,Gobierno Central,Región de Magallanes y de la Antártica,1,1,81,81,5632000160,324,308,308,565345032,34,512639050,1587,3569812.0
7186,COMISION NACIONAL DE RIEGO,60.718.000-8,Gobierno Central,Región de Antofagasta,1,1,5,65,5611451869,47,31,31,21045464,4,21045464,240,847169.0
1890625,SERVICIO LOCAL DE EDUCACIÓN PÚBLICA DEL ELQUI,61.981.040-6,Gobierno Central,Región de Coquimbo,1,1,52,52,5554504039,99,90,90,463991094,26,428829225,416,6225080.0
1620745,CENTRO DE FORMACION TECNICA DE LA REGION DE TARAPACA,65.154.398-3,"Liceos, Institutos y CFT",Región de Tarapacá,1,1,6,63,5535389814,43,41,41,183516952,5,183516952,282,865926.0
1820914,Servicio Local de Educación Pública Aysén,61.980.950-5,Gobierno Central,Región Aysén del General Carlos Ibáñez del Campo,1,1,4,58,5528878000,411,386,385,831329962,4,831329962,1555,6767391.0
1820906,Servicio Local de Educación Pública Iquique,61.980.910-6,Gobierno Central,Región Metropolitana de Santiago,1,1,25,25,5489467260,78,33,33,413893512,13,413893512,426,6984810.0
118089,I MUNICIPALIDAD DE FREIRE,69.190.900-K,Municipios,Región de la Araucanía,1,1,194,472,5454453984,213,153,153,812400907,60,811695391,663,3968091.0
1999048,CORP MUNICIPAL DE DESARROLLO SOCIAL DE IQUIQUE,70.938.800-2,Municipios,Región de Tarapacá,1,1,23,50,5451000000,139,43,43,676571232,10,676571232,578,4579041.0
115165,I MUNICIPALIDAD DE DALCAHUE,69.230.300-8,Municipios,Región de los Lagos,1,1,141,903,5400270786,704,622,622,532944236,66,504986637,3037,11600396.0
6940,GOBIERNO REGIONAL IV REGION COQUIMBO,72.225.700-6,Gobierno Central,Región de la Araucanía,1,1,12,149,5370444509,60,36,36,761148806,7,761148806,189,2567251.0
130972,UNIVERSIDAD DE PLAYA ANCHA DE CIENCIAS DE LA EDUCACION,70.754.700-6,Universidades,Región de Valparaíso,1,1,58,58,5354000000,185,180,180,629647212,31,615623219,785,2437254.0
1890634,SERVICIO LOCAL DE EDUCACIÓN PÚBLICA LOS LIBERTADORES,61.981.060-0,Gobierno Central,Región Metropolitana de Santiago,1,1,6,105,5333513227,29,7,7,260413951,3,260413951,134,2043039.0
1396697,CORP MUNICIPAL DE VALPARAISO PARA EL DESARROLLO SOCIAL,70.859.400-8,Municipios,Región del Libertador General Bernardo O´Higgins,1,1,24,1904,5263809728,194,42,42,171098163,10,171098163,846,4077402.0
7477,Hospital Sanatorio San José de Maipo,61.608.503-4,Salud,Región Metropolitana de Santiago,1,1,45,45,5257000000,117,55,55,494268938,15,424906570,551,7160027.0
118620,I MUNICIPALIDAD DE LOS ALAMOS DEPTO COMUNAL,69.160.400-4,Municipios,Región del Biobío,1,1,3,168,5256463920,397,285,285,575355406,3,575355406,1634,5439007.0
121617,ILUSTRE MUNICIPALIDAD MELIPEUCO,70.766.500-9,Municipios,Región de la Araucanía,1,1,35,285,5244821947,257,215,215,721482872,26,721482872,1028,2641333.0
106170,I MUNICIPALIDAD DE HUALAIHUE,69.252.200-1,Municipios,Región de los Lagos,1,1,56,122,5237126331,344,341,340,576046689,21,473883317,1030,5207742.0
7213,Comisión Nacional de Investigación Científica y Tecnológicas - CONICYT,60.915.000-9,Gobierno Central,Región de Valparaíso,1,1,12,25,5224077144,63,51,51,605614368,7,605614368,251,2726972.0
7081,SUBSECRETARIA DE DESARROLLO REGIONAL Y ADMINISTRATIVO,60.515.000-4,Gobierno Central,Región de Coquimbo,1,1,166,166,5201235500,50,34,34,455138968,9,455138968,237,1221142.0
156657,Cámara de Diputados de Chile,60.202.000-2,Poder Legislativo,Región de Coquimbo,1,1,41,41,5198415428,147,127,127,609731679,26,482297389,642,6479437.0
7219,Comisión Chilena de Energía Nuclear,82.983.100-7,Gobierno Central,Región de los Lagos,1,1,15,330,5143593021,182,0,0,0,0,0,584,3284609.0
113428,I MUNICIPALIDAD DE SAN PEDRO DE ATACAMA,69.252.500-0,Municipios,Región de Antofagasta,1,1,63,166,5140672683,103,58,58,235487545,23,234102847,326,5115849.0
142575,I MUNICIPALIDAD DE PENCO,69.150.500-6,Municipios,Región del Biobío,1,1,8,123,5130967000,522,476,473,773618744,7,773618744,1781,6856412.0
92414,I MUNICIPALIDAD DE CHEPICA,69.090.700-3,Municipios,Región del Libertador General Bernardo O´Higgins,1,1,3,149,5113281331,212,53,53,123463918,2,123463918,954,3348934.0
115468,I MUNICIPALIDAD DE NOGALES,69.060.600-3,Municipios,Región de Valparaíso,1,1,175,317,5090934582,173,110,108,573667953,50,551070752,719,4376098.0
121539,I MUNICIPALIDAD DE CALLE LARGA,69.051.200-9,Municipios,Región de Valparaíso,1,1,319,332,5087354695,215,98,97,518393572,48,510797784,879,4160432.0
116733,I MUNICIPALIDAD DE HIJUELAS,69.060.500-7,Municipios,Región de Valparaíso,1,1,57,445,5084212968,179,60,60,154776791,16,141842605,973,5299738.0
1246426,CORP MUNICIPAL DE DESARROLLO SOCIAL DE SN JOAQUIN,71.455.500-6,Municipios,Región Metropolitana de Santiago,1,1,128,132,5056182280,71,55,55,693307535,29,483947894,479,2469492.0
118069,I MUNICIPALIDAD DE BULNES,69.141.200-8,Municipios,Región Metropolitana de Santiago,1,1,23,422,5031095263,351,49,49,52803880,1,52803880,1211,3995268.0
118623,I MUNICIPALIDAD DE SANTA JUANA,69.151.400-5,Municipios,Región de los Lagos,1,1,110,151,5005705000,186,184,184,395616428,47,290953395,733,2799932.0
114925,I MUNICIPALIDAD DE COBQUECURA,69.140.400-5,Municipios,Región Metropolitana de Santiago,1,1,101,123,5004473961,201,140,140,174267236,39,171836751,803,2750401.0
114398,I MUNICIPALIDAD DE LICANTEN,69.100.500-3,Municipios,Región del Maule,1,1,163,454,4999798138,308,257,256,501713967,54,461047151,1108,3274356.0
7429,SERVICIO DE SALUD VALDIVIA HOSPITAL LA U,61.607.503-9,Salud,Región de Los Ríos,1,1,50,1144,4960046907,215,160,159,457374485,29,457374485,994,3485102.0
119270,I MUNICIPALIDAD DE PUCHUNCAVI,69.060.800-6,Municipios,Región de Valparaíso,1,1,2,100,4929925000,160,95,95,503352024,1,503352024,810,7524942.0
109196,I MUNICIPALIDAD DE CHANARAL,69.030.100-8,Municipios,Región de Antofagasta,1,1,3,52,4874650180,221,146,146,138416181,3,138416181,852,2618246.0
1959832,SERVICIO LOCAL DE EDUCACIÓN PÚBLICA PUELCHE,61.981.240-9,Gobierno Central,Región del Biobío,1,1,28,108,4870764999,180,178,178,685921729,18,685921729,509,3018562.0
7473,SERVICIO DE SALUD CONCEPCION ARAUCO CONS,61.607.104-1,Salud,Región del Biobío,1,1,54,70,4865344300,216,214,213,351943112,32,348770243,1060,2162229.0
115185,I MUNICIPALIDAD DE LA CALERA,69.060.300-4,Municipios,Región del Biobío,1,1,209,369,4809510359,239,170,170,254632835,59,235975850,1070,4795523.0
117589,I MUNICIPALIDAD DE RAUCO,69.100.400-7,Municipios,Región del Maule,1,1,56,187,4793469952,162,126,126,562844386,24,404241354,716,3829172.0
1808595,Corporación de Desarrollo de La Reina,71.378.000-6,Municipios,Región Metropolitana de Santiago,1,1,24,32,4788934229,106,75,74,1213745252,18,835739064,441,2491882.0
117588,I MUNICIPALIDAD DE PUNITAQUI,69.040.900-3,Municipios,Región Metropolitana de Santiago,1,1,19,416,4756579547,254,245,244,514966002,13,514966002,1142,2963265.0
116729,I MUNICIPALIDAD DE PELARCO,69.110.600-4,Municipios,Región Metropolitana de Santiago,1,1,73,198,4754873000,221,178,178,357546776,44,301844293,987,4554708.0
7356,ILUSTRE MUNICIPALIDAD  DE SAGRADA FAMILIA,69.110.200-9,Municipios,Región de los Lagos,1,1,36,178,4736712000,341,328,326,597393352,27,590171362,1287,3604501.0
120186,I MUNICIPALIDAD DE CABRERO,69.151.000-k,Municipios,,1,1,67,71,4736544000,256,96,95,417214772,31,386192772,1065,21791380.0
115313,I MUNICIPALIDAD DE SAAVEDRA,69.190.600-0,Municipios,Región Metropolitana de Santiago,1,1,32,145,4726585158,166,160,159,318871775,24,318871775,802,3652926.0
1549752,Centro Metropolitano de Atención Prehospitalaria,61.999.030-7,Salud,,1,1,11,243,4724925186,73,67,43,454226200,6,454226200,329,2700033.0
117582,Ilustre Municipalidad de Tolten,69.191.400-3,Municipios,Región de la Araucanía,1,1,34,421,4718136845,205,77,77,70706169,15,70706169,798,3069199.0
224045,ILUSTRE MUNICIPALIDAD DE TIMAUKEL,69.251.600-1,Municipios,Región Metropolitana de Santiago,1,1,162,287,4663261920,61,50,47,152338356,28,145442362,251,1355399.0
7299;94459,Departamento de Salud Parral,69.130.700-k,Salud,Región del Maule,1,1,19,85,4662716980,224,188,188,1159814748,15,1150806747,1017,8479675.0
7127,DIRECCION GENERAL DE MOVILIZACIONN NACIONAL,61.110.000-0,Gobierno Central,Región de Atacama,1,1,85,105,4631184961,86,75,75,1046295327,19,1045756577,259,2911025.0
106880,I MUNICIPALIDAD DE FUTRONO,69.200.700-k,Municipios,Región Metropolitana de Santiago,1,1,3,151,4609109000,373,312,312,362988369,3,362988369,1297,5926931.0
1689493,"SUBSECRETARIA DE CIENCIA, TECNOLOGIA, CONOCIMIENTO E INNOVACION",62.000.740-4,Gobierno Central,Región de Valparaíso,1,1,22,197,4580919783,103,49,49,162442495,10,162442495,284,1073373.0
7365,I MUNICIPALIDAD DE LITUECHE,69.091.100-0,Municipios,Región del Libertador General Bernardo O´Higgins,1,1,50,358,4574780920,269,269,269,700115806,26,698846699,964,3322493.0
90886,I MUNICIPALIDAD DE PADRE LAS CASAS,61.955.000-5,Municipios,Región Metropolitana de Santiago,1,1,28,393,4574091497,314,129,129,608442052,20,608442052,1475,18028464.0
119273,I MUNICIPALIDAD DE OLIVAR,69.081.400-5,Municipios,Región del Libertador General Bernardo O´Higgins,1,1,3,91,4569824000,127,78,78,243684473,3,243684473,555,4412838.0
118096,I MUNICIPALIDAD DE LEBU,69.160.300-8,Municipios,Región del Maule,1,1,127,240,4510045708,327,208,208,327662422,54,327140745,1345,4171787.0
7434,SERVICIO DE SALUD BIO BIO HOSPITAL DE MULCHEN,61.607.302-8,Salud,Región del Biobío,1,1,35,91,4490782550,164,162,162,488464885,26,488464885,736,2325449.0
7158,I MUNICIPALIDAD DE SAN NICOLAS,69.140.800-0,Municipios,Región del Maule,1,1,3,149,4442550000,440,399,398,563154857,3,563154857,1679,3726033.0
7363,I MUNICIPALIDAD DE VILLA ALEGRE,69.130.200-8,Municipios,Región de Los Ríos,1,1,25,547,4397000476,155,91,91,608813805,11,608813805,561,2765051.0
7135,I MUNICIPALIDAD SAN JOAQUIN,69.254.600-8,Municipios,Región de Valparaíso,1,1,405,446,4380144713,72,52,51,95240294,40,81209746,423,3617413.0
1890640,SERVICIO LOCAL DE EDUCACIÓN PÚBLICA SANTA ROSA,61.981.070-8,Gobierno Central,Región Metropolitana de Santiago,1,1,15,105,4221253922,26,19,19,635347692,3,635347692,125,3178159.0
1530575,CENTRO DE REFERENCIA DE SALUD HOSPITAL PROVINCIA CORDILLERA,61.980.620-4,Salud,Región Metropolitana de Santiago,1,1,49,50,4210046966,195,5,0,0,0,0,801,8314217.0
1824441,ASOCIACION DE MUNICIPIOS METROPOLITANOS PARA LA SEGURIDAD CIUDADANA,65.165.009-7,Municipios,Región Metropolitana de Santiago,1,1,3,162,4191151974,32,17,17,662624435,2,662624435,143,2198984.0
1803814,CORP MUNICIPAL PARA EL DESARROLLO SOCIAL,70.983.600-5,Municipios,Región de Valparaíso,1,1,21,1312,4172605139,115,2,1,2515660,1,2515660,349,2618454.0
123788,I MUNICIPALIDAD DE DONIHUE,69.080.600-2,Municipios,Región de Valparaíso,1,1,3,93,4125123711,215,17,17,131490885,1,131490885,1109,3515192.0
7262,SERVICIO DE SALUD DEL MAULE HOSPITAL SAN JAVIER,61.606.912-8,Salud,Región del Biobío,1,1,76,76,4122800000,182,172,172,264265991,28,264265991,1386,2154324.0
148507,I MUNICIPALIDAD DE GRANEROS,69.080.300-3,Municipios,Región Metropolitana de Santiago,1,1,2,108,4101576991,115,66,66,214696005,2,214696005,474,1695219.0
1595472,CENTRO DE FORMACION TECNICA DE LA REGION DE COQUIMBO,61.999.280-6,"Liceos, Institutos y CFT",Región de la Araucanía,1,1,1,8,4054918305,22,11,11,26632300,1,26632300,91,532593.0
2110341,CORP CULTURAL DE LA ILUSTRE MUNICIPALIDAD DE SANTIAGO,70.946.300-4,Sin tipo,,1,1,5,58,4043363249,15,14,14,15494018,2,15494018,15,62223.0
114914,I MUNICIPALIDAD DE VICHUQUEN,69.100.700-6,Municipios,Región del Maule,1,1,27,91,4034550000,149,3,3,24142000,2,24142000,622,1811860.0
7492,I MUNICIPALIDAD DE LIMACHE,69.061.100-7,Municipios,Región Metropolitana de Santiago,1,1,14,113,3970199000,302,215,215,222112847,4,222112847,1365,3086310.0
120002,I MUNICIPALIDAD RIO IBANEZ,69.253.100-0,Municipios,Región Aysén del General Carlos Ibáñez del Campo,1,1,44,375,3957172345,100,62,62,102325507,21,102325507,435,2108008.0
115168,I MUNICIPALIDAD DE CHONCHI,69.230.500-0,Municipios,Región de los Lagos,1,1,160,502,3955562292,238,0,0,0,0,0,926,2785806.0
1959831,SERVICIO LOCAL DE EDUCACIÓN PÚBLICA PETORCA,61.981.270-0,Gobierno Central,Región de Valparaíso,1,1,68,99,3942257243,35,0,0,0,0,0,207,4305274.0
7137,HOSPITAL COMUNITARIO DE SALUD FAMILIAR DE BULNES,61.607.003-7,Salud,Región Metropolitana de Santiago,1,1,54,54,3931763564,383,381,381,649876421,36,632285050,1467,3295971.0
1968861,CORP CULTURAL DE LAS CONDES,71.004.200-4,Municipios,Región Metropolitana de Santiago,1,1,143,143,3903548674,31,17,17,349151632,16,343331944,136,3060998.0
1890644,SERVICIO LOCAL DE EDUCACIÓN PÚBLICA TAMARUGAL,61.981.030-9,Gobierno Central,Región de Tarapacá,1,1,3,166,3897922816,54,18,18,70779371,2,70779371,209,4460351.0
7304,I MUNICIPALIDAD DE LOS MUERMOS,69.220.800-5,Municipios,Región del Biobío,1,1,3,114,3886314452,285,237,237,362370551,3,362370551,1090,7049452.0
113738,I MUNICIPALIDAD DE MARIA ELENA,69.253.600-2,Municipios,Región de Antofagasta,1,1,10,45,3883795950,105,9,9,56338947,1,56338947,458,5214269.0
115301,ILUSTRE MUNICIPALIDAD DE RIO VERDE,69.251.400-9,Municipios,Región Metropolitana de Santiago,1,1,28,128,3869476000,80,77,77,199463242,18,199463242,371,1643531.0
7405,SERVICIO DE SALUD SUR HOSPITAL SAN LUIS,61.608.105-5,Salud,Región Metropolitana de Santiago,1,1,49,49,3863220000,356,253,179,399055077,22,399055077,1791,5150854.0
7222,GOBIERNO REGIONAL REGION METROPOLITANA,61.923.200-3,Gobierno Central,Región Metropolitana de Santiago,1,1,25,211,3855780512,58,17,16,342075687,11,342075687,214,9390731.0
1812422,CORP MUNICIP ANCUD PARA LA EDUCAC SALUD,71.420.700-8,Municipios,Región de los Lagos,1,1,8,52,3851399940,208,2,1,514080,1,514080,670,1675092.0
7086,AGENCIA CHILENA DE COOPERACION INTERNACIONAL PARA EL DESARROLLO,60.108.000-1,Gobierno Central,Región de Coquimbo,1,1,20,106,3802720353,58,57,56,313570295,9,313570295,284,1949437.0
1630141,GOBIERNO REGIONAL DE ÑUBLE,62.000.390-5,Gobierno Central,Región Metropolitana de Santiago,1,1,32,56,3759104910,37,36,36,308315544,14,305554342,135,2964942.0
2029471,SUBSECRETARIA DE SEGURIDAD PUBLICA,61.999.390-K,Gobierno Central,Región de Tarapacá,1,1,6,341,3756665489,139,123,121,303049734,4,303049734,450,1185673.0
6948,SERVICIO NACIONAL DE LA MUJER Y LA EQUIDAD DE GENERO,60.107.000-6,Gobierno Central,Región de Coquimbo,1,1,35,486,3747020297,77,67,67,79527193,16,79527193,267,2231842.0
1856940,CORPORACION MUNICIPAL DE DESARROLLO SOCIAL DE MACUL,71.369.900.4,Municipios,,1,1,12,86,3737168000,66,63,58,150269870,10,145880647,263,1620114.0
7159,I MUNICIPALIDAD DE LOS LAGOS,69.200.600-3,Municipios,Región del Libertador General Bernardo O´Higgins,1,1,2,47,3733902901,212,98,98,142034032,2,142034032,873,4953142.0
120791,I MUNICIPALIDAD DE MAULLIN,69.220.500-6,Municipios,Región Metropolitana de Santiago,1,1,40,1151,3716548883,274,135,135,237667448,24,237667448,1114,5408925.0
116299,I MUNICIPALIDAD DE TENO,69.100.300-0,Municipios,Región del Libertador General Bernardo O´Higgins,1,1,168,569,3709781945,262,161,161,266302935,43,265353627,971,4221672.0
1216633,HOSPITAL PSIQUIATRICO DR. PHILIPPE PINEL PUTAENDO,61.602.040-4,Salud,Región Metropolitana de Santiago,1,1,13,43,3700500000,123,121,121,531572709,10,531572709,551,2533792.0
7053,SERVICIO DE SALUD NUBLE HOSPITAL DE YUNG,61.607.004-5,Salud,Región Metropolitana de Santiago,1,1,24,90,3693163982,157,154,154,384059660,17,384059660,789,2650110.0
7032,SERVICIO NACIONAL DEL ADULTO MAYOR,61.961.000-8,Gobierno Central,,1,1,18,480,3678325053,80,66,66,232992095,12,232992095,319,1651044.0
125066,I MUNICIPALIDAD DE QUEMCHI,69.230.200-1,Municipios,Región de los Lagos,1,1,89,110,3654355000,288,243,243,217917663,49,217015663,1276,3720374.0
116408,I MUNICIPALIDAD DE LOS SAUCES,69.180.300-7,Municipios,Región de la Araucanía,1,1,6,218,3652999968,268,205,205,222942696,3,222942696,946,2698918.0
118087,I MUNICIPALIDAD DE PLACILLA,69.090.200-1,Municipios,Región del Libertador General Bernardo O´Higgins,1,1,35,147,3641977807,150,80,80,274887687,12,274887687,788,2488523.0
7259,SERVICIO DE SALUD DEL MAULE HOSPITAL DE PARRAL,61.606.918-7,Salud,Región de Valparaíso,1,1,58,509,3640961092,323,2,2,4921471,2,4921471,1516,2619699.0
1821127,CORPORACION CULTURAL DE VITACURA,73.070.100-4,Municipios,Región Metropolitana de Santiago,1,1,10,113,3585127512,106,99,99,376433037,9,376433037,399,2607043.0
1629281,CENTRO DE FORMACION TECNICA ESTATAL DE LA REGION DE LOS RIOS,62.000.400-6,"Liceos, Institutos y CFT",Región de Coquimbo,1,1,19,74,3547306451,85,85,85,135803828,13,135803828,287,736087.0
7189,SUBSECRETARIA DEL MINISTERIO DE AGRICULT,61.301.000-9,Gobierno Central,Región de Atacama,1,1,204,204,3526216732,93,2,2,2760437,2,2571528,438,1796492.0
7291,SERVICIO SALUD ARAUCANIA SUR HOSPIT DR EDUARDO GONZALEZ GALENO CUNCO,61.602.244-k,Salud,Región de la Araucanía,1,1,10,99,3522860989,130,130,130,447220126,8,447220126,514,1692825.0
1682711,INSTITUTO NACIONAL DE DESARROLLO SUSTENTABLE DE LA PESCA ARTESANAL Y A,62.000.710-2,Gobierno Central,Región de Magallanes y de la Antártica,1,1,5,49,3503665951,55,51,51,312490477,2,312490477,195,1627684.0
7238,PRESIDENCIA DE LA REPUBLICA,60.000.000-4,Gobierno Central,Región de Tarapacá,1,1,11,45,3490095000,202,175,175,706560733,8,706560733,797,4386205.0
7180,SERVICIO NACIONAL DE PREVENCIÓN Y RESPUESTA ANTE DESASTRES,60.509.001-k,Gobierno Central,Región de Antofagasta,1,1,13,385,3480699809,1185,115,115,463300970,9,463300970,3948,55568453.0
142855,I MUNICIPALIDAD DE SAN PEDRO,69.073.100-2,Municipios,Región de Valparaíso,1,1,12,213,3440266424,112,68,67,205175676,10,205175676,539,3580755.0
105334,I MUNICIPALIDAD DE PUYEHUE,69.210.600-8,Municipios,Región de los Lagos,1,1,3,133,3411699856,201,129,128,209152837,3,209152837,766,3048033.0
7468,SERVICIO DE SALUD COQUIMBO HOSPITAL DR. HUMBERTO ELORZA CORTES,61.606.407-k,Salud,Región de Valparaíso,1,1,14,14,3387500472,393,265,265,552367660,12,552367660,1671,4471532.0
7327,SERVICIO DE SALUD OSORNO HOSPITAL PURRANQUE,61.607.602-7,Salud,Región de los Lagos,1,1,52,52,3360945097,286,280,280,419402754,36,419402754,1266,2009280.0
1598310,CENTRO DE FORMACION TECNICA ESTATAL DE LA REGION DE LOS LAGOS,61.999.290-3,"Liceos, Institutos y CFT",Región de los Lagos,1,1,19,58,3350975480,29,29,28,216000698,11,192991868,141,684768.0
1060064,CONSEJO PARA LA TRANSPARENCIA,61.979.430-3,Gobierno Central,Región de Tarapacá,1,1,7,26,3347932000,14,12,12,534717737,2,534717737,54,442780.0
7012,DIRECCION DE PRESUPUESTOS MINISTERIO DE,60.802.000-4,Gobierno Central,Región de Valparaíso,1,1,15,71,3342785000,64,16,16,60716472,6,60716472,293,1092089.0
114916,I MUNICIPALIDAD DE PURRANQUE,69.210.500-1,Municipios,Región Metropolitana de Santiago,1,1,170,183,3328330941,370,312,312,293567363,75,272828054,1436,5144136.0
7078,SUBSECRETARIA DE ECONOMIA Y EMPRESAS DE MENOR TAMANO,60.701.000-5,Gobierno Central,Región de Valparaíso,1,1,13,89,3308408989,105,65,65,342740578,4,342740578,265,3864963.0
7172,GOBIERNO REGIONAL V REGION,72.235.100-2,Gobierno Central,Región de Coquimbo,1,1,44,258,3284368622,30,26,26,507722060,13,507722060,141,1110893.0
7004,INSTITUTO ANTARTICO CHILENO,60.605.000-3,Gobierno Central,Región de los Lagos,1,1,6,85,3261963614,57,23,23,64998745,5,64998745,275,4544754.0
115010,I MUNICIPALIDAD DE QUINTA DE TILCOCO,69.081.700-4,Municipios,Región del Libertador General Bernardo O´Higgins,1,1,4,105,3251766664,159,145,145,239367969,3,239367969,692,3752404.0
1968268,SERVICIO DE BIODIVERSIDAD Y ÁREAS PROTEGIDAS,61.981.340-5,Gobierno Central,Región Metropolitana de Santiago,1,1,2,86,3242858359,76,65,65,325081927,1,325081927,322,1596788.0
1722523,SERVICIO LOCAL DE EDUCACION PUBLICA DE VALPARAISO,62.000.820-6,Gobierno Central,Región Metropolitana de Santiago,1,1,54,56,3236960500,39,27,27,171686417,11,171287017,148,2423452.0
7348,HOSPITAL ADRIANA COUSINO DE QUINTERO,61.606.603-k,Salud,Región de Atacama,1,1,45,1417,3206644173,140,116,116,375724891,28,375724891,591,1824546.0
7354,CORPORACION DE ASISTENCIA JUDICIAL DE LA REGION DEL BIO BIO,70.816.700-2,Gobierno Central,Región de la Araucanía,1,1,501,591,3197681889,93,73,73,90515573,55,90093535,370,881579.0
115609,I MUNICIPALIDAD DE MALLOA,69.081.500-1,Municipios,Región del Libertador General Bernardo O´Higgins,1,1,187,241,3178982823,197,139,139,442890149,52,327682395,817,4363300.0
6975,SERVICIO DE VIVIENDA Y URBANIZACION III REGION,61.815.000-3,Obras Públicas y Minvu,Región de Atacama,1,1,12,12,3177400000,32,0,0,0,0,0,155,1348214.0
7462,SERVICIO SALUD ARAUCANIA HOSPITAL DE COLLIPULLI,61.602.223-7,Salud,Región de la Araucanía,1,1,57,110,3168091947,125,123,123,411585124,35,411585124,477,1894067.0
93096,SUPERINTENDENCIA DE PENSIONES,60.818.000-1,Gobierno Central,Región del Biobío,1,1,134,146,3148277877,71,53,53,107534182,25,105362086,309,1131769.0
7385,SERVICIO DE SALUD ANTOFAGASTA HOSPITAL M,61.606.203-4,Salud,Región Metropolitana de Santiago,1,1,104,104,3145140080,166,135,132,276579068,31,276579068,752,2874449.0
183037,I MUNICIPALIDAD DE TIRUA,69.160.700-3,Municipios,Región del Biobío,1,1,81,4144,3142711950,497,350,342,387199942,36,387199942,1713,5064478.0
7152,Corporación de Asistencia Judicial RM,70.786.200-9,Gobierno Central,Región del Libertador General Bernardo O´Higgins,1,1,14,52,3133400041,51,43,43,199980764,7,199980764,273,1608913.0
1675218,SERVICIO LOCAL DE EDUCACION PUBLICA ANDALIEN SUR,65.181.672-6,Gobierno Central,Región de Atacama,1,1,17,28,3125170000,184,19,12,115666286,6,115666286,747,7759763.0
7455,SERVICIO DE SALUD METROPOLITANO OCCIDENTE HOSPITAL DE CURACAVI,61.602.125-7,Salud,Región de Valparaíso,1,1,8,1670,3115762170,160,129,129,327975561,7,327975561,790,2260886.0
114918,I MUNICIPALIDAD DE RINCONADA,69.051.300-5,Municipios,Región del Libertador General Bernardo O´Higgins,1,1,36,237,3073781725,79,66,66,202254223,19,202254223,312,888778.0
7475,SERVICIO NACIONAL DE SALUD HOSPITAL DE FLORIDA,61.602.199-0,Salud,Región del Biobío,1,1,3,59,3058584161,102,101,101,229184650,3,229184650,516,1312526.0
1874800,CORPORACION CULTURAL DE LO BARNECHEA,73.060.100-K,Municipios,Región Metropolitana de Santiago,1,1,7,311,3055869688,32,32,32,545877673,7,545877673,144,1223474.0
114075,I MUNICIPALIDAD DE RIO HURTADO,69.041.000-1,Municipios,Región de Coquimbo,1,1,67,106,3055296424,256,190,190,203647318,32,181767924,894,2338495.0
7214,DELEGACIÓN PRESIDENCIAL REGIONAL DE MAGALLANES Y DE LA ANTÁRTICA CHILE,60.511.120-3,Gobierno Central,Región Metropolitana de Santiago,1,1,77,86,3049625938,62,59,59,77511509,23,77511509,217,1304686.0
100072,I MUNICIPALIDAD DE PIRQUE,69.072.200-3,Municipios,Región Metropolitana de Santiago,1,1,46,90,3036059000,127,101,101,174391469,24,172221989,519,2525574.0
7402,SERVICIO NACIONAL DE SALUD HOSPITAL DE LEBU,61.602.212-1,Salud,Región Metropolitana de Santiago,1,1,16,45,3018985742,175,172,111,516183841,11,516183841,751,3607614.0
7464,SERVICIO DE SALUD BIO BIO HOSPITAL DE LAJA,61.607.306-0,Salud,Región Metropolitana de Santiago,1,1,1,66,3018346819,154,146,146,313045614,1,313045614,621,2627708.0
1155673,SUBSECRETARIA DE ENERGIA,61.979.830-9,Gobierno Central,Región de Atacama,1,1,19,135,3003504988,48,38,38,284404858,9,284404858,212,1088639.0
114724,I MUNICIPALIDAD DE OLMUE,69.061.200-3,Municipios,Región Metropolitana de Santiago,1,1,100,175,2989787000,114,105,105,247703922,47,242274084,502,3207871.0
1818194,Corporación Comunal de Desarrollo Quinta Normal,70.913.100-1,Municipios,Región Metropolitana de Santiago,1,1,8,74,2986263070,0,0,0,0,0,0,44,207001.0
106876,I MUNICIPALIDAD DE LANCO,69.200.300-4,Municipios,Región de la Araucanía,1,1,92,175,2980228000,218,131,131,248594488,42,239998186,861,2451996.0
165106,I MUNICIPALIDAD DE CODEGUA,69.080.400-K,Municipios,Región del Biobío,1,1,153,155,2977097016,165,162,162,640537647,68,339708876,663,2576889.0
119484,I MUNICIPALIDAD DE ANTUCO,69.262.800-4,Municipios,Región del Biobío,1,1,52,101,2947495909,112,54,54,482615458,15,480889913,382,1757202.0
1801205,CORP MUNICIPAL SAN FERNANDO PARA LA ATENCION MENORES Y LAS A DE E Y S,71.328.600-1,Municipios,Región del Libertador General Bernardo O´Higgins,1,1,32,706,2940851927,117,39,39,245288179,13,240990151,382,3717758.0
7384,SERVICIO DE SALUD ARAUCANIA HOSPITAL DE TRAIGUEN,61.602.226-1,Salud,Región de los Lagos,1,1,60,60,2912012536,158,158,158,391883395,29,391118397,721,1972856.0
7388,SERVICIO SALUD BIO BIO HOSPITAL NACIMIENTO,61.602.220-2,Salud,Región del Biobío,1,1,13,46,2888561399,115,105,104,326866258,11,318952978,471,1400829.0
7211,SUBSECRETARIA DE PESCA Y ACUICULTURA,60.719.000-3,Gobierno Central,Región de Atacama,1,1,27,71,2879749353,77,68,63,420143508,10,420143508,311,2579239.0
7218,SERVICIO DE EVALUACION AMBIENTAL,72.443.600-5,Gobierno Central,Región Metropolitana de Santiago,1,1,86,273,2876326593,78,5,5,13169330,4,13053330,276,1500638.0
123784,Ilustre Municipalidad de El Carmen,69.141.700-K,Municipios,Región del Biobío,1,1,78,147,2873343000,369,288,288,242028022,39,239057188,1425,2511091.0
7430,INSTITUTO NACIONAL DE GERIATRIA PRESIDENTE EDO FREI MONTALVA,61.608.403-8,Salud,Región Metropolitana de Santiago,1,1,10,44,2869961500,67,61,61,367617418,7,367617418,433,2467222.0
115798,I.MUNICIPALIDAD DE PORVENIR,69.250.300-7,Municipios,Región Metropolitana de Santiago,1,1,68,114,2867174000,102,11,11,737689069,5,737689069,472,2189578.0
7071,I MUNICIPALIDAD DE COYHAIQUE,69.240.300-2,Municipios,Región Aysén del General Carlos Ibáñez del Campo,1,1,2,66,2864900594,269,11,11,5628698,2,5628698,1290,26713293.0
7483,CORP MUNICIPAL DE PANGUIPULLI,71.016.300-6,Municipios,Región de la Araucanía,1,1,2,88,2852042822,174,173,173,172418651,2,172418651,805,1872044.0
7192,SUPERINTENDENCIA DE SERVICIOS SANITARIOS,61.221.000-4,Obras Públicas y Minvu,Región de Valparaíso,1,1,11,106,2847784858,41,0,0,0,0,0,313,4101539.0
7194,SECRETARIA GENERAL DE GOBIERNO,60.101.000-3,Gobierno Central,Región de Tarapacá,1,1,37,394,2842951502,69,69,69,151110413,24,151110413,312,947259.0
116738,Ilustre Municipalidad de Yerbas Buenas,69.130.402-7,Municipios,Región del Maule,1,1,10,11,2842148495,245,6,6,63515699,3,63515699,1191,8563669.0
7427,Hospital Psiquiátrico El Peral,61.608.106-3,Salud,Región Metropolitana de Santiago,1,1,31,64,2818520104,127,89,89,124774793,18,118640793,684,2991040.0
7144,CONSULTORIO GENERAL URBANO VIOLETA PARRA,61.931.800-5,Salud,Región de Valparaíso,1,1,15,705,2789390083,242,210,209,449845394,14,449845394,1048,2439017.0
1659065,SUBSECRETARIA DE LA NIÑEZ,62.000.420-0,Gobierno Central,Región de Valparaíso,1,1,6,59,2769743781,30,25,25,299503708,5,299503708,94,1409478.0
116744,I MUNICIPALIDAD DE PAILLACO,69.200.900-2,Municipios,Región Metropolitana de Santiago,1,1,47,76,2765002954,208,176,175,255202150,34,250816289,1126,4228949.0
7403,Hospital  Lonquimay,61.607.402-4,Salud,Región de la Araucanía,1,1,2,47,2741194001,130,128,127,258992522,1,258992522,524,1389138.0
114393,I MUNICIPALIDAD DE CURACO DE VELEZ,69.231.000-4,Municipios,Región de los Lagos,1,1,35,82,2731531043,100,22,22,23123643,9,22723670,413,3340640.0
119996,I MUNICIPALIDAD DE OLLAGUE,69.252.600-7,Municipios,Región de Antofagasta,1,1,15,105,2692996000,48,46,46,157593348,10,157593348,170,1237126.0
7471,SERVICIO DE SALUD COQUIMBO HOSPITAL DE LOS VILOS,61.606.409-6,Salud,Región de Coquimbo,1,1,1,54,2686182000,205,132,132,311239148,1,311239148,851,1693694.0
1803817,CORPORACION MUNICIPAL DE DEPORTES DE PUENTE ALTO,65.065.121-9,Municipios,Región Metropolitana de Santiago,1,1,9,83,2679913519,53,52,52,211525068,3,211525068,240,798853.0
6934,SUBSECRETARIA DE TELECOMUNICACIONES,60.513.000-3,Gobierno Central,Región de la Araucanía,1,1,4,74,2675284200,69,54,48,552843902,4,552843902,335,2030785.0
7285,SERVICIO NACIONAL DE SALUD HOSPITAL DE COELEMU,61.602.194-K,Sin sector,Ñuble,0,1,46,111,2672291905,267,264,263,309892617,34,309892617,1161,1924388.0
115280,ILUSTRE MUNICIPALIDAD TEODORO SCHMIDT,69.252.100-5,Municipios,Región de la Araucanía,1,1,40,1809,2672061382,274,40,40,93831548,11,93831548,1050,3600108.0
116402,I MUNICIPALIDAD DE PUMANQUE,69.090.800-K,Municipios,Región del Maule,1,1,35,355,2664541316,110,106,106,113071345,18,113071345,481,1761417.0
110102,Ilustre Municipalidad De Quellón,69.230.700-3,Municipios,Región de los Lagos,1,1,1,16,2655147000,98,88,88,148488712,1,148488712,440,2454820.0
7364,I MUNICIPALIDAD DE CALDERA,69.030.300-0,Municipios,Región de Atacama,1,1,76,76,2648120000,216,143,143,375416658,38,350936298,757,3705342.0
7404,SERVICIO DE SALUD BIO BIO HOSPITAL SANTA BARBARA,61.607.304-4,Salud,Región del Biobío,1,1,73,73,2644627092,107,95,94,303573002,35,280575290,466,1715405.0
1088974,CORP MUNICIPAL DE CASTRO PARA LA EDUCACION SALUD Y ATENCION AL MENOR,71.149.700-5,Municipios,Región de los Lagos,1,1,16,170,2623732546,225,119,119,529267685,12,470809340,749,2121738.0
115464,I MUNICIPALIDAD DE MAFIL,69.200.500-7,Municipios,Región de Valparaíso,1,1,72,144,2619999812,147,119,115,264735374,29,264735374,691,1795526.0
108932,I MUNICIPALIDAD DE JUAN FERNANDEZ,69.252.300-8,Municipios,Región de Valparaíso,1,1,22,322,2602473729,45,2,2,3126316,2,3126316,213,1879360.0
111960,I MUNICIPALIDAD DE SAN PABLO,69.210.202-9,Municipios,Región de Antofagasta,1,1,3,90,2598673000,162,113,113,129060621,3,129060621,766,2236655.0
1189679,INSTITUTO NACIONAL DE DERECHOS HUMANOS,65.028.707-K,Gobierno Central,Región del Biobío,1,1,4,54,2564326000,34,34,34,346933450,2,346933450,167,1211436.0
7328,ILUSTRE MUNICIPALIDAD DE ALTO DEL CARMEN,69.251.900-0,Municipios,Región de Atacama,1,1,2,79,2526770114,93,67,67,179051418,2,179051418,444,2466125.0
7303,SERVICIO DE SALUD NUBLE HOSPITAL DE QUIRIHUE,61.607.005-3,Salud,Región del Biobío,1,1,35,66,2519356964,228,210,210,373382140,25,342137239,846,1604964.0
7489,SERVICIO DE SALUD VINA DEL MAR QUILLOTA,61.606.605-6,Salud,Región de Coquimbo,1,1,24,1463,2511001099,116,110,110,321891425,18,321891425,566,2027150.0
1163882,CORPORACION MUNIC DE EDUC SALUD ATENCION,69.071.801-4,Municipios,Región Metropolitana de Santiago,1,1,25,25,2504340650,12,11,11,202578565,6,186570563,186,1780018.0
7182,FONDO DE SOLIDARIDAD E INVERSION SOCIAL,60.109.000-7,Gobierno Central,Región de Los Ríos,1,1,24,258,2499580167,98,17,17,89851516,6,89851516,345,1264736.0
1577422,CENTRO DE FORMACION TECNICA DE LA REGION DEL MAULE,61.999.250-4,"Liceos, Institutos y CFT",Región Metropolitana de Santiago,1,1,17,69,2499332274,24,18,18,51758038,7,51758038,106,754995.0
1224636,AGENCIA CHILENA DE EFICIENCIA ENERGETICA,65.030.848-4,Gobierno Central,Región de Atacama,1,1,11,93,2466051185,9,0,0,0,0,0,186,2533414.0
1842551,CORPORACION DE DESARROLLO DE LA COMUNA DE SAN VICENTE,71.015.300-0,Municipios,Región del Libertador General Bernardo O´Higgins,1,1,42,124,2450814840,58,58,58,75701831,15,74096469,207,1416292.0
7443,SERVICIO DE SALUD HOSPITAL DE SAN VICENTE DE TAGUA TAGUA,61.602.141-9,Salud,Región del Libertador General Bernardo O´Higgins,1,1,1,39,2443333986,240,224,224,411558644,1,411558644,1150,2247581.0
1674041,SUBSECRETARIA DE RELACIONES ECONOMICAS INTERNACIONALES,62.000.670-K,Gobierno Central,Región de Antofagasta,1,1,89,199,2425281761,50,44,33,517045419,24,496422527,171,485377.0
113258,I MUNICIPALIDAD DE LOLOL,69.090.500-0,Municipios,Región Metropolitana de Santiago,1,1,68,431,2413450997,183,99,99,338339596,29,313196246,688,2625395.0
87167,I MUNICIPALIDAD DE RANCAGUA,69.080.100-0,Municipios,Región del Maule,1,1,37,55,2409247776,206,0,0,0,0,0,1013,14786860.0
118859,Ilustre Municipalidad de General Lagos,69.250.700-2,Municipios,Región de Arica y Parinacota,1,1,4,33,2387281898,36,18,18,72419324,3,72419324,179,910684.0
115294,I MUNICIPALIDAD DE YUNGAY,69.141.500-7,Municipios,Región de la Araucanía,1,1,2,104,2381305072,165,92,92,205131677,2,205131677,623,2395606.0
1802401,CONSULTORIO EXTERNO VALDIVIA,53.335.808-K,Salud,Región de Los Ríos,1,1,8,615,2373139809,115,63,63,173972094,8,173972094,424,1496969.0
116940,I MUNICIPALIDAD DE QUILACO,69.172.600-2,Municipios,Región del Biobío,1,1,2,89,2371439000,184,78,78,115374373,2,115374373,643,1889488.0
133311,Ilustre Municipalidad de Curepto,69.110.300-5,Municipios,Región del Maule,1,1,103,367,2369880043,238,199,199,290738100,29,269776399,885,2260200.0
1771237,CENTRO DE FORMACIÓN TÉCNICA DE LA REGIÓN DE AYSÉN DEL GENERAL CARLOS I,65.199.131-5,"Liceos, Institutos y CFT",Región Metropolitana de Santiago,1,1,6,28,2353486753,31,23,23,49551535,3,49551535,162,364684.0
7424,SERVICIO DE SALUD VALDIVIA HOSPITAL LANC,61.607.504-7,Salud,Región de Los Ríos,1,1,37,70,2348589663,120,115,115,299992018,26,299992018,461,1327702.0
84478,I MUNICIPALIDAD DE FRUTILLAR,69.220.700-9,Municipios,Región de los Lagos,1,1,75,93,2306091936,242,156,156,234962690,39,234962690,1213,5101813.0
118077,I MUNICIPALIDAD DE PICA,69.010.400-8,Municipios,Región de Tarapacá,1,1,2,79,2299150000,150,90,90,280209629,2,280209629,530,4068162.0
1999101,CORPORACIÓN DESARROLLA BIOBÍO,65.063.166-8,Gobierno Central,Región Metropolitana de Santiago,1,1,1,18,2290580132,11,11,11,98090088,1,98090088,64,1587977.0
119651,I MUNICIPALIDAD DE FRESIA,69.220.402-6,Municipios,Región de los Lagos,1,1,2,81,2284562000,204,190,190,214210494,2,214210494,754,2272164.0
262897,COMISION NACIONAL DE ACREDITACION,61.978.810-9,Gobierno Central,Región Metropolitana de Santiago,1,1,27,88,2281622337,59,58,58,303253030,6,303253030,325,739440.0
1593363,DIRECCION DE EDUCACION PUBLICA,65.154.016-k,Gobierno Central,Región de Antofagasta,1,1,67,67,2273883642,74,60,59,195584330,14,126247098,286,2477932.0
225773,SERVICIO ELECTORAL,60.504.000-4,Gobierno Central,Región de la Araucanía,1,1,27,372,2271418591,77,44,44,496443699,17,495604808,454,1989032.0
113254,I MUNICIPALIDAD DE COINCO,69.081.600-8,Municipios,Región del Libertador General Bernardo O´Higgins,1,1,18,56,2249131000,54,53,53,92934922,14,92934922,273,2379085.0
115302,I MUNICIPALIDAD DE PAPUDO,69.050.300-K,Municipios,Región Metropolitana de Santiago,1,1,1,46,2243473000,214,172,171,180330014,1,180330014,799,2549000.0
116404,I MUNICIPALIDAD DE CHIMBARONGO,69.090.300-8,Municipios,Región del Libertador General Bernardo O´Higgins,1,1,8,95,2201942569,197,39,39,247536742,3,247536742,874,5346201.0
1961066,LO BARNECHEA SERVICIOS,65.109.088-1,Municipios,Región Metropolitana de Santiago,1,1,64,117,2183220249,21,15,15,79427681,10,79427681,109,774148.0
1512218,MINISTERIO DE LA MUJER Y LA EQUIDAD DE GÉNERO,61.980.680-8,Gobierno Central,Región de Valparaíso,1,1,110,110,2179477619,80,21,21,790086994,14,361851215,325,1305446.0
6938,Comisión Nacional de Energía,61.707.000-6,Gobierno Central,Región de Magallanes y de la Antártica,1,1,24,79,2172201003,21,14,14,432537092,7,427537092,64,798868.0
7433,SERVICIO SALUD ARAUCANIA NORTE HOSPITAL CURACAUTIN,61.602.241-5,Salud,Región de la Araucanía,1,1,21,48,2154883180,221,221,221,407484975,19,406967008,965,1967411.0
6976,SERVICIO DE SALUD ARAUCO,61.954.500-1,Salud,Región del Biobío,1,1,30,31,2137181037,121,21,21,178068314,10,178068314,293,2684381.0
7191,SUBSECRETARIA DE PREVISION SOCIAL,61.503.000-7,Gobierno Central,Región de Antofagasta,1,1,50,70,2125386496,40,0,0,0,0,0,99,868592.0
7277,Hospital de Constitución,61.606.911-k,Salud,Región de Antofagasta,1,1,36,297,2111347950,239,223,223,357282417,16,354795697,992,2017065.0
7480,SERVICIO NACIONAL DE SALUD HOSPITAL DE COCHRANE,61.602.292-k,Salud,Región de la Araucanía,1,1,50,112,2099401645,148,131,131,257779984,34,257713504,626,1768054.0
118861,I MUNICIPALIDAD DE PEUMO,69.080.900-1,Municipios,Región del Libertador General Bernardo O´Higgins,1,1,3,112,2095916042,144,134,134,353545292,3,353545292,698,1833504.0
7391,SERVICIO DE SALUD ANTOFAGASTA HOSPITAL 21 DE MAYO TALTAL,61.606.204-2,Salud,Región de Antofagasta,1,1,84,1311,2080950719,125,81,68,131943096,26,131314661,430,1171062.0
2007449,AGENCIA NACIONAL DE CIBERSEGURIDAD,62.000.560-6,Gobierno Central,,1,1,2,25,2078592760,6,2,2,74939005,1,74939005,29,159129.0
1736867,Fundación para la Innovación Agraria,70.930.000-8,Fundación e Institución Privada,Región Metropolitana de Santiago,1,1,1,112,2053722163,69,65,65,361301173,1,361301173,229,1028667.0
6930,SUPERINTENDENCIA DE SALUD,60.819.000-7,Salud,Región de Coquimbo,1,1,30,78,2045358000,50,22,22,193832016,6,191797952,173,2619075.0
118073,I MUNICIPALIDAD DE RENAICO,69.180.400-3,Municipios,Región de la Araucanía,1,1,21,88,2041300500,275,164,164,251125398,9,251125398,1093,3252790.0
7266,ESTADO MAYOR CONJUNTO,61.101.040-0,Gobierno Central,Región de Antofagasta,1,1,135,163,2031645048,95,70,70,78700518,38,75359265,351,1758117.0
132741,I MUNICIPALIDAD DE ERCILLA,69.180.600-6,Municipios,Región del Maule,1,1,52,312,2031422009,206,136,136,185569602,34,182181260,705,2746796.0
1808599,Corporación Municipal de Deporte  de Vitacura,65.206.047-1,Municipios,Región Metropolitana de Santiago,1,1,101,116,2024145652,11,0,0,0,0,0,79,425007.0
7389,SERVICIO DE SALUD BIO BIO HOSPITAL DE HU,61.607.305-2,Salud,Región del Maule,1,1,13,59,1997524123,207,207,207,318051946,11,316869136,746,1894661.0
115285,I MUNICIPALIDAD DE FLORIDA,69.150.700-9,Municipios,Región Metropolitana de Santiago,1,1,5,68,1996261779,166,75,75,175248373,4,175248373,594,2552132.0
7436,SERVICIO DE SALUD HOSPITAL DE PICHILEMU,61.602.153-2,Salud,Región de Tarapacá,1,1,23,59,1984496526,166,139,138,180175645,17,180175645,756,1241190.0
1842168,CORPORACION MUNICIPAL DE MARÍA PINTO,70.882.100-4,Municipios,Región Metropolitana de Santiago,1,1,44,44,1982305204,92,45,45,248987673,20,240824521,387,1274831.0
119999,I MUNICIPALIDAD DE LAGUNA BLANCA,69.251.200-6,Municipios,Región Metropolitana de Santiago,1,1,49,217,1977800240,20,20,20,41523397,14,41523397,109,717130.0
124198,Ilustre Municipalidad de Quirihue,69.140.100-6,Municipios,Región Metropolitana de Santiago,1,1,9,114,1975116881,218,71,71,82764671,2,82764671,707,2122177.0
118628,DIRECCION SALUD RURAL,61.974.600-7,Salud,Región Aysén del General Carlos Ibáñez del Campo,1,1,16,42,1973230620,301,43,43,167428694,10,164502246,1209,3870744.0
7139,SERVICIO DE SALUD NUBLE HOSPITAL DE EL C,61.607.006-1,Salud,Región Metropolitana de Santiago,1,1,10,54,1956766722,179,179,178,237153326,10,237153326,869,1317145.0
7344,HOSPITAL DR MARIO SANCHEZ VERGARA LA CALERA,61.606.609-9,Salud,Región del Libertador General Bernardo O´Higgins,1,1,42,1205,1934890021,88,45,45,94371864,16,94371864,497,1107797.0
118071,I MUNICIPALIDAD DE PINTO,69.141.000-5,Municipios,Región Metropolitana de Santiago,1,1,56,122,1910075203,246,130,130,356683006,12,298183006,925,2355394.0
118855,I MUNICIPALIDAD DE HUALANE,69.100.600-K,Municipios,Región Metropolitana de Santiago,1,1,17,68,1907246000,167,41,41,38873338,1,38873338,548,2931218.0
6933,Consejo de Defensa del Estado,61.006.000-5,Gobierno Central,Región de Atacama,1,1,7,164,1886115572,58,47,47,51138696,3,51138696,298,715870.0
1550588,SUBSECRETARIA DE DERECHOS HUMANOS,61.980.820-7,Gobierno Central,Región de Antofagasta,1,1,14,72,1876202000,80,76,76,233821215,9,233821215,295,629929.0
7423,SERVICIO DE SALUD VALDIVIA HOSPITAL DE R,61.607.508-k,Salud,Región del Libertador General Bernardo O´Higgins,1,1,45,878,1850266632,232,232,232,312191253,33,311709133,911,1665050.0
7487,HOSPITAL SAN AGUSTIN DE LA LIGUA,61.606.611-0,Salud,Región de Valparaíso,1,1,39,39,1848124526,111,104,104,224216157,25,224216157,444,1116189.0
7323,SERVICIO SALUD COQUIMBO HOSP DE SALAMANC,61.606.408-8,Salud,Región de Coquimbo,1,1,38,574,1847449820,173,57,57,172029313,21,172029313,769,1640576.0
1145766,CORP MUNICIPAL DE ISLA DE MAIPO PARA L,70.937.200-9,Municipios,Región Metropolitana de Santiago,1,1,4,113,1835616393,136,135,135,172085176,4,172085176,596,1311236.0
7280,SERVICIO DE SALUD DEL MAULE HOSPITAL DE MOLINA,61.606.908-k,Salud,Región Metropolitana de Santiago,1,1,26,77,1808656480,255,230,229,253125175,19,253125175,1032,1227677.0
7441,SERVICIO DE SALUD HOSPITAL DE CHIMBARONGO,61.602.146-k,Salud,Región de Valparaíso,1,1,31,134,1806405769,51,47,47,180694691,14,180694691,201,818739.0
116946,ILUSTRE MUNICIPALIDAD DE HUARA,69.010.200-5,Municipios,Región Metropolitana de Santiago,1,1,4,152,1805084288,163,120,120,218542643,4,218542643,716,3094926.0
1546095,HOSPITAL SANTA ELISA DE SAN JOSE DE LA MARIQUINA,61.980.670-0,Salud,Región de Los Ríos,1,1,51,57,1785603228,87,86,86,277193423,26,275575423,423,1279977.0
116219,I MUNICIPALIDAD DE CALERA DE TANGO,69.072.800-1,Municipios,Región Metropolitana de Santiago,1,1,77,1280,1780689917,124,98,98,443810097,32,146310103,519,2947834.0
1577943,CENTRO DE FORMACION TECNICA DE LA REGION DE LA ARAUCANIA,65.148.017-5,"Liceos, Institutos y CFT",Región de la Araucanía,1,1,7,22,1779859349,81,80,80,310969402,6,213498293,195,632198.0
142508,I MUNICIPALIDAD DE NEGRETE,69.170.801-2,Municipios,Región del Biobío,1,1,3,89,1778325000,199,199,199,476794043,3,476794043,811,2082829.0
115304,I MUNICIPALIDAD DE MARCHIGUE,69.091.300-3,Municipios,Región Metropolitana de Santiago,1,1,3,79,1766586584,361,345,345,281465244,3,281465244,1181,3586825.0
1820138,CORPORACION MUNICIPAL DE FOMENTO   PRODUCTIVO DE ARICA,65.166.511-6,Municipios,Región Metropolitana de Santiago,1,1,12,75,1762298057,43,41,41,427671204,4,226209341,204,1811613.0
1700248,CENTRO DE FORMACION TECNICA ESTATAL DE MAGALLANES Y ANTARTICA CHILENA,62.000.760-9,"Liceos, Institutos y CFT",Región de Magallanes y de la Antártica,1,1,67,67,1757720543,45,6,6,387435448,5,384056884,223,1844059.0
1216382,SUBSECRETARIA PARA LAS FUERZAS ARMADAS,61.979.970-4,Gobierno Central,Región de Tarapacá,1,1,16,104,1753943379,83,73,72,191683404,10,191683404,293,1727494.0
117210,I MUNICIPALIDAD DE SANTA MARIA,69.051.000-6,Municipios,Región de los Lagos,1,1,18,73,1742200092,232,154,154,210920390,14,176715420,1100,3406089.0
123526,I MUNICIPALIDAD DE PALMILLA,69.091.000-4,Municipios,Región del Libertador General Bernardo O´Higgins,1,1,44,48,1741011262,216,14,11,37514951,7,37514951,907,3155849.0
115299,I MUNICIPALIDAD DE PORTEZUELO,69.140.201-0,Municipios,Región del Biobío,1,1,124,128,1739535000,262,217,217,169720261,53,167933242,1061,2020165.0
7156,SERVICIO DE SALUD DE LA ARAUCANIA SUR HOSPITAL LONCOCHE,61.602.247-4,Salud,Región del Biobío,1,1,13,35,1727250029,96,91,91,256307399,9,254857399,406,1936904.0
7064,I MUNICIPALIDAD DE LLANQUIHUE,69.220.302-K,Municipios,Región de los Lagos,1,1,33,114,1704415000,236,235,234,227334532,27,227334532,983,1278457.0
7329,SERVICIO DE SALUD COQUIMBO HOSPITAL VICUNA,61.606.401-0,Salud,Región de Coquimbo,1,1,21,79,1689881720,121,116,116,215491766,16,215134976,473,1058571.0
7043,Comité de Seguros del Agro,75.971.200-5,Gobierno Central,Región de Tarapacá,1,1,1,30,1676171999,17,16,16,3360881,1,3360881,50,830489.0
116407,Ilustre Municipalidad de Cabo de Hornos,69.254.400-5,Municipios,Región del Biobío,1,1,47,49,1667620000,73,69,69,173754080,19,147287556,269,1019029.0
2038652,CORPORACION CENTRO CULTURAL GABRIELA MISTRAL,65.011.263-6,Fundación e Institución Privada,Región Metropolitana de Santiago,1,1,11,164,1657109399,42,18,18,180205572,6,180205572,76,162642.0
6949,MINISTERIO SECRETARIA GENERAL DE LA PRESIDENCIA DE LA REPUBLICA,60.100.003-2,Gobierno Central,Región de Arica y Parinacota,1,1,2,114,1629080167,35,21,21,78074964,1,78074964,142,433696.0
7426,SERVICIO DE SALUD VALDIVIA HOSPITAL DE C,61.607.505-5,Salud,Región Metropolitana de Santiago,1,1,50,354,1619408460,71,65,65,135935143,25,135849503,309,907837.0
7350,DELEGACIÓN PRESIDENCIAL PROVINCIAL DE PARINACOTA,60.511.139-4,Gobierno Central,Región Metropolitana de Santiago,1,1,4,29,1608584194,27,18,18,367908132,4,367908132,76,2274419.0
7432,INSTITUTO NACIONAL DE REHABILITACION PEDRO AGUIRRE CERDA,61.602.117-6,Salud,Región de Tarapacá,1,1,17,493,1606457046,136,108,108,293765284,12,291739852,587,1562061.0
1971712,CORP MUNICIPAL DE EDUCACION Y SERVICIOS RAMON FREIRE,71.146.000-4,Municipios,Región Metropolitana de Santiago,1,1,1,30,1599434489,76,75,75,80521288,1,80521288,298,563702.0
1824423,FUNDACION MUNICIPAL DE CULTURA DE PROVIDENCIA,65.081.285-9,Municipios,Región Metropolitana de Santiago,1,1,4,17,1587619712,79,79,79,131600591,3,131600591,289,640896.0
7472,SERVICIO DE SALUD COQUIMBO HOSPITAL DE ANDACOLLO,61.606.405-3,Salud,Región de Coquimbo,1,1,40,260,1573847384,130,130,130,191009667,21,191009667,460,819169.0
1675231,SERVICIO LOCAL DE EDUCACION PUBLICA DE GABRIELA MISTRAL,62.000.650-5,Gobierno Central,Región Metropolitana de Santiago,1,1,2,45,1560608995,20,9,9,72936385,2,72936385,171,2681798.0
119479,ILUSTRE MUNICIPALIDAD DE PUTRE,69.250.800-9,Municipios,Región de Arica y Parinacota,1,1,3,213,1537300000,137,0,0,0,0,0,586,3640798.0
7232,SUPERINTENDENCIA DE ELECTRICIDAD Y COMBUSTIBLES,60.510.000-7,Gobierno Central,Región de Antofagasta,1,1,40,40,1534070785,36,25,25,199920739,13,149708969,149,934478.0
136421,I MUNICIPALIDAD DE SAN ROSENDO,69.151.101-4,Municipios,Región Metropolitana de Santiago,1,1,31,346,1506671751,116,76,76,107320582,13,107320582,490,1438461.0
7018,SUBSECRETARIA DEL MINISTERIO DE MINERIA,61.701.000-3,Gobierno Central,Región de Tarapacá,1,1,1,191,1500659437,89,79,79,79645828,1,79645828,300,1520389.0
117587,I MUNICIPALIDAD DE PEMUCO,72.632.100-0,Municipios,Región Metropolitana de Santiago,1,1,11,72,1500350000,75,26,26,53205375,7,53205375,326,901778.0
117585,I MUNICIPALIDAD DE PRIMAVERA,69.251.300-2,Municipios,Región de Magallanes y de la Antártica,1,1,9,689,1497701949,40,5,5,13032446,2,13032446,131,586723.0
6950,SERVICIO DE COOPERACION TECNICA,82.174.900-k,Gobierno Central,Región de Arica y Parinacota,1,1,23,129,1475604071,51,6,6,49952025,5,49952025,243,3146834.0
113851,I MUNICIPALIDAD DE LONCOCHE,69.191.100-4,Municipios,Región del Libertador General Bernardo O´Higgins,1,1,43,331,1475568436,292,93,93,66203050,20,66203050,1257,3868035.0
1203668,Superintendencia del Medio Ambiente,61.979.950-k,Gobierno Central,Región de Atacama,1,1,41,107,1449843829,19,16,16,93027159,12,93027159,118,594556.0
1688781,CONSULTORIO GENERAL URBANO SAN FELIPE,69.287.560-5,Salud,Región Metropolitana de Santiago,1,1,2,58,1448308200,79,65,65,29567966,2,29567966,458,862844.0
7274,SERVICIO DE SALUD METROPOLITANO NORTE HOSPITAL DE TIL TIL,61.608.006-7,Salud,Región de Coquimbo,1,1,49,81,1443664867,38,16,16,44402889,10,44402889,235,1765722.0
7465,SERVICIO NACIONAL DE SALUD HOSPITAL PUREN,61.602.224-5,Salud,Región de la Araucanía,1,1,16,42,1432356840,122,112,108,219717310,13,219717310,500,1102730.0
116747,I MUNICIPALIDAD DE CISNES,69.240.200-6,Municipios,Región Aysén del General Carlos Ibáñez del Campo,1,1,53,222,1425861131,189,138,136,143204594,26,137313925,885,1629013.0
7235,CORP DE ASISTENCIA JUDICIAL DE LA REGION DE VALPARAISO,70.816.800-9,Gobierno Central,Región de Atacama,1,1,42,78,1415972505,17,15,15,9039326,4,9039326,65,174440.0
119639,I MUNICIPALIDAD DE ANDACOLLO,69.040.400-1,Municipios,Región Metropolitana de Santiago,1,1,31,31,1414735153,99,42,28,51270472,5,51270472,386,4372305.0
7257,SERVICIO DE SALUD DEL MAULE HOSPITAL DE LICANTEN,61.606.905-5,Salud,Región del Maule,1,1,43,998,1414450422,115,96,96,111940343,28,111940343,363,584114.0
1623817,SUBSECRETARIA DEL PATRIMONIO CULTURAL,62.000.370-0,Gobierno Central,Región del Libertador General Bernardo O´Higgins,1,1,27,59,1410502509,20,18,18,94856566,10,86356252,69,602710.0
165285,I MUNICIPALIDAD DE LA ESTRELLA,69.091.400-K,Municipios,Región de la Araucanía,1,1,6,118,1407136295,129,81,81,187070445,6,187070445,523,2055631.0
133899,I MUNICIPALIDAD DE PERQUENCO,69.190.300-1,Municipios,Región de la Araucanía,1,1,91,257,1393393559,164,0,0,0,0,0,794,3223713.0
116218,I MUNICIPALIDAD DE TIL TIL,69.071.600-3,Municipios,Región Metropolitana de Santiago,1,1,51,63,1391049977,118,85,85,291151584,32,235501369,537,1785616.0
7414,SERVICIO SALUD ATACAMA HOSPITAL DE HUASCO,61.606.309-k,Salud,Región de Atacama,1,1,1,30,1389954903,67,55,55,161589860,1,161589860,296,1041172.0
1606467,CONSEJO NACIONAL DE TELEVISION,60.909.000-6,Organismo autónomo,Región de Antofagasta,1,1,10,115,1380773031,26,9,9,9074633,2,9074633,81,1001536.0
7454,ILUSTRE MUNICIPALIDAD DE DIEGO DE ALMAGRO,69.250.500-k,Municipios,Región de Atacama,1,1,84,120,1361172940,160,23,23,9764396,13,9710425,623,3106703.0
1688785,CENTRO DE SALUD FAMILIAR CESFAM LLAY LLAY,62.000.620-3,Salud,Región de Valparaíso,1,1,18,63,1359155305,115,80,80,145597383,5,145597383,467,846756.0
115311,I MUNICIPALIDAD DE MULCHEN,69.170.500-5,Municipios,Región de la Araucanía,1,1,24,111,1358885840,168,51,51,34473619,6,34473619,622,2544249.0
118085,Ilustre Municipalidad de San Juan de la Costa,69.251.800-4,Municipios,Región de los Lagos,1,1,88,134,1352872000,274,168,168,170874427,47,167379603,1046,2959146.0
7196,DELEGACIÓN PRESIDENCIAL REGIONAL DE VALPARAÍSO,60.511.050-9,Gobierno Central,Región Metropolitana de Santiago,1,1,6,42,1344900000,29,26,26,177100257,5,177100257,109,424396.0
1959810,SERVICIO LOCAL DE EDUCACIÓN PÚBLICA ANTOFAGASTA,61.981.250-6,Gobierno Central,Región de Antofagasta,1,1,27,161,1344865602,10,10,10,140523496,8,139426727,40,501519.0
118068,I MUNICIPALIDAD DE FUTALEUFU,69.231.200-7,Municipios,Región de los Lagos,1,1,9,324,1323488606,249,149,149,97914404,9,97914404,1017,2153043.0
275314,DELEGACIÓN PRESIDENCIAL PROVINCIAL DEL TAMARUGAL,61.979.010-3,Gobierno Central,Región Metropolitana de Santiago,1,1,11,46,1321395779,34,33,33,57076741,6,57076741,101,1278644.0
7275,DELEGACIÓN PRESIDENCIAL PROVINCIAL DE MALLECO,60.511.091-6,Gobierno Central,Región de la Araucanía,1,1,3,26,1318747502,64,1,1,691630,1,691630,364,4305072.0
1818181,CORPORACION MUNICIPAL DE CULTURA DE TALCA,65.061.839-4,Municipios,Región del Maule,1,1,12,93,1316986500,23,23,23,145073249,3,134843249,87,1225982.0
1857193,FUNDACION TEATRO MUNICIPAL DE LAS CONDES,65.027.349-4,Municipios,Región Metropolitana de Santiago,1,1,13,43,1309904049,20,16,16,353682407,9,353682407,75,573844.0
113259,I MUNICIPALIDAD DE LOTA,69.259.900-4,Municipios,Región del Biobío,1,1,22,22,1307617860,377,125,125,147987264,16,147987264,1305,2914295.0
115795,ILUSTRE MUNICIPALIDAD DE SAN GREGORIO,69.251.500-5,Municipios,Región de los Lagos,1,1,2,99,1303520000,73,53,53,83316574,2,83316574,318,2269409.0
7370,HOSPITAL DE MEJILLONES,61.606.205-0,Salud,Región de Tarapacá,1,1,26,195,1302547847,44,30,30,53569802,11,53569802,178,1199403.0
1191967,SUBSECRETARIA DE DEFENSA,61.979.870-8,Gobierno Central,Región de Valparaíso,1,1,10,69,1297250411,44,43,43,191552512,6,191552512,112,419160.0
106000,ILUSTRE MUNICIPALIDAD DE TORRES DEL PAIN,69.251.700-8,Municipios,Región del Biobío,1,1,61,84,1282165995,91,66,66,159329227,23,140524258,406,1371989.0
1443597,CESFAM LIRQUEN,61.980.370-1,Salud,Región del Biobío,1,1,13,38,1278300000,74,0,0,0,0,0,349,703004.0
113252,ILUSTRE MUNICIPALIDAD DE RETIRO,69.130.800-6,Municipios,Región del Maule,1,1,21,45,1274236984,311,9,9,6767105,4,6767105,1217,3537880.0
84473,I MUNICIPALIDAD DE CANELA,69.041.300-0,Municipios,Región Metropolitana de Santiago,1,1,24,34,1271804229,263,13,13,346049982,8,346049982,1216,4575065.0
7282,DELEGACIÓN PRESIDENCIAL PROVINCIAL DE LINARES,60.511.073-8,Gobierno Central,Región del Maule,1,1,16,30,1251500000,17,12,12,8626364,5,8626364,98,1396024.0
7290,Hospital Galvarino,61.602.240-7,Salud,Región Metropolitana de Santiago,1,1,2,79,1233020450,87,87,87,234259643,2,234259643,391,1073474.0
116754,SERVICIO NACIONAL DE SALUD HOSPITAL DE C,61.602.281-4,Hospitales,Aysén del Gral. Carlos Ibáñez del Campo,0,1,11,49,1229361380,173,168,167,620962166,10,495974660,732,2676110.0
294421,Ilustre Municipalidad de Camarones,69.251.000-3,Municipios,Región de la Araucanía,1,1,11,96,1224393996,86,2,2,2174844,1,2174844,313,1789121.0
118971,I MUNICIPALIDAD DE PAREDONES,69.090.900-6,Municipios,Región del Libertador General Bernardo O´Higgins,1,1,53,53,1222196000,247,95,95,246694169,19,246694169,900,2924998.0
116944,I MUNICIPALIDAD DE EMPEDRADO,69.120.200-3,Municipios,Región Metropolitana de Santiago,1,1,47,88,1219183172,99,58,58,138968583,25,133777421,490,1639654.0
7501,I MUNICIPALIDAD DE CHANCO,69.120.300-k,Municipios,Región Metropolitana de Santiago,1,1,80,81,1217767190,93,34,34,216290675,21,216290675,428,2853825.0
1860541,"CORPORACIÓN MUNICIPAL DE EDUCACIÓN, SALUD Y ATENCIÓN DE MENORES CHONCHI",71.299.000-7,Municipios,Región Metropolitana de Santiago,1,1,24,24,1212800000,125,125,125,133799786,20,133799786,453,647329.0
7371,DIRECCION NACIONAL DEL SERVICIO CIVIL,65.290.590-0,Gobierno Central,Región de los Lagos,1,1,14,120,1210545980,131,10,10,135857979,4,135857979,362,1957186.0
117586,Municipalidad de Gorbea,69.191.200-0,Municipios,Región Metropolitana de Santiago,1,1,91,438,1208497552,230,114,114,119152335,37,119152335,807,2261818.0
7330,SERVICIO DE SALUD COQUIMBO HOSPITAL COMB,61.606.406-1,Salud,Región Metropolitana de Santiago,1,1,24,98,1197543264,85,0,0,0,0,0,431,770021.0
7199,GOBIERNO REGIONAL DE ANTOFAGASTA,72.224.100-2,Gobierno Central,Región de Antofagasta,1,1,9,125,1172624770,90,70,70,209107162,4,209107162,274,13749266.0
1216200,SERVICIO NACIONAL DE SALUD HOSPITAL DE LLAY LLAY,61.602.042-0,Salud,Región de Valparaíso,1,1,50,54,1166076115,73,71,71,200163114,24,182609266,436,1175621.0
7422,SERVICIO DE SALUD VALDIVIA HOSPITAL DE P,61.607.507-1,Salud,Región de Los Ríos,1,1,40,46,1164049443,130,130,127,207358124,23,192137560,505,891095.0
118627,CONSULTORIO GENERAL URBANO DR ALEJANDRO GUTIERREZ,61.974.500-0,Salud,Región de Valparaíso,1,1,1,26,1158399000,131,16,16,41625710,1,41625710,478,1062699.0
1688783,CONSULTORIO GENERAL N°2 DE LOS ANDES,69.287.570-2,Salud,Región de Valparaíso,1,1,1,24,1141929957,24,24,24,21727957,1,21727957,125,1180838.0
7400,SERVICIO DE SALUD CONCEPCION ARAUCO HOSPITAL DE CONTULMO,61.607.103-3,Salud,Región del Libertador General Bernardo O´Higgins,1,1,6,562,1137296999,123,53,53,90995471,5,90995471,511,1193617.0
7197,INSTITUTO NACIONAL DE LA JUVENTUD,60.110.000-2,Gobierno Central,Región de Tarapacá,1,1,7,168,1135409469,29,24,24,108934521,5,108934521,82,249156.0
7263,DELEGACIÓN PRESIDENCIAL PROVINCIAL DE CURICÓ,60.511.071-1,Gobierno Central,Región del Maule,1,1,3,8,1131929999,15,4,4,524388039,2,524388039,52,1959288.0
119487,ILUSTRE MUNICIPALIDAD DE CAMINA,69.251.100-K,Municipios,Región de Tarapacá,1,1,3,107,1111265244,105,0,0,0,0,0,459,2091588.0
1625610,DEFENSORIA DE LOS DERECHOS DE LA NIÑEZ,62.000.410-3,Gobierno Central,Región de Coquimbo,1,1,22,131,1106843000,49,38,38,48714934,17,46471334,199,394649.0
7237,DELEGACIÓN PRESIDENCIAL PROVINCIAL DE EL LOA,60.511.023-1,Gobierno Central,Región de Antofagasta,1,1,25,25,1098759293,11,0,0,0,0,0,44,533884.0
134356,Ilustre Municipalidad de Ñiquen,69.140.600-8,Municipios,Región Metropolitana de Santiago,1,1,1,18,1096445000,330,0,0,0,0,0,1389,2823193.0
7115,DELEGACIÓN PRESIDENCIAL REGIONAL DE ATACAMA,60.511.030-4,Gobierno Central,Región de Atacama,1,1,72,72,1094625582,38,28,27,73425028,19,71604368,124,1467262.0
1396777,SUBSECRETARIA DEL DEPORTE,61.980.360-4,Gobierno Central,Región de Tarapacá,1,1,8,88,1086964450,57,44,44,298261382,6,298261382,138,567605.0
1828274,CORPORACION SOCIAL Y CULTURA DE CONCEPCION - SEMCO,70.942.400-9,Municipios,Región del Biobío,1,1,7,166,1074070268,38,33,33,80605098,6,80605098,182,571748.0
7439,Hospital de Litueche,61.602.152-4,Salud,Región Metropolitana de Santiago,1,1,54,217,1070564094,39,23,23,41867232,13,41288179,159,536165.0
7449,SERVICIO DE SALUD HOSPITAL DE GRANEROS,61.602.132-k,Salud,Región del Libertador General Bernardo O´Higgins,1,1,55,1380,1064097242,60,56,56,107319234,24,107208673,276,599772.0
89591,I MUNICIPALIDAD DE RIO CLARO,69.110.700-0,Municipios,Región de Coquimbo,1,1,3,60,1063389984,81,15,15,11152953,3,11152953,404,2173546.0
7255,SERVICIO DE SALUD DEL MAULE HOSPITAL DE HUALANE,61.606.906-3,Salud,Región Metropolitana de Santiago,1,1,13,37,1049246170,99,99,99,146002937,10,146002937,369,683992.0
1821120,CORPORACION MUNICIPAL DE DEPORTES Y RECREACIÓN DE ANTOFAGASTA,65.076.481-1,Municipios,Región de Antofagasta,1,1,1,49,1047185800,24,14,14,307667296,1,307667296,82,672431.0
7444,SERVICIO DE SALUD HOSPITAL DE PEUMO,61.602.142-7,Salud,Región del Libertador General Bernardo O´Higgins,1,1,27,124,1042128489,90,80,80,160022143,10,160022143,394,784890.0
7318,Hospital Santa Juana,61.602.204-0,Salud,Región del Biobío,1,1,1,63,1034513992,77,61,61,116486075,1,116486075,355,1218918.0
7425,SERVICIO DE SALUD VALDIVIA HOSPITAL DE L,61.607.509-8,Salud,Región de Los Ríos,1,1,57,96,1031247800,64,64,64,134451219,26,134451219,322,808232.0
7005,OFICINA DE ESTUDIOS Y POLITICAS AGRARIAS,61.301.100-5,Gobierno Central,Región de Coquimbo,1,1,8,38,1029773688,21,21,21,147032161,6,147032161,94,537466.0
7195,DELEGACIÓN PRESIDENCIAL REGIONAL METROPOLITANA DE SANTIAGO,60.511.130-0,Gobierno Central,Región Metropolitana de Santiago,1,1,32,43,1024401601,29,20,20,47266492,9,47261208,88,144599.0
120798,I MUNICIPALIDAD DE MARIA PINTO,69.073.300-5,Municipios,Región Metropolitana de Santiago,1,1,12,64,1021912128,80,52,52,89230188,8,89230188,425,1555625.0
7415,SERVICIO DE SALUD ATACAMA HOSPITAL FLORENCIO VARGAS DIAZ,61.606.306-5,Salud,Región Metropolitana de Santiago,1,1,40,47,1017114000,77,77,77,198678963,30,197463193,320,810058.0
1796821,CENTRO DE FORMACIÓN TÉCNICA ESTATAL DE LA REGIÓN DEL BIOBÍO,65.201.852-1,"Liceos, Institutos y CFT",Región de Antofagasta,1,1,18,41,1016613369,60,41,41,44721503,9,44721503,234,324594.0
2013096,CORPORACION TEATRO REGIONAL DEL BIO-BIO,65.079.385-4,Gobierno Central,Región Metropolitana de Santiago,1,1,48,91,1007375742,47,30,30,14121651,7,14121651,226,879747.0
115163,MUNICIPALIDAD DE TRAIGUEN,69.180.700-2,Municipios,Región de la Araucanía,1,1,3,48,1006350000,245,26,24,151343066,3,151343066,864,4475821.0
1801849,Corporación Cultural Municipal de Puente Alto,65.098.901-5,Municipios,Región Metropolitana de Santiago,1,1,12,137,995662929,74,54,54,103986696,7,103986696,223,354888.0
2077784,FUND CENTRO CULTURAL PALACIO DE LA MONEDA,65.483.190-4,Gobierno Central,,1,1,21,272,987295444,44,32,32,22769428,16,22769428,191,214740.0
7490,HOSPITAL GERIATRICO LA PAZ DE LA TARDE,61.606.607-2,Salud,Región de Valparaíso,1,1,43,1966,984049399,175,69,69,58718887,21,58718887,760,866272.0
7476,SERVICIO NAC DE SALUD HOSPITAL DE PTO CISNES,61.602.293-8,Salud,Región del Maule,1,1,19,93,973233514,86,85,85,161515983,9,161515983,351,760346.0
7421,SERVICIO DE SALUD HOSPITAL COINCO,61.602.134-6,Salud,Región del Libertador General Bernardo O´Higgins,1,1,6,1930,968762932,77,49,49,69517154,6,69517154,284,525919.0
7470,SERVICIO NACIONAL DE SALUD HOSPITAL DE RIO NEGRO,61.602.262-8,Salud,Región de los Lagos,1,1,30,91,966888249,85,85,85,136326160,19,136326160,395,677592.0
7261,SERVICIO DE SALUD DEL MAULE HOSPITAL DE TENO,61.606.907-1,Salud,Región Metropolitana de Santiago,1,1,52,54,955138507,121,116,116,159747997,30,159747997,446,694662.0
2004021,CORPORACION REGIONAL DE DESARROLLO PRODUCTIVO DE LA REGION DEL MAULE,65.034.681-5,Gobierno Central,,1,1,1,39,951466000,34,33,33,384424480,1,384424480,50,634280.0
7049,HOSPITAL VILCUN,61.602.242-3,Salud,Región de la Araucanía,1,1,9,24,935151000,65,44,44,119200068,6,119200068,260,1025899.0
118093,ILUSTRE MUNICIPALIDAD DE CURARREHUE,69.252.400-4,Municipios,Región de la Araucanía,1,1,3,95,934607262,173,55,55,63906677,3,63906677,696,2095371.0
7301,Ilustre Municipalidad de Tortel,69.253.400-k,Municipios,Región Metropolitana de Santiago,1,1,8,8,933426000,61,0,0,0,0,0,294,1628250.0
7047,SERVICIO DE SALUD ARAUCANIA SUR HOSPITAL DE GORBEA,61.602.245-8,Salud,Región de la Araucanía,1,1,10,45,912593000,148,132,132,207185563,8,207185563,719,1118948.0
141884,Ilustre Municipalidad de Contulmo,69.160.600-7,Municipios,Región del Biobío,1,1,21,96,890151640,303,252,252,151825221,18,151825221,1146,4479243.0
270727,DELEGACIÓN PRESIDENCIAL REGIONAL DE ARICA Y PARINACOTA,61.978.970-9,Gobierno Central,Región de Arica y Parinacota,1,1,1,14,884650000,60,6,6,879358,1,879358,196,1193074.0
7287,SERVICIO NACIONAL DE SALUD HOSPITAL DE PUERTO OCTAY,61.602.261-k,Salud,Región de los Lagos,1,1,20,96,866593704,105,75,75,78835127,9,78582480,446,656816.0
118630,CONSULTORIO GENERAL URBANO VICTOR DOMINGO SILVA,61.974.700-3,Salud,Región de los Lagos,1,1,69,69,864977778,78,32,32,95623231,15,95614815,262,881733.0
7076,FISCALIA NACIONAL ECONOMICA,60.701.001-3,Gobierno Central,Región Metropolitana de Santiago,1,1,17,79,860415692,11,7,7,35158886,5,35158886,59,308203.0
116410,I MUNICIPALIDAD DE LA HIGUERA,69.040.200-9,Municipios,Región de Coquimbo,1,1,3,33,856709000,162,9,9,7485458,1,7485458,694,1640354.0
7307,SERV SALUD ARAUC SUR HOSP DR ARTURO HILLERNS LARRANAGA DE PTO SAAVEDRA,61.602.299-7,Salud,Región del Maule,1,1,6,30,855549000,98,75,75,150810405,5,150810405,529,1075771.0
192032,COMISION ADMINISTRADORA DEL SISTEMA DE CREDITOS P. ESTUDIOS SUPERIORES,65.613.130-6,Gobierno Central,Región Metropolitana de Santiago,1,1,1,23,850815331,21,0,0,0,0,0,110,251274.0
1978388,ASOCIACION DE MUNICIPALIDADES BIO BIO CENTRO,65.100.885-9,Municipios,Región del Biobío,1,1,11,26,829951080,29,29,29,132784365,4,132784365,88,311773.0
1806732,Defensoría del Contribuyente,62.000.930-k,Gobierno Central,Región Metropolitana de Santiago,1,1,19,131,828554106,33,30,30,105264991,12,105264991,100,347536.0
1238659,HOSPITAL FUTA SRÜKA LAWENCHE KUNKO MAPU MO,61.980.070-2,Salud,Región de los Lagos,1,1,48,50,823328068,97,97,96,118078969,38,117648349,451,644180.0
7279,SERVICIO DE SALUD DEL MAULE HOSPITAL DE,61.606.915-2,Salud,Región de Valparaíso,1,1,1,44,818946988,103,73,73,78921840,1,78921840,463,600010.0
115463,I MUNICIPALIDAD DE O HIGGINS,69.253.500-6,Municipios,Región Aysén del General Carlos Ibáñez del Campo,1,1,20,123,817932170,38,15,15,107754994,11,74074983,247,2330300.0
7278,SERVICIO DE SALUD DEL MAULE HOSPITAL DE CUREPTO,61.606.910-1,Salud,Región del Maule,1,1,49,50,817712215,71,58,58,100768006,23,100768006,305,534175.0
7442,SERVICIO DE SALUD HOSPITAL DE MARCHIGUE,61.602.151-6,Salud,Región Metropolitana de Santiago,1,1,39,170,807942650,47,0,0,0,0,0,249,525253.0
1986812,ASOCIACION DE MUNICIPALIDADES PARQUE CORDILLERA,65.060.484-9,Municipios,Región Metropolitana de Santiago,1,1,38,132,798292783,18,17,14,40968331,11,40968331,78,192002.0
7435,SERVICIO DE SALUD HOSPITAL DE PICHIDEGUA,61.602.143-5,Salud,Región Metropolitana de Santiago,1,1,1,67,797108984,51,48,47,50368396,1,50368396,148,389999.0
1215262,SERVICIO DE SALUD ACONCAGUA HOSPITAL DE PUTAENDO,61.606.703-6,Salud,Región de Valparaíso,1,1,1,39,795194259,109,109,109,115666897,1,115666897,455,495576.0
1883625,CORPORACION CULTURAL MUNICIPAL DE LA COMUNA DE CHILLAN,65.077.305-5,Municipios,Región Metropolitana de Santiago,1,1,8,65,794795678,68,52,52,78650594,7,78650594,241,689207.0
165107,I MUNICIPALIDAD DE LAS GUAITECAS,69.253.300-3,Municipios,Región de los Lagos,1,1,19,152,792116676,74,51,51,50835516,11,50835516,266,743296.0
272303,CORP DE ASISTENCIA JUDICIAL DE LAS REG T,60.318.000-3,Gobierno Central,Región de Tarapacá,1,1,2,30,780178015,15,12,12,15993822,1,15993822,50,430625.0
270726,DELEGACIÓN PRESIDENCIAL REGIONAL DE LOS RÍOS,61.978.950-4,Gobierno Central,Región de Los Ríos,1,1,2,34,769879421,51,11,11,55246400,2,55246400,165,2520620.0
7077,GOBIERNO REGIONAL DE ATACAMA,72.232.200-2,Gobierno Central,Región de Atacama,1,1,50,442,765927545,83,76,75,137729544,22,135439547,302,567805.0
182336,ILUSTRE MUNICIPALIDAD DE ALTO BIOBIO,69.264.600-2,Municipios,Región del Biobío,1,1,2,52,765045362,331,16,16,6502375,1,6502375,765,1130060.0
128260,SUPERINTENDENCIA DE CASINOS DE JUEGO,61.976.100-6,Gobierno Central,Región Metropolitana de Santiago,1,1,8,35,756992138,19,17,17,186198362,5,185836895,90,523923.0
1085182,"Corporación de Ecuación, Salud y Menores de Puerto Natales",71.165.800-9,Municipios,Región de Magallanes y de la Antártica,1,1,10,42,753600000,105,29,29,41340446,4,41340446,378,546374.0
7015,GOBIERNO REGIONAL DE LA REGION DEL BIO BIO,72.232.500-1,Gobierno Central,Región de Valparaíso,1,1,1,32,752820000,91,0,0,0,0,0,289,4606432.0
1812266,FUNDACION PARA EL DESARROLLO DE LA CULTURA Y LAS ARTES DE LA COMUNA DE,65.170.323-9,Municipios,Región de Magallanes y de la Antártica,1,1,9,16,750450000,0,0,0,0,0,0,47,933928.0
7075,Comisión Chilena del Cobre - COCHILCO,61.706.000-0,Gobierno Central,Región Metropolitana de Santiago,1,1,2,103,750113554,29,29,29,54975097,2,54975097,100,184931.0
7380,CENTRO DE INFORMACION DE RECURSOS NATURALES,71.294.800-0,Fundación e Institución Privada,Región Metropolitana de Santiago,1,1,1,18,743673524,14,10,10,51299132,1,51299132,81,412860.0
114924,I MUNICIPALIDAD DE NUEVA IMPERIAL,69.190.400-8,Municipios,Región de la Araucanía,1,1,23,1241,742887866,297,0,0,0,0,0,1258,4706864.0
7418,Ilustre Municipalidad de Ranquil,69.150.300-3,Municipios,Región del Biobío,1,1,37,117,736999880,210,86,86,87454071,16,87454071,774,1262016.0
1897431,CORPORACION MUNICIPAL DE DEPORTES DE IQUIQUE,65.039.239-6,Municipios,Región de Tarapacá,1,1,1,85,734706435,44,44,44,190199585,1,190199585,151,540757.0
1976169,FUNDACION IMAGEN DE CHILE,65.010.882-5,Fundación e Institución Privada,Región Metropolitana de Santiago,1,1,12,12,731500000,13,0,0,0,0,0,73,518313.0
7413,SERVICIO DE SALUD ATACAMA HOSPITAL DE CHANARAL,61.606.305-7,Salud,Región Metropolitana de Santiago,1,1,28,273,731455328,37,37,19,63455645,12,63455645,237,489436.0
7193,AGENCIA DE PROMOCION DE LA INVERSION EXTRANJERA,60.720.000-9,Gobierno Central,Región de los Lagos,1,1,27,33,726899992,41,6,5,270110671,5,206745257,115,517958.0
7131,SERVICIO DE SALUD ARAUCANIA SUR HOSPITAL CARAHUE,61.602.246-6,Salud,Región de la Araucanía,1,1,13,62,721650823,155,138,138,355572779,11,355572779,635,1818044.0
182424,ILUSTRE MUNICIPALIDAD COCHAMO,69.252.000-9,Municipios,Región de los Lagos,1,1,25,57,718609026,322,138,137,85528252,15,85528252,1322,2653042.0
7220,DELEGACIÓN PRESIDENCIAL REGIONAL DE LA ARAUCANÍA,60.511.090-8,Gobierno Central,Región de la Araucanía,1,1,1,52,710573068,169,23,23,99799798,1,99799798,830,7339667.0
1628819,CENTRO DE FORMACION TECNICA ESTATAL DE LA REGION DE VALPARAISO,65.165.411-4,"Liceos, Institutos y CFT",Región de Valparaíso,1,1,2,66,710390638,42,17,17,77949675,1,77949675,134,551883.0
99765,I MUNICIPALIDAD DE TALAGANTE,69.071.800-6,Municipios,Región de los Lagos,1,1,1,339,705984027,470,1,0,0,0,0,1811,7914851.0
1806867,CORPORACIÓN MUNICIPAL PUEBLITO DE LAS VIZCACHAS,65.108.319-2,Municipios,Región Metropolitana de Santiago,1,1,16,92,703094910,23,23,23,28937788,8,28937788,90,119865.0
1083414,UNIDAD ADMINISTRADORA DE LOS TRIBUNALES TRIBUTARIOS Y ADUANEROS,61.979.490-7,Gobierno Central,Región de Tarapacá,1,1,50,84,701511988,13,12,12,50380813,9,50380813,102,267698.0
114392,I MUNICIPALIDAD DE CHAITEN,69.231.100-0,Municipios,Región de los Lagos,1,1,27,29,693520000,329,239,239,129641416,20,124141416,1491,2199230.0
1688788,CENTRO SALUD MENTAL COMUNITARIA LOS ANDES,62.000.630-0,Salud,Región Metropolitana de Santiago,1,1,3,63,688688156,23,22,22,43463489,2,43463489,132,303697.0
7187,Dirección Nacional de Fronteras y Límites del Estado,60.604.000-8,Gobierno Central,Región Metropolitana de Santiago,1,1,7,70,662416897,25,17,17,45124206,6,45124206,105,310075.0
113913,I MUNICIPALIDAD DE SAN RAFAEL,69.264.500-6,Municipios,Región del Libertador General Bernardo O´Higgins,1,1,15,59,656490000,141,15,15,24008910,1,24008910,655,2682702.0
1823994,CORPORACION MUNICIPAL DE FOMENTO AL DESARROLLO COMUNAL Y PRODUCTIVO DE LA FLORIDA,65.081.056-2,Municipios,Región Metropolitana de Santiago,1,1,15,55,656303170,20,18,18,26571841,9,26571841,132,413096.0
7133,Consultorio Miraflores,70.744.700-1,Salud,Región de la Araucanía,1,1,8,25,653703981,183,77,77,66785522,4,66785522,823,2615812.0
1238663,HOSPITAL DEL PERPETUO SOCORRO DE QUILACAHUIN,61.980.080-K,Salud,Región de los Lagos,1,1,30,83,650565116,98,67,67,72044354,17,72044354,425,567724.0
299576,TRIBUNAL CONSTITUCIONAL,70.819.400-K,Gobierno Central,Región Metropolitana de Santiago,1,1,16,63,646921368,30,18,18,26668306,7,26668306,168,352902.0
7397,SERVICIO DE SALUD BIO BIO HOSPITAL DE YU,61.607.307-9,Salud,Región del Biobío,1,1,31,98,629875000,133,123,123,288501052,23,257736943,617,1790878.0
7445,SERVICIO DE SALUD HOSPITAL DE NANCAGUA,61.602.147-8,Salud,Región del Libertador General Bernardo O´Higgins,1,1,26,167,627063822,57,54,54,62551707,20,62293964,219,380663.0
7062,SERVICIO SALUD ARAUCANIA SUR HOSPITAL TOLTEN,61.602.243-1,Salud,Región Metropolitana de Santiago,1,1,12,62,626631811,51,49,49,131090891,7,131090891,275,778560.0
1489605,SUBSECRETARIA DE EDUCACION PARVULARIA,61.980.540-2,Gobierno Central,Región de Atacama,1,1,12,201,614685554,53,31,31,188057517,9,188057517,167,583952.0
2007445,CORPORACIÓN FONDO DE AGUA DE SANTIAGO,65.197.415-1,Gobierno Central,Región Metropolitana de Santiago,1,1,8,25,612470000,4,3,3,1699075,1,1699075,20,56336.0
1959834,SERVICIO LOCAL DE EDUCACIÓN PÚBLICA VALLE CACHAPOAL,61.981.310-3,Gobierno Central,Región Metropolitana de Santiago,1,1,8,167,607979269,17,6,6,44621413,3,44621413,69,435888.0
119089,MUNICIPALIDAD DE CORRAL,69.200.200-8,Municipios,Región de Los Ríos,1,1,31,31,602700000,94,0,0,0,0,0,351,1482103.0
112919,I MUNICIPALIDAD DE QUEILEN,69.230.600-7,Municipios,Región del Biobío,1,1,29,32,599391660,43,15,15,41731489,8,41581578,252,805806.0
1042394,INSTITUTO NACIONAL DE PROPIEDAD INDUSTRIAL,65.999.669-3,Gobierno Central,Región de la Araucanía,1,1,6,70,598613429,29,17,17,71990660,5,71990660,117,467756.0
1873179,Corporación Municipal de Deportes de Ñuñoa,65.199.980-4,Municipios,Región Metropolitana de Santiago,1,1,17,54,596451652,20,17,17,60647790,9,60647790,81,469048.0
1824375,CORPORACION CULTURAL DE LA REINA,70.978.700-4,Municipios,Región Metropolitana de Santiago,1,1,15,17,593915636,30,30,30,74734949,6,74734949,104,426251.0
7447,Hospital de Lolol,61.602.150-8,Salud,Región del Libertador General Bernardo O´Higgins,1,1,23,96,579639656,40,37,37,61799813,13,61799813,178,319271.0
7084,GOBIERNO REGIONAL DE TARAPACA,72.223.100-7,Gobierno Central,Región de Tarapacá,1,1,13,79,575140940,72,19,19,11530974,3,11530974,334,10608334.0
7229,DELEGACIÓN PRESIDENCIAL REGIONAL DE AYSÉN DEL GENERAL CARLOS IBÁÑEZ DE,60.511.110-6,Gobierno Central,Región Aysén del General Carlos Ibáñez del Campo,1,1,55,55,566284690,33,17,17,129348830,13,129112278,147,766390.0
1818198,Corporación Cultural de La Florida,65.235.450-5,Municipios,Región Metropolitana de Santiago,1,1,4,53,551025520,50,50,50,47721441,4,47721441,171,384338.0
1824117,CORPORACION DEL DEPORTE DE LA FLORIDA,65.320.930-4,Municipios,Región Metropolitana de Santiago,1,1,14,55,546399968,31,23,18,31042845,7,31042845,141,906617.0
7381,DELEGACIÓN PRESIDENCIAL PROVINCIAL DE TIERRA DEL FUEGO,60.511.123-8,Gobierno Central,Región Metropolitana de Santiago,1,1,1,45,544107140,43,23,23,108270898,1,108270898,179,620245.0
2038651,CORP CULTURAL MATUCANA CIEN,65.069.210-1,Fundación e Institución Privada,Región Metropolitana de Santiago,1,1,5,66,542769983,28,27,27,65159880,5,65159880,76,211404.0
1941868,Corporación Cultural de Antofagasta,71.186.200-5,Municipios,Región de Antofagasta,1,1,1,24,532791602,44,35,35,123405216,1,123405216,165,546728.0
85017,UNIDAD DE ANALISIS FINANCIERO,61.973.000-3,Gobierno Central,Región Metropolitana de Santiago,1,1,9,44,522745639,17,14,14,24814889,4,24814889,70,228832.0
2007689,ASOCIACIÓN DE MUNICIPIOS PARA LA SEGURIDAD COMUNITARIA,65.229.008-6,Municipios,,1,1,4,79,521149405,22,18,18,50233125,3,50233125,154,292736.0
1861543,Corporación Cultural Municipal de Ovalle,65.115.321-2,Municipios,Región Metropolitana de Santiago,1,1,8,55,513905228,50,50,50,54907719,6,54907719,161,234827.0
1684746,SUBSECRETARIA DE EDUCACION SUPERIOR,65.184.303-0,Gobierno Central,Región Metropolitana de Santiago,1,1,33,33,512840000,17,13,13,44071205,4,44071205,94,150011.0
7176,INSTITUTO NACIONAL DE HIDRAULICA,61.211.000-k,Obras Públicas y Minvu,Región de Valparaíso,1,1,7,77,504509300,23,14,14,39963436,5,39963436,84,244635.0
7181,SUPERINTENDENCIA DE INSOLVENCIA Y REEMPRENDIMIENTO,61.005.000-k,Gobierno Central,Región de Tarapacá,1,1,31,77,490398120,22,14,14,240191364,8,240191364,57,395752.0
1317359,Asociación Chilena de Municipalidades,69.265.990-2,Municipios,Región de Coquimbo,1,1,11,11,488200000,38,34,34,43127274,5,43127274,244,610142.0
1616398,CENTRO DE ESPECIALIDAD  DE ATENCION PREHOSPITALARIA SAMU BIO BIO,61.999.260-1,Salud,Región de Valparaíso,1,1,1,35,479946600,44,44,43,73953992,1,73953992,227,315695.0
1841838,CORPORACION MUNICIPAL DE DEPORTES Y RECREACION DE PENALOLEN,65.589.950-2,Municipios,Región Metropolitana de Santiago,1,1,6,206,472928084,8,8,8,7102836,4,7102836,112,250264.0
7387,DELEGACIÓN PRESIDENCIAL PROVINCIAL DE CARDENAL CARO,60.511.141-6,Gobierno Central,Región del Libertador General Bernardo O´Higgins,1,1,9,73,454013357,24,17,17,10847567,5,10847566,56,72287.0
7491,DR. VICTOR HUGO MOLL DE CABILDO,61.606.610-2,Salud,Región de Valparaíso,1,1,21,35,446252416,67,0,0,0,0,0,321,745439.0
7343,HOSPITAL DE PETORCA,61.606.612-9,Salud,Región de Coquimbo,1,1,1,250,431569692,71,46,46,46627073,1,46627073,273,347775.0
2038209,SERVICIO LOCAL DE EDUCACIÓN PÚBLICA LA QUEBRADA,61.981.450-9,Gobierno Central,Región Metropolitana de Santiago,1,1,2,15,429332200,7,5,5,4930265,2,4930265,33,156417.0
2004018,CORPORACION REGIONAL DE DESARROLLO PRODUCTIVO DE LA REGION DE LOS RIOS,65.035.343-9,Gobierno Central,,1,1,1,32,426698520,27,0,0,0,0,0,95,243277.0
1220768,SUBSECRETARIA DE TURISMO,61.980.020-6,Gobierno Central,Región de Atacama,1,1,42,50,426068838,25,20,20,76578323,7,73828323,94,143829.0
1869227,CORPORACION CULTURAL DE LA ILUSTRE MUNICIPALIDAD DE VALDIVIA,72.738.600-9,Municipios,Región de Los Ríos,1,1,21,118,419230000,37,24,24,20329671,8,20329671,135,198215.0
2003861,FUNDACION CENTRO CULTURAL DE LO PRADO,65.081.269-7,Municipios,,1,1,1,36,411399001,59,59,50,67510078,1,67510078,152,179874.0
1820205,Corporación Municipal de Deportes de Colina,65.115.629-7,Municipios,Región Metropolitana de Santiago,1,1,20,52,400627940,18,5,5,58548341,3,58530636,54,543074.0
1812443,CORP CULTURAL DE OSORNO,65.137.070-1,Municipios,Región de los Lagos,1,1,6,95,399242370,7,7,6,8277773,3,8277773,67,358081.0
2004239,CORPORACION REGIONAL DE DESARROLLO DE LA REGION DE TARAPACA,65.042.904-4,Gobierno Central,Región Metropolitana de Santiago,1,1,9,24,394583832,14,13,13,57848361,4,57848361,21,65284.0
2010501,CORP MUNICIPAL DE PUQUELDON PARA LA EDUC,71.160.900-8,Municipios,,1,1,27,45,392300000,32,0,0,0,0,0,119,238571.0
1830859,CORPORACION DE DEPORTES DE ESTACION CENTRAL,65.086.084-5,Municipios,Región Metropolitana de Santiago,1,1,28,28,389230000,8,8,8,28776336,6,28772776,57,122387.0
1801806,Corporación Municipal de Deporte y Recreación de Zapallar,65.084.811-K,Municipios,Región de Valparaíso,1,1,44,45,372169349,29,26,23,23682408,13,23682408,130,220255.0
7236,DELEGACIÓN PRESIDENCIAL REGIONAL DE COQUIMBO,60.511.040-1,Gobierno Central,Región de Coquimbo,1,1,18,57,369470000,53,13,4,1853759,3,1853759,162,2193062.0
7057,Comité SEP,61.933.600-3,Gobierno Central,Región Metropolitana de Santiago,1,1,1,55,365942736,1,1,1,2140597,1,2140597,23,88947.0
6982,SERVICIO DE VIVIENDA Y URBANIZACION XI REGION,61.823.000-7,Obras Públicas y Minvu,Región de la Araucanía,1,1,25,51,355761600,34,25,25,45176679,9,45176679,119,441259.0
1803788,Corporación Municipal de Deportes y Recreación Calama,65.109.282-5,Municipios,Región Metropolitana de Santiago,1,1,3,41,342024677,42,39,39,46119092,3,46119092,181,328856.0
7140,DELEGACIÓN PRESIDENCIAL PROVINCIAL DEL BIOBÍO,60.511.084-3,Gobierno Central,Región del Maule,1,1,3,247,340333054,44,22,22,14258068,3,14258068,189,4249289.0
1820964,Corporación Municipal de Innovación y Desarrollo Económico y Social de Recoleta,65.172.583-6,Municipios,Región Metropolitana de Santiago,1,1,1,37,328660993,14,12,12,8589309,1,8589309,39,77392.0
116731,I MUNICIPALIDAD DE QUINCHAO,69.230.900-6,Municipios,Región de Atacama,1,1,22,27,311860000,104,10,10,11848984,5,11848984,448,1002690.0
1818099,Corporación de Cultura y Patrimonio de Independencia,65.080.405-8,Municipios,Región Metropolitana de Santiago,1,1,3,24,310037980,8,4,4,10655903,1,10655903,36,348851.0
2038210,SERVICIO LOCAL DE EDUCACIÓN PÚBLICA LOS CEREZOS,61.981.440-1,Gobierno Central,Región del Maule,1,1,26,26,308529000,12,9,9,214079664,9,48669235,39,415302.0
2071713,INSTITUTO NACIONAL DE LITIO Y SALARES,65.246.292-8,Institución Privada,Región de Antofagasta,1,1,1,32,298685000,6,0,0,0,0,0,71,292611.0
7283,DELEGACIÓN PRESIDENCIAL PROVINCIAL DE OSORNO,60.511.102-5,Gobierno Central,Región Metropolitana de Santiago,1,1,7,55,298015498,65,16,16,7770647,5,7770647,193,862585.0
1513502,FUND TIEMPOS NUEVOS,72.548.600-6,Gobierno Central,Región Metropolitana de Santiago,1,1,11,30,286100000,16,16,16,15360973,6,15360973,83,71905.0
7264,DELEGACIÓN PRESIDENCIAL PROVINCIAL DE ÚLTIMA ESPERANZA,60.511.122-k,Gobierno Central,Región de Valparaíso,1,1,8,68,280829100,24,14,14,72371517,5,72371517,55,221117.0
1727682,CORPORACION DE LA CULTURA Y LAS ARTES DE LA ILUSTRE MUNICIPALIDAD DE R,65.071.304-4,Gobierno Central,Región del Libertador General Bernardo O´Higgins,1,1,1,19,273190000,53,11,11,5948029,1,5948029,227,497897.0
2038212,SERVICIO LOCAL DE EDUCACIÓN PÚBLICA DEL RELONCAVÍ,61.981.460-6,Gobierno Central,Región de los Lagos,1,1,2,20,271668150,19,18,18,163746049,2,120580571,42,300040.0
1696874,CENTRO DE FORMACION TECNICA DE LA REGION METROPOLITANA DE SANTIAGO,62.000.750-1,"Liceos, Institutos y CFT",Región Metropolitana de Santiago,1,1,9,25,268497657,31,29,29,42623503,6,42623503,127,1077496.0
1688789,CENTRO DE SALUD MENTAL COMUNITARIA SAN FELIPE,62.000.640-8,Salud,Región de Valparaíso,1,1,7,77,264609500,12,11,11,19170128,4,19170128,92,218763.0
7082,CONSEJO NACIONAL DE EDUCACION,60.930.000-0,Gobierno Central,Región del Biobío,1,1,49,50,263829634,23,17,17,50387893,10,45623595,81,132507.0
2038211,SERVICIO LOCAL DE EDUCACIÓN PÚBLICA LOS COPIHUES,61.981.420-7,Gobierno Central,Región Metropolitana de Santiago,1,1,49,60,263548676,14,13,13,22495712,11,19309038,57,196676.0
1805043,CORPORACION MUNICIPAL DE DEPORTES DE LA PINTANA,65.847.840-0,Municipios,Región Metropolitana de Santiago,1,1,16,16,263100012,15,2,0,0,0,0,55,189801.0
7252,DELEGACIÓN PRESIDENCIAL PROVINCIAL DE PALENA,61.955.300-4,Gobierno Central,Región Metropolitana de Santiago,1,1,2,28,260272003,13,12,12,86056653,2,86056653,90,399015.0
1806860,CORPORACION MUNICIPAL DE CULTURA DE SAN JOAQUIN,65.762.710-0,Municipios,Región Metropolitana de Santiago,1,1,6,34,259687360,16,16,16,34647741,4,34647741,76,144084.0
2080297,"CORPORACION MUNICIPAL DE DEPORTES, CULTURA, RECREACION Y FOMENTO DE HU",65.260.064-6,Municipios,,1,1,3,42,259490000,39,38,38,87765735,3,87765735,72,127478.0
1812146,CORP MUNICIPAL DE DESARROLLO SOCIAL DE CALERA DE TANGO,70.993.200-4,Municipios,Región Metropolitana de Santiago,1,1,21,38,249949957,50,46,46,25333715,14,24873693,157,142608.0
2079212,FUNDACIÓN GG,65.258.927-8,Fundación e Institución Privada,Región del Maule,1,1,1,9,241260000,32,19,19,680105620,1,241260000,69,2820038.0
2038207,SERVICIO LOCAL DE EDUCACIÓN PÚBLICA DEL LITORAL,61.981.430-4,Gobierno Central,Región Metropolitana de Santiago,1,1,27,27,238650100,14,7,7,12939794,6,11848896,23,118208.0
1703725,CENTRO DE FORMACION TECNICA DE LA REGION DE ANTOFAGASTA,62.000.770-6,"Liceos, Institutos y CFT",Región de Antofagasta,1,1,7,84,236526312,8,2,2,4854660,2,4854660,56,217682.0
1952109,CORPORACION CULTURAL Y DE TURISMO MUNICIPAL DE PELARCO,65.180.662-3,Municipios,Región del Maule,1,1,17,21,233753830,28,27,27,24486307,8,24486307,107,102737.0
1378463,ILUSTRE TERCER TRIBUNAL AMBIENTAL,61.980.330-2,Gobierno Central,Región de los Lagos,1,1,31,39,231994196,16,16,16,55794809,10,33902809,90,212899.0
6964,SERVIU REGION DE MAGALLANES Y DE LA ANTARTICA CHILENA,61.824.000-2,Obras Públicas y Minvu,Región de Magallanes y de la Antártica,1,1,27,31,230802800,32,28,28,66215064,14,54404283,122,8099463.0
1809839,ACADEMIA NACIONAL DE ESTUDIOS POLITICOS Y ESTRATEGICOS,61.112.000-1,Gobierno Central,Región Metropolitana de Santiago,1,1,4,35,229520858,12,9,9,11494801,2,11494801,29,30711.0
1872383,Corporación de Deportes y Recreación de la Municipalidad de Aysén,65.072.937-4,Municipios,Región Aysén del General Carlos Ibáñez del Campo,1,1,8,48,226380000,36,33,33,88176617,7,51635767,109,216580.0
1869554,CORPORACION CULTURAL DE MOSTAZAL,65.057.349-8,Gobierno Central,Región del Libertador General Bernardo O´Higgins,1,1,3,44,223193087,6,6,6,36302732,2,36302732,45,232278.0
1803806,CORPORACION DE DEPORTES DE LA MUNICIPALIDAD DE CURICO,65.057.429-K,Municipios,Región Metropolitana de Santiago,1,1,6,11,221870117,23,17,17,20615899,2,20615899,76,324037.0
7309,DELEGACIÓN PRESIDENCIAL PROVINCIAL DE GENERAL CARRERA,60.511.112-2,Gobierno Central,Región Metropolitana de Santiago,1,1,22,66,221858160,25,21,21,7476045,13,7476045,85,265728.0
117181,I MUNICIPALIDAD DE ISLA DE MAIPO,69.071.900-2,Municipios,Región Metropolitana de Santiago,1,1,7,10,220499992,76,0,0,0,0,0,315,1940715.0
1885255,CORP CULTURAL DE LA COMUNA DE LA GRANJA,65.497.180-3,Gobierno Central,Región Metropolitana de Santiago,1,1,11,72,211359282,1,1,1,446250,1,446250,18,39937.0
1818082,Corporación Municipal De Cultura y Deportes de Recoleta,65.733.150-3,Municipios,Región Metropolitana de Santiago,1,1,17,26,205428884,27,25,25,28700752,8,24174706,130,221954.0
1801803,CORPORACION CULTURAL DE LA COMUNA DE LA PINTANA,65.193.948-8,Municipios,Región Metropolitana de Santiago,1,1,12,12,195130000,20,9,9,26485355,3,26485355,66,88098.0
2117510,CENTRO DE ESTUDIOS AVANZADOS EN FRUTICULTURA CEAF,65.088.704-2,Sin tipo,,1,1,1,8,194900000,9,9,9,10136872,1,10136872,9,10547.0
7234,DELEGACIÓN PRESIDENCIAL REGIONAL DE TARAPACÁ,60.511.010-K,Gobierno Central,Región Metropolitana de Santiago,1,1,17,19,189375178,15,3,3,39497830,3,39497830,108,2683961.0
1914839,CORPORACION MUNICIPAL CULTURAL DE MUSEO DE BELLAS ARTES DE VALPARAISO,65.071.986-7,Municipios,Región de Valparaíso,1,1,5,11,185820000,16,16,16,11333145,3,11333145,49,31275.0
1592385,Primer Tribunal Ambiental con asiento en Antofagasta,61.999.230-k,Poder Judicial,Región de Antofagasta,1,1,9,22,177726637,9,9,9,10522343,3,10522343,44,92327.0
2038213,SERVICIO LOCAL DE EDUCACIÓN PÚBLICA TALAGANTE,61.981.470-3,Gobierno Central,Región Metropolitana de Santiago,1,1,35,35,177490487,7,3,3,4044799,3,3580578,42,171548.0
1817964,CORPORACION DE DESARROLLO DE TALCA,65.067.622-K,Municipios,Región del Maule,1,1,18,18,174490037,16,0,0,0,0,0,114,126772.0
1820963,Corporación del Deporte e Inclusión Social de la Ilustre Municipalidad de Cerro Navia,65.473.570-0,Municipios,Región Metropolitana de Santiago,1,1,6,90,172947998,7,3,3,2760413,1,2760413,101,147831.0
1820893,CORPORACION MUNICIPAL DE DEPORTES Y RECREACION LOS ANDES,65.755.180-5,Municipios,Región de Valparaíso,1,1,6,18,170414968,5,4,4,24231834,2,24231834,22,97963.0
1699238,FUND DE COMUNICACIONES CAPACITACION Y CULTURA DEL AGRO,70.931.000-3,Fundación e Institución Privada,Región de Magallanes y de la Antártica,1,1,7,58,160782590,13,0,0,0,0,0,49,167022.0
1799808,CORPORACIÓN YUNUS,65.192.585-1,Municipios,Región Metropolitana de Santiago,1,1,5,23,158778874,29,16,16,15046031,5,15046031,187,231104.0
1818207,FUNDACION PARA EL DESARROLLO DEL DEPORTE Y LA RECREACION DE LA COMUNA,65.178.643-6,Municipios,Región de Magallanes y de la Antártica,1,1,1,7,139744151,6,6,6,12375480,1,12375480,34,139656.0
1818200,Corporación Municipal de Desarrollo Productivo y Turismo de Molina,65.114.043-9,Municipios,Región Metropolitana de Santiago,1,1,13,13,137735000,23,10,10,26771829,4,26771829,115,229233.0
7226,DELEGACIÓN PRESIDENCIAL REGIONAL DEL BIOBÍO,60.511.080-0,Gobierno Central,Región del Biobío,1,1,1,16,136469237,34,10,10,11525987,1,11525987,161,2933734.0
1818015,Corporación de Deportes de la Municipalidad de lndependencia,65.080.563-1,Municipios,Región Metropolitana de Santiago,1,1,9,25,135071094,3,3,3,38481285,2,35358935,24,49091.0
7204,DELEGACIÓN PRESIDENCIAL REGIONAL DE ANTOFAGASTA,60.511.020-7,Gobierno Central,Región de Antofagasta,1,1,2,21,130731507,20,10,10,7164349,2,7164349,90,181953.0
1667469,Superintendencia de Educación Superior,62.000.580-0,Gobierno Central,Región Metropolitana de Santiago,1,1,1,8,124582020,6,5,5,10138200,1,10138200,34,99227.0
1645890,DELEGACIÓN PRESIDENCIAL PROVINCIAL DE PUNILLA,62.000.470-7,Gobierno Central,Región Metropolitana de Santiago,1,1,1,18,124335203,45,43,43,19662640,1,19662640,107,1440248.0
7225,DELEGACIÓN PRESIDENCIAL REGIONAL DEL MAULE,60.511.070-3,Gobierno Central,Región Metropolitana de Santiago,1,1,16,16,118680000,80,5,5,14831803,4,13959336,299,1416349.0
116945,I MUNICIPALIDAD DE PUREN,69.180.200-0,Municipios,Región de la Araucanía,1,1,6,7,118000000,187,2,2,17945640,2,17945640,691,1128372.0
1817980,Corporación Municipal de Cultura de San Clemente,65.152.298-6,Municipios,Región del Maule,1,1,34,203,116545293,28,20,18,14876809,8,14876809,79,73972.0
1818175,CORPORACION MUNICIPAL DE DEPORTE DE TALCA,65.061.837-8,Municipios,Región del Maule,1,1,5,16,115609700,16,13,13,13587345,4,13587345,40,96556.0
7253,DELEGACIÓN PRESIDENCIAL PROVINCIAL DE MAIPO,60.511.136-k,Gobierno Central,Región Metropolitana de Santiago,1,1,2,26,108840000,28,13,13,3788480,1,3788480,74,59392.0
1986800,ASOCIACION DE MUNICIPALIDADES DE LA REGION DE LA ARAUCANIA,65.140.617-K,Municipios,Región de la Araucanía,1,1,1,14,108801367,1,1,1,454999,1,454999,7,2537.0
1817958,Corporación para el desarrollo de la provincia de Osorno,65.251.820-6,Municipios,Región Metropolitana de Santiago,1,1,5,10,108178000,3,3,3,7145400,1,7145400,48,49320.0
7014,JUNTA DE AERONAUTICA CIVIL,60.705.000-7,Gobierno Central,Región Metropolitana de Santiago,1,1,16,16,105907500,7,6,6,9688374,4,9688374,38,95967.0
111119,DELEGACIÓN PRESIDENCIAL PROVINCIAL DE SAN ANTONIO,60.511.054-1,Gobierno Central,Región de Valparaíso,1,1,10,27,104700000,20,14,14,5260319,4,5260319,103,90788.0
116406,I MUNICIPALIDAD DE HUASCO,69.030.700-6,Municipios,Región de Coquimbo,1,1,18,340,104048530,162,7,7,4225078,5,4225078,651,4443442.0
7155,DELEGACIÓN PRESIDENCIAL PROVINCIAL DE CHAÑARAL,60.511.032-0,Gobierno Central,Región de Atacama,1,1,1,12,101300691,10,0,0,0,0,0,41,106367.0
1801799,Corporación Municipal de Cultura de Paine,65.106.927-0,Municipios,Región Metropolitana de Santiago,1,1,11,35,99741280,27,22,22,21188705,6,11266555,97,99673.0
1860947,CORPORACION MUNICIPAL DE DESARROLLO COMUNAL Y PRODUCTIVO DE LICANTEN,65.202.402-5,Municipios,Región del Maule,1,1,13,58,99223959,12,11,11,21083387,4,21083387,40,65362.0
1741046,CENTRO DE FORMACION TECNICA DE LA REGION DE ATACAMA,65.195.573-4,"Liceos, Institutos y CFT",Región de Coquimbo,1,1,9,38,98066860,6,4,4,6063947,4,6063947,32,240449.0
2029470,CORP CULTURAL BALMACEDA DOCE QUINCE,73.108.000-3,Fundación e Institución Privada,Región Metropolitana de Santiago,1,1,49,82,97332605,61,23,23,7886455,12,7886455,240,145854.0
2029469,FUNDACION MUNICIPAL DE CULTURA DE ZAPALLAR,65.161.461-9,Municipios,,1,1,1,19,97290500,23,23,23,16007793,1,16007793,40,33513.0
7134,DELEGACIÓN PRESIDENCIAL PROVINCIAL DE CAPITÁN PRAT,60.511.113-0,Gobierno Central,Región Aysén del General Carlos Ibáñez del Campo,1,1,27,27,96700000,28,24,24,6727342,8,6727342,84,75060.0
2079231,FUNDACION DE CULTURA DE SAN PEDRO DE ATACAMA,65.077.905-3,Municipios,Región de Antofagasta,1,1,1,11,95472000,12,10,10,29772480,1,29772480,41,112942.0
1978401,ASOCIACIÓN PATRIMONIAL CULTURAL DE LA REGION DE LOS RIOS,65.189.089-6,Gobierno Central,Región de Los Ríos,1,1,27,27,94700000,29,3,3,13226850,3,12056450,113,299175.0
7201,DELEGACIÓN PRESIDENCIAL REGIONAL DEL LIBERTADOR BERNARDO  O´HIGGINS,60.511.060-6,Gobierno Central,Región del Libertador General Bernardo O´Higgins,1,1,13,13,94191174,29,8,8,2602448,5,2602448,120,1013023.0
7150,DELEGACIÓN PRESIDENCIAL PROVINCIAL DE HUASCO,60.511.033-9,Gobierno Central,Región Metropolitana de Santiago,1,1,31,56,92998128,17,13,13,6345389,6,6345389,52,73955.0
2004016,ASOCIACION DE MUNICIPALIDADES DE LA REGION DE LOS RIOS PARA EL MANEJO SUSTENTABLE DE RESIDUOS Y GESTIÓN AMBIENTAL,69.266.000-5,Municipios,,1,1,13,48,89809256,23,21,21,40098350,8,36552309,49,62936.0
1817947,Corporación Municipal de Deportes de San Joaquín,65.930.330-2,Municipios,Región Metropolitana de Santiago,1,1,1,12,88700000,3,0,0,0,0,0,30,91260.0
1900447,Centro Ideactiva,65.086.019-5,Sin tipo,Región Metropolitana de Santiago,1,1,28,30,88670000,2,0,0,0,0,0,15,33120.0
7376,DELEGACIÓN PRESIDENCIAL PROVINCIAL DE COLCHAGUA,60.511.062-2,Gobierno Central,Región Metropolitana de Santiago,1,1,5,51,88461265,38,36,36,15201561,3,15201561,97,63039.0
7037,DELEGACIÓN PRESIDENCIAL PROVINCIAL DE LIMARÍ,60.511.042-8,Gobierno Central,Región Metropolitana de Santiago,1,1,2,16,86850000,11,2,1,2149470,1,2149470,135,3005403.0
7284,DELEGACIÓN PRESIDENCIAL PROVINCIAL DE CORDILLERA,60.511.131-9,Gobierno Central,Región Metropolitana de Santiago,1,1,1,26,85127800,63,3,3,750341,1,750341,220,88447.0
1818076,CORPORACION MUNICIPAL DE CULTURA Y ARTES DE MOLINA,65.089.795-1,Municipios,Región del Maule,1,1,4,13,85100000,89,74,74,23885735,2,23885735,183,133044.0
1860198,CORPORACIÓN CULTURAL MUNICIPAL DE SAN JAVIER DE LONCOMILLA,53.322.528-4,Municipios,Región del Maule,1,1,1,5,80150000,8,8,8,7841694,1,7841694,40,46848.0
2063234,ADMINISTRADOR DEL FONDO AUTÓNOMO DE PROTECCIÓN PREVISIONAL,61.999.400-0,Gobierno Central,,1,1,8,8,76800000,0,0,0,0,0,0,15,11224.0
7063,DELEGACIÓN PRESIDENCIAL PROVINCIAL DE TOCOPILLA,60.511.021-5,Gobierno Central,Región Metropolitana de Santiago,1,1,1,9,75854776,27,0,0,0,0,0,85,91221.0
1630701,TRIBUNAL DE DEFENSA DE LA LIBRE COMPETENCIA,61.973.100-K,Poder Judicial,Región Metropolitana de Santiago,1,1,28,42,75467957,2,0,0,0,0,0,17,20444.0
154782,I MUNICIPALIDAD DE CHILE CHICO,69.240.400-9,Municipios,Región del Libertador General Bernardo O´Higgins,1,1,1,72,74613534,137,115,115,191863205,1,74613534,478,2444057.0
135959,DELEGACIÓN PRESIDENCIAL PROVINCIAL DE ISLA DE PASCUA,60.511.053-3,Gobierno Central,Región Metropolitana de Santiago,1,1,17,29,73625768,14,7,7,6490292,5,6173932,58,374675.0
1934663,CORPORACION CULTURAL MUNICIPAL DE NACIMIENTO,65.077.273-3,Municipios,Región del Biobío,1,1,2,33,73360300,6,5,5,5129702,2,5129702,38,54713.0
1872501,Corporacion Municipal de Deportes y Recreación de la comuna de San Pedro de Atacama,65.082.914-k,Municipios,Región Metropolitana de Santiago,1,1,6,20,72260000,14,14,14,16734970,4,12902334,54,66925.0
7224,Consejo de Rectores de las Universidades Chilenas,60.919.000-0,Universidades,Región de Tarapacá,1,1,1,74,70028366,26,25,25,17232247,1,17232247,85,51997.0
7281,DELEGACIÓN PRESIDENCIAL PROVINCIAL DE CAUQUENES,60.511.140-8,Gobierno Central,Región de Valparaíso,1,1,1,19,62513347,33,10,10,3037812,1,3037812,105,1049141.0
7286,DELEGACIÓN PRESIDENCIAL PROVINCIAL DE CHOAPA,60.511.043-6,Gobierno Central,Región de Coquimbo,1,1,1,22,61262995,73,22,22,11046456,1,11046456,254,2198107.0
7129,DEFENSA CIVIL DE CHILE,61.109.000-5,Gobierno Central,Región de Antofagasta,1,1,1,24,60941701,22,15,15,16833610,1,16833610,79,212744.0
7059,DELEGACIÓN PRESIDENCIAL PROVINCIAL DE AYSÉN,60.511.111-4,Gobierno Central,Región Aysén del General Carlos Ibáñez del Campo,1,1,6,16,59380000,12,1,1,8915000,1,8915000,46,325231.0
2007448,CORPORACION DE DESARROLLO DE MAGALLANES Y DE LA ANTARTICA CHILENA - CO,65.215.677-0,Gobierno Central,Región de Magallanes y de la Antártica,1,1,1,23,59254246,13,13,13,12454476,1,12454476,49,182205.0
1342660,SEGUNDO TRIBUNAL AMBIENTAL,61.980.250-0,Poder Judicial,Región Metropolitana de Santiago,1,1,12,12,58500000,3,2,2,2535857,2,636578,24,28279.0
7495,DELEGACIÓN PRESIDENCIAL PROVINCIAL DE SAN FELIPE DE ACONCAGUA,60.511.055-k,Gobierno Central,Región Metropolitana de Santiago,1,1,4,21,58209120,21,17,17,12721890,4,12721890,54,79476.0
1957075,FUNDACION PARA LA REHABILITACIÓN DE PERSONAS CON DISCAPACIDAD DE LA COMUNA DE SAN PEDRO DE ATACAMA,65.143.474-2,Fundación e Institución Privada,Región de Antofagasta,1,1,1,14,57100000,12,0,0,0,0,0,37,72038.0
1820894,CORPORACION MUNICIPAL DE DESARROLLO ECONOMICO CULTURA Y DEPORTES DE RE,65.185.822-4,Municipios,Región Metropolitana de Santiago,1,1,1,19,55980223,11,9,9,4920273,1,4920273,36,31588.0
1859922,CORPORACION DE FOMENTO DE DESARROLLO COMUNAL Y PRODUCTIVO,65.215.635-5,Municipios,Región Metropolitana de Santiago,1,1,1,12,55965500,17,17,17,5865996,1,5865996,79,85797.0
1801817,CORPORACION MUNICIPAL PARA EL DESARROLLO CULTURAL DE TEMUCO,65.836.190-2,Municipios,Región de la Araucanía,1,1,9,54,55020324,25,6,6,5390951,3,5390951,91,93248.0
1872408,Corporación Municipal de Deportes y Recreación Coyhaique,65.797.310-6,Municipios,Región Aysén del General Carlos Ibáñez del Campo,1,1,1,23,54677200,23,16,16,24121624,1,24121624,47,138482.0
1824379,CORPORACION ALDEA DEL ENCUENTRO DE LA REINA,65.258.560-4,Municipios,Región Metropolitana de Santiago,1,1,18,24,51374000,3,3,3,2856790,3,2856790,17,22843.0
1803819,CORP CULTURAL DE LA MUNICIPALIDAD DE CURICO,71.395.600-7,Municipios,Región del Maule,1,1,1,11,50324556,19,0,0,0,0,0,77,499724.0
2048184,CORPORACION CULTURAL DE SAN PEDRO DE LA PAZ,65.633.180-1,Municipios,Región del Biobío,1,1,4,24,50266676,8,6,6,6154968,3,6154968,28,20102.0
7056,DELEGACIÓN PRESIDENCIAL PROVINCIAL DE MELIPILLA,60.511.133-5,Gobierno Central,Región Metropolitana de Santiago,1,1,2,6,49299950,16,6,6,1654688,2,1654688,57,1197493.0
7450,DELEGACIÓN PRESIDENCIAL PROVINCIAL DE ARAUCO,60.511.083-5,Gobierno Central,Región del Biobío,1,1,12,16,48731869,25,6,6,4016547,5,4016547,98,3058539.0
1823988,CORPORACION MUNICIPAL DE DEPORTES Y RECREACION SAN JAVIER DE LONCOMILLA,65.207.878-8,Municipios,Región del Maule,1,1,3,218,48465769,7,7,7,10225919,2,10225919,41,62587.0
7499,DELEGACIÓN PRESIDENCIAL PROVINCIAL DE CHILOÉ,60.511.104-1,Gobierno Central,Región de los Lagos,1,1,3,28,48453625,14,6,6,4827643,3,4827643,71,455714.0
1692048,CONSEJO FISCAL AUTONOMO,62.000.700-5,Gobierno Central,Región Metropolitana de Santiago,1,1,8,15,46850000,5,5,5,1504491,3,1445291,13,39215.0
2010505,CORPORACION MUNICIPAL DE FOMENTO AL DESARROLLO COMUNAL Y PRODUCTIVO DE,65.193.444-3,Municipios,,1,1,6,14,46770000,1,1,1,242060,1,242060,11,3557.0
1636371,DELEGACIÓN PRESIDENCIAL REGIONAL DE ÑUBLE,62.000.450-2,Gobierno Central,Región Metropolitana de Santiago,1,1,1,17,44783025,37,4,4,691855,1,691855,110,4426223.0
7055,DELEGACIÓN PRESIDENCIAL PROVINCIAL DE TALAGANTE,60.511.132-7,Gobierno Central,Región Metropolitana de Santiago,1,1,1,12,43500000,44,5,5,549036,1,549036,80,75226.0
7271,DELEGACIÓN PRESIDENCIAL PROVINCIAL DE CHACABUCO,71.537.200-2,Gobierno Central,Región Metropolitana de Santiago,1,1,2,24,42182831,34,4,4,5170254,1,5170254,74,69342.0
1163597,DELEGACIÓN PRESIDENCIAL PROVINCIAL DE MARGA MARGA,61.979.850-3,Gobierno Central,Región Metropolitana de Santiago,1,1,20,21,40315303,22,7,6,3769350,6,3769350,98,1066353.0
2055905,CORPORACION MUNICIPAL DE DEPORTES DE PEÑAFLOR,65.232.004-K,Municipios,Región Metropolitana de Santiago,1,1,1,10,40300000,1,1,1,1399981,1,1399981,11,16023.0
7346,DELEGACIÓN PRESIDENCIAL PROVINCIAL DE QUILLOTA,60.511.052-5,Gobierno Central,Región de Valparaíso,1,1,13,13,39500000,42,7,7,6360429,4,5710149,183,609835.0
110393,I MUNICIPALIDAD DE PALENA,69.231.300-3,Municipios,Región de los Lagos,1,1,8,26,38253000,180,37,37,4042405,1,4042405,700,1519265.0
2057771,ASOCIACION MUNICIPAL DE DEPORTES Y RECREACION DE MEJILLONES,65.059.186-0,Municipios,,1,1,18,21,37560000,11,3,3,1807069,2,1797382,38,47874.0
7148,DELEGACIÓN PRESIDENCIAL PROVINCIAL DE LA ANTÁRTICA CHILENA,60.511.124-6,Gobierno Central,Región de Magallanes y de la Antártica,1,1,7,15,32444740,9,8,8,2412930,3,2412930,32,15974.0
1765161,CORPORACION DE DESARROLLO E INNOVACION DE LA ILUSTRE MUNICIPALIDAD DE,65.147.616-K,Gobierno Central,Región del Libertador General Bernardo O´Higgins,1,1,1,9,32300000,0,0,0,0,0,0,12,8891.0
2020989,FUNDACION CHILENA DEL PACIFICO,72.695.900-5,Fundación e Institución Privada,Región Metropolitana de Santiago,1,1,1,3,29079201,1,1,1,8144552,1,8144552,4,25045.0
117581,I MUNICIPALIDAD DE MEJILLONES,69.020.400-2,Municipios,Región Metropolitana de Santiago,1,1,1,1,28955675,167,0,0,0,0,0,794,6593738.0
7215,DELEGACIÓN PRESIDENCIAL REGIONAL DE LOS LAGOS,60.511.100-9,Gobierno Central,Región Metropolitana de Santiago,1,1,10,10,28124000,38,0,0,0,0,0,172,707750.0
1640450,Delegación Presidencial Provincial de Itata,62.000.460-K,Gobierno Central,Región del Biobío,1,1,1,11,28087018,15,1,1,851970,1,851970,85,1492545.0
2063231,FUNDACION DE CULTURA Y TURISMO DE LA MUNICIPALIDAD DE MEJILLONES O FUN,65.219.307-2,Municipios,,1,1,17,40,27714400,3,1,1,448100,1,448100,21,33362.0
1273481,JUANA DEL CARMEN PONCE VENEGAS,,Sin clasificar,Sin clasificar,0,1,4,6,26759100,0,0,0,0,0,0,0,0.0
269793,DELEGACIÓN PRESIDENCIAL PROVINCIAL DEL RANCO,65.852.930-7,Gobierno Central,Región de Los Ríos,1,1,16,24,25936189,33,3,3,731586,3,731586,115,469981.0
165105,MUNICIPALIDAD DE CHOLCHOL,69.265.000-k,Municipios,Región de la Araucanía,1,1,1,25,25899999,266,0,0,0,0,0,949,3139909.0
1830896,CORPORACION CULTURAL ESTACION CENTRAL,65.042.191-4,Municipios,Región Metropolitana de Santiago,1,1,7,7,25480000,4,0,0,0,0,0,21,19254.0
2012222,CORPORACION MUNICIPAL DE DEPORTES Y RECREACION DE PARRAL,65.007.835-7,Municipios,Región del Maule,1,1,10,19,24926000,10,10,10,10477657,4,10477657,24,24877.0
1952395,ASOCIACION DE MUNICIPALIDADES DE LA CUENCA DEL LAGO LLANQUIHUE,65.202.964-7,Municipios,Región de los Lagos,1,1,5,30,24779000,0,0,0,0,0,0,3,11526.0
7420,DELEGACIÓN PRESIDENCIAL PROVINCIAL DE PETORCA,60.511.057-6,Gobierno Central,Región de Valparaíso,1,1,1,13,24497107,23,5,5,3920900,1,3920900,116,1325524.0
1818063,CORPORACION MUNICIPAL DE DEPORTES Y RECREACION DE MOLINA,65.114.041-2,Municipios,Región Metropolitana de Santiago,1,1,5,5,24100000,6,6,6,1312094,2,1312094,74,32733.0
1978360,ASOCIACION DE MUNICIPALIDADES DEL VALLE DEL ITATA,65.103.712-3,Municipios,Región del Biobío,1,1,4,12,23820000,2,2,2,608664,2,608664,18,10374.0
2003863,ASOCIACION DE MUNICIPIOS CIUDAD SUR,65.090.148-7,Municipios,Región Metropolitana de Santiago,1,1,1,6,23600000,0,0,0,0,0,0,6,2215.0
1848096,CORPORACION MUNICIPAL DE CULTURA DE TILTIL,65.166.626-0,Municipios,Región Metropolitana de Santiago,1,1,1,9,23190000,12,11,11,6347074,1,6347074,41,48230.0
1818102,Corporación de Desarrollo Social de la Municipalidad de Independencia,65.080.277-2,Municipios,Región Metropolitana de Santiago,1,1,15,22,22295123,1,0,0,0,0,0,33,26148.0
1999075,ASOCIACION DE MUNICIPALIDADES NAHUELBUTA,65.077.833-2,Municipios,Región de la Araucanía,1,1,1,11,20623493,0,0,0,0,0,0,2,596.0
1830904,CORPORACION MUNICIPAL DE INNOVACION Y DESARROLLO ECONOMICO Y SOCIAL DE SAN JOAQUIN,65.210.355-3,Municipios,Región Metropolitana de Santiago,1,1,1,15,20460000,0,0,0,0,0,0,5,2389.0
1630816,Asociacion de Municipalidades Region de O´Higgins,65.082.624-8,Municipios,Región del Libertador General Bernardo O´Higgins,1,1,5,5,19894440,1,1,1,4000000,1,4000000,3,7785.0
1990802,ASOCIACION DE MUNICIPALIDADES DE LA REGION DE ANTOFAGASTA,69.265.980-5,Municipios,Región de Antofagasta,1,1,11,11,19780000,8,0,0,0,0,0,74,297506.0
1344662,CORP.MUNICIPAL GABRIEL GONZALEZ VIDELA DE LA SERENA,70.892.100-9,Municipios,Región Metropolitana de Santiago,1,1,1,8,19000000,3,0,0,0,0,0,23,36302.0
1801851,Corporación Municipal de Deportes y Recreación Talcahuano,65.191.629-1,Municipios,Región Metropolitana de Santiago,1,1,3,13,18400000,1,0,0,0,0,0,11,13993.0
7009,GOBERNACION PROVINCIAL DE LOS ANDES,60.511.056-8,Gobierno Central,Región de Valparaíso,1,1,3,13,17950000,38,1,1,397460,1,397460,130,483826.0
1828257,CORPORACION DE DEPORTES DE LA ILUSTRE MUNICIPALIDAD DE TENO,65.134.866-8,Municipios,Región del Maule,1,1,13,13,11902005,11,9,9,4792994,5,3597116,25,11759.0
2030580,TRIBUNAL REGIONAL ELECTORAL PRIMERA REGI,60.207.000-K,Tribunal Calificador de Elecciones,,1,1,1,5,8700000,2,0,0,0,0,0,4,9394.0
1978386,ASOCIACION DE MUNICIPIOS RURALES REGIONES DE TARAPACA Y ARICA - PARINACOTA,69.266.010-2,Municipios,Región de Tarapacá,1,1,10,118,6742400,3,2,2,249999,1,249999,18,5684.0
1961052,ASOCIACION DE MUNICIPALIDADES DE LA REGION DE COQUIMBO,65.099.087-0,Municipios,Región de Coquimbo,1,1,3,44,6263710,0,0,0,0,0,0,1,7006.0
2048198,TRIBUNAL ELECTORAL UNDECIMA REGION,71.447.300-K,Tribunal Calificador de Elecciones,Región Aysén del General Carlos Ibáñez del Campo,1,1,4,8,5700000,2,2,2,430045,2,430045,6,1324.0
2010511,ASOCIACION DE MUNICIPALIDADES DEL NORTE DE CHILE,65.080.558-5,Municipios,,1,1,4,4,5500000,0,0,0,0,0,0,6,7828.0
286412,Tribunal Electoral Regional IV Region,60.213.000-2,Gobierno Central,Región de Coquimbo,1,1,1,43,3932298,2,2,2,173502,1,173502,8,3716.0
2020991,TRIBUNAL ELECTORAL REGIONAL SEPTIMA REGI,60.211.000-1,Tribunal Calificador de Elecciones,Región del Maule,1,1,1,5,3760000,0,0,0,0,0,0,2,631.0
1979483,ASOCIACION DE MUNICIPALIDADES DE LA REGION DEL BIO BIO (AMRBB),65.099.885-5,Municipios,Región del Biobío,1,1,5,53,3402499,1,0,0,0,0,0,3,995.0
1952438,ASOCIACIÓN DE MUNICIPALIDADES DEL PUNILLA,69.262.000-3,Sin sector,Ñuble,0,1,6,6,2240000,0,0,0,0,0,0,4,2826.0
1035946,CORP MUNICIPAL DE SERVICIOS Y DESARROLLO,71.309.800-0,Municipios,Región de Valparaíso,1,1,5,38,2231657,2,1,1,66045,1,66045,6,4496.0
2005072,ASOCIACION DE MUNICIPALIDADES PARA LA PRESERVACION DE LA BIODIVERSIDAD,65.107.308-1,Municipios,Región del Biobío,1,1,1,3,710000,0,0,0,0,0,0,7,1866.0
1408339,Asoc. Regional de Municipalidades de Magallanes y Antartica Chilena,65.076.107-3,Municipios,Región de Magallanes y de la Antártica,1,1,1,4,440000,0,0,0,0,0,0,0,0.0
1001725,Entidad Compradora de Pruebas DCCP,,Sin clasificar,Sin clasificar,0,1,2,2,200,0,0,0,0,0,0,0,0.0
7212,Agencia Nacional de Inteligencia,61.923.300-k,Gobierno Central,Región Metropolitana de Santiago,1,0,0,0,0,10,0,0,0,0,0,10,15629.0
2048189,AGENCIA REGIONAL DE DESARROLLO PRODUCTIVO DE LA ARAUCANIA,65.034.891-5,Tribunal Calificador de Elecciones,Región de la Araucanía,1,0,0,0,0,0,0,0,0,0,0,0,0.0
,ARTESANÍAS CHILE,65.175.180-2,Gobierno Central,Región de la Araucanía,1,0,0,0,0,0,0,0,0,0,0,0,0.0
,ASOC DE MUNICIPALIDADES PARA EL DESARROLLO ECONOMICO LOCAL,75.218.600-6,Municipios,,1,0,0,0,0,0,0,0,0,0,0,0,0.0
1905875,ASOCIACION CULTURAL MUNICIPAL DE CERRILLOS,65.190.585-0,Municipios,Región Metropolitana de Santiago,1,0,0,0,0,1,0,0,0,0,0,1,0.0
1872627,Asociación de Municipalidades Comunas Costeras de Puchuncaví- Quintero,65.181.787-0,Municipios,Región de Valparaíso,1,0,0,0,0,0,0,0,0,0,0,0,0.0
,ASOCIACION DE MUNICIPALIDADES CORDILLERA DE LA COSTA COMUNAS DE CORRAL,69.286.330-5,Municipios,,1,0,0,0,0,0,0,0,0,0,0,0,0.0
1982097,ASOCIACIÓN DE MUNICIPALIDADES CORDILLERANAS DE LA ARAUCANÍA,65.159.174-0,Municipios,Región de la Araucanía,1,0,0,0,0,0,0,0,0,0,0,3,6124.0
2020999,ASOCIACION DE MUNICIPALIDADES DE ARAUCO Y CURANILAHUE,65.110.746-6,Municipios,Región del Biobío,1,0,0,0,0,5,0,0,0,0,0,25,59824.0
2031159,ASOCIACION DE MUNICIPALIDADES DE CHILE,65.076.037-9,Municipios,Región Metropolitana de Santiago,1,0,0,0,0,17,0,0,0,0,0,59,46457.0
1504904,Asociación de Municipalidades de Ciudades Puerto y Borde Costero de Chile,65.087.815-9,Municipios,Región de Valparaíso,1,0,0,0,0,0,0,0,0,0,0,3,1003.0
1934487,ASOCIACIÓN DE MUNICIPALIDADES DE LA PROVINCIA DE LLANQUIHUE,65.084.447-5,Municipios,Región de los Lagos,1,0,0,0,0,10,0,0,0,0,0,56,141117.0
,ASOCIACIÓN DE MUNICIPALIDADES DE LA PROVINCIA DE SAN ANTONIO,53.333.021-5,Municipios,,1,0,0,0,0,0,0,0,0,0,0,0,0.0
,ASOCIACION DE MUNICIPALIDADES DE LA PROVINCIA DEL HUASCO,65.110.111-5,Municipios,Región de Atacama,1,0,0,0,0,0,0,0,0,0,0,0,0.0
,ASOCIACION DE MUNICIPALIDADES DE LA REGION DE LOS RIOS,65.060.759-7,Municipios,,1,0,0,0,0,0,0,0,0,0,0,0,0.0
,Asociacion de Municipalidades de la Region de Valparaiso,65.082.548-9,Municipios,,1,0,0,0,0,0,0,0,0,0,0,0,0.0
1999036,ASOCIACION DE MUNICIPALIDADES DE LA ZONA METROPOLITANA DE LA ARAUCANIA,65.211.127-0,Municipios,Región de la Araucanía,1,0,0,0,0,7,0,0,0,0,0,15,19745.0
,ASOCIACION DE MUNICIPALIDADES DEL VALLE DEL MAIPO,65.117.352-3,Municipios,,1,0,0,0,0,0,0,0,0,0,0,0,0.0
,ASOCIACION DE MUNICIPALIDADES MALLECO NORTE AMMN,65.064.705-K,Municipios,,1,0,0,0,0,0,0,0,0,0,0,0,0.0
1675202,Asociación de Municipalidades Rurales del Norte Chico,65.098.498-6,Municipios,Región de Coquimbo,1,0,0,0,0,1,0,0,0,0,0,3,12285.0
2021001,ASOCIACION DE MUNICIPALIDADES TURISTICAS DE CHILE,65.190.295-9,Municipios,Región Metropolitana de Santiago,1,0,0,0,0,1,0,0,0,0,0,11,9373.0
,ASOCIACION DE MUNICIPALIDADES TURISTICAS LACUSTRES A.M.T.L.,65.114.075-7,Sin tipo,,1,0,0,0,0,0,0,0,0,0,0,0,0.0
,ASOCIACION DE MUNICIPIOS CORDILLERANOS DEL BIO BIO,69.266.160-5,Sin tipo,,1,0,0,0,0,0,0,0,0,0,0,0,0.0
2004252,ASOCIACION DE MUNICIPIOS COSTA ARAUCANIA,65.097.891-9,Municipios,,1,0,0,0,0,0,0,0,0,0,0,4,3843.0
,ASOCIACION DE MUNICIPIOS PARA EL DESARROLLO TURISTICO DE LAS COMUNAS D,65.166.464-0,Sin tipo,,1,0,0,0,0,0,0,0,0,0,0,0,0.0
,ASOCIACIÓN DE MUNICIPIOS PARA LA CONSERVACION DE LA BIODIVERSIDAD DE LA REGIÓN DE LOS RIOS,65.070.014-7,Municipios,Región de Los Ríos,1,0,0,0,0,0,0,0,0,0,0,0,0.0
2010509,ASOCIACION METROPOLITANA DE MUNICIPALIDADES DE SANTIAGO SUR PARA LA GE,65.117.794-4,Municipios,Región Metropolitana de Santiago,1,0,0,0,0,29,0,0,0,0,0,125,445310.0
1956769,ASOCIACION MUNICIPAL DE DEPORTES Y RECREACION DE TOCOPILLA,65.103.008-0,Municipios,Región de Antofagasta,1,0,0,0,0,10,0,0,0,0,0,41,59592.0
2007447,ASOCIACION NACIONAL DE GOBERNADORES Y GOBERNADORAS REGIONALES DE CHILE,65.209.816-9,Gobierno Central,,1,0,0,0,0,10,0,0,0,0,0,33,36998.0
,ASOCIACION NACIONAL DE MUNICIPALIDADES DE CIUDADES PUERTO CONCESIONADO,65.109.928-5,Municipios,,1,0,0,0,0,0,0,0,0,0,0,0,0.0
1806837,Asociación para el desarrollo productivo del turismo Alto del Carmen,65.173.906-3,Gobierno Central,Región de Atacama,1,0,0,0,0,3,0,0,0,0,0,11,8554.0
2004236,ASOCIACION PARQUE CULTURAL DE VALPARAISO,65.099.506-6,Gobierno Central,Región de Valparaíso,1,0,0,0,0,10,0,0,0,0,0,53,455842.0
,Banco del Estado de Chile,97.030.000-7,Empresa Pública,Región Metropolitana de Santiago,1,0,0,0,0,0,0,0,0,0,0,0,0.0
7265,Biblioteca del Congreso Nacional,60.203.000-8,Poder Legislativo,Región del Maule,1,0,0,0,0,65,0,0,0,0,0,286,1421861.0
,CAPACITACION Y FORMACION HORACIO DOLLENZ EIRL,76.665.220-4,Sin tipo,Región de Tarapacá,1,0,0,0,0,0,0,0,0,0,0,0,0.0
,Casa de Moneda de Chile,60.806.000-6,Empresa Pública,Región Metropolitana de Santiago,1,0,0,0,0,0,0,0,0,0,0,0,0.0
,CENTRO ASISTENCIAL NORTE DE ANTOFAGASTA,61.980.050-8,Salud,Región Metropolitana de Santiago,1,0,0,0,0,0,0,0,0,0,0,0,0.0
,Centro Conjunto para Operaciones de Paz de Chile - CECOPAC,65.200.090-8,Gobierno Central,Región Metropolitana de Santiago,1,0,0,0,0,0,0,0,0,0,0,0,0.0
,CENTRO DE ESTUDIOS AVANZADOS EN ZONAS ARIDAS,65.997.470-3,Sin tipo,,1,0,0,0,0,0,0,0,0,0,0,0,0.0
1772424,CENTRO DE FORMACIÓN TÉCNICA ESTATAL DE LA REGIÓN DEL LIBERTADOR GENERA,65.199.122-6,"Liceos, Institutos y CFT",Región del Libertador General Bernardo O´Higgins,1,0,0,0,0,39,0,0,0,0,0,160,547792.0
1860306,CENTRO DE SALUD FAMILIAR PUERTO AYSÉN,62.000.940-7,Salud,Región Aysén del General Carlos Ibáñez del Campo,1,0,0,0,0,72,0,0,0,0,0,365,1503621.0
2105351,COMERCIALIZADORA DE TRIGO S A,96.511.150-6,Sin tipo,,1,0,0,0,0,3,0,0,0,0,0,3,1145.0
,COMISION ADMINISTRATIVA PARQUE PEDRO DEL RIO ZANARTU,70.634.700-3,Gobierno Central,,1,0,0,0,0,0,0,0,0,0,0,0,0.0
1999111,COMISIÓN PARA LA FIJACIÓN DE REMUNERACIONES,62.001.000-6,Organismo autónomo,Región Metropolitana de Santiago,1,0,0,0,0,0,0,0,0,0,0,3,628.0
,CONFEDERACION NACIONAL DE FUNCIONARIOS MUNICIPALES DE CHILE,70.889.300-5,Sin tipo,,1,0,0,0,0,0,0,0,0,0,0,0,0.0
,CONSEJO LOCAL DE DEPORTES DE LA FLORIDA,61.107.028-4,Municipios,,1,0,0,0,0,0,0,0,0,0,0,0,0.0
1230073,Consejo Resolutivo de Asignaciones Parlamentaria,65.034.169-4,Poder Legislativo,Región del Biobío,1,0,0,0,0,14,0,0,0,0,0,22,17568.0
2007691,CORP CULTURAL Y TURISMO DE CALAMA,88.951.800-6,Municipios,Región de Antofagasta,1,0,0,0,0,15,0,0,0,0,0,54,958545.0
1800776,CORP MUNICIPAL DE DESARROLLO SOCIAL DE POZO ALMONTE,71.497.400-9,Municipios,Región Metropolitana de Santiago,1,0,0,0,0,0,0,0,0,0,0,2,6152.0
1800773,CORP MUNICIPAL DE EDUCACION Y SAL,70.880.300-6,Municipios,Región Metropolitana de Santiago,1,0,0,0,0,124,0,0,0,0,0,421,1470186.0
1954534,CORP MUNICIPAL DE QUINCHAO PARA LA EDUC SALUD Y ATENCION AL MENOR,71.164.300-1,Municipios,Región de los Lagos,1,0,0,0,0,0,0,0,0,0,0,0,0.0
1818190,CORP MUNICIPAL DEL DEPORTE QUINTA NORMAL,65.408.320-7,Municipios,Región Metropolitana de Santiago,1,0,0,0,0,3,0,0,0,0,0,79,97257.0
2057769,CORP MUNICIPAL EDUCACION SALUD Y ATENCIO,71.127.200-3,Municipios,,1,0,0,0,0,0,0,0,0,0,0,1,394798.0
1838115,CORPORACION CULTURA Y PATRIMONIO SAN BERNARDO,65.161.562-3,Municipios,Región Metropolitana de Santiago,1,0,0,0,0,8,0,0,0,0,0,19,24346.0
1860179,Corporación Cultural de Canela,65.112.995-8,Gobierno Central,Región de Coquimbo,1,0,0,0,0,0,0,0,0,0,0,3,10943.0
1820927,Corporación Cultural de la I. Municipalidad de Romeral,65.087.213-4,Municipios,Región del Maule,1,0,0,0,0,1,0,0,0,0,0,4,1729.0
1820903,Corporación Cultural de la Ilustre Municipalidad de Teno,65.133.909-k,Municipios,Región Metropolitana de Santiago,1,0,0,0,0,10,0,0,0,0,0,34,12714.0
1890406,CORPORACION CULTURAL DE LA MUNICIPALIDAD DE PICHIDEGUA,65.756.050-2,Municipios,Región del Libertador General Bernardo O´Higgins,1,0,0,0,0,7,0,0,0,0,0,26,41051.0
1860204,CORPORACIÓN CULTURAL DE LAMPA,53.325.369-5,Municipios,Región Metropolitana de Santiago,1,0,0,0,0,24,0,0,0,0,0,106,213890.0
2012223,Corporación Cultural de Ñuñoa,71.473.100-3,Municipios,,1,0,0,0,0,18,0,0,0,0,0,121,794534.0
2012223,CORPORACIÓN CULTURAL DE ÑUÑOA,71.473.100-9,Municipios,,1,0,0,0,0,18,0,0,0,0,0,121,794534.0
1828373,CORPORACION CULTURAL DE PADRE LAS CASAS,65.071.875-5,Municipios,Región de la Araucanía,1,0,0,0,0,3,0,0,0,0,0,20,10633.0
1814748,CORPORACION CULTURAL DE PENALOLEN,72.256.100-7,Municipios,Región Metropolitana de Santiago,1,0,0,0,0,42,0,0,0,0,0,174,239098.0
,CORPORACION CULTURAL DE TALCAHUANO,65.074.151-K,Gobierno Central,,1,0,0,0,0,0,0,0,0,0,0,0,0.0
,CORPORACION CULTURAL DE VICHUQUEN,65.024.161-4,Gobierno Central,,1,0,0,0,0,0,0,0,0,0,0,0,0.0
1821133,CORPORACION CULTURAL ILUSTRE MUNICIPALIDAD DE RAUCO,65.084.566-8,Municipios,Región del Maule,1,0,0,0,0,2,0,0,0,0,0,8,9935.0
1823674,CORPORACION CULTURAL MUNICIPAL DE ANCUD,65.293.750-0,Municipios,Región de los Lagos,1,0,0,0,0,25,0,0,0,0,0,96,310405.0
,CORPORACION CULTURAL MUNICIPAL DE ARAUCO,65.125.195-8,Municipios,,1,0,0,0,0,0,0,0,0,0,0,0,0.0
1867770,CORPORACION CULTURAL MUNICIPAL DE COYHAIQUE,73.921.100-K,Municipios,Región Aysén del General Carlos Ibáñez del Campo,1,0,0,0,0,11,0,0,0,0,0,43,56329.0
,CORPORACION CULTURAL MUNICIPAL DE LA COMUNA DE VILLARRICA,65.078.343-3,Municipios,Región de la Araucanía,1,0,0,0,0,0,0,0,0,0,0,0,0.0
,Corporación Cultural Municipal de Loncoche,65.217.222-9,Municipios,Región de la Araucanía,1,0,0,0,0,0,0,0,0,0,0,0,0.0
1901623,CORPORACION CULTURAL MUNICIPAL DE LOS ANGELES,65.073.885-3,Municipios,Región del Biobío,1,0,0,0,0,28,0,0,0,0,0,115,72374.0
1817994,CORPORACION CULTURAL MUNICIPAL DE VICUNA,65.100.165-k,Municipios,Región de Coquimbo,1,0,0,0,0,28,0,0,0,0,0,161,253053.0
,CORPORACION CULTURAL MUNICIPAL GONZALO ROJAS PIZARRO,65.082.979-4,Municipios,,1,0,0,0,0,0,0,0,0,0,0,0,0.0
1888500,CORPORACION CULTURAL MUNICIPAL Y DE DESARROLLO SOCIO AMBIENTAL DE HUASCO,53.333.712-0,Municipios,Región de Atacama,1,0,0,0,0,4,0,0,0,0,0,4,1231.0
1812451,Corporación Cultural Municipalidad del Maule,65.091.053-2,Municipios,Región del Maule,1,0,0,0,0,14,0,0,0,0,0,92,438377.0
1830901,CORPORACION CULTURAL Y DE EXTENSION DE LA ILUSTRE MUNICIPALIDAD DE CONSTITUCION,65.098.387-4,Municipios,Región del Maule,1,0,0,0,0,12,0,0,0,0,0,36,102146.0
1806878,Corporación de Cultura Isla de Maipo,65.090.279-3,Municipios,Región Metropolitana de Santiago,1,0,0,0,0,0,0,0,0,0,0,1,1386.0
1821135,CORPORACION DE DEPORTES DE LA MUNICIPALIDAD DE RAUCO,65.198.615-K,Municipios,Región del Maule,1,0,0,0,0,0,0,0,0,0,0,4,2323.0
1801801,Corporacion de Deportes de Padre Hurtado,65.033.812-K,Municipios,Región Metropolitana de Santiago,1,0,0,0,0,7,0,0,0,0,0,41,61324.0
2130401,CORPORACIÓN DE DESAROLLO REGIONAL DE ANTOFAGASTA,65.281.096-9,Sin tipo,Región de Antofagasta,1,0,0,0,0,10,0,0,0,0,0,10,19606.0
2117506,CORPORACIÓN DE DESARROLLO DEL GOBIERNO REGIONAL DE AYSÉN,65.274.484-2,Sin tipo,,1,0,0,0,0,6,0,0,0,0,0,6,29164.0
2004025,CORPORACION DE DESARROLLO TERRITORIAL Y TURISMO DE LA REGION METROPOLITANA,65.125.012-9,Gobierno Central,Región Metropolitana de Santiago,1,0,0,0,0,46,0,0,0,0,0,242,2162494.0
1935165,Corporación de Investigación y Avance de la Paleontología e Historia Natural de Atacama,65.193.157-6,Gobierno Central,Región de Atacama,1,0,0,0,0,9,0,0,0,0,0,26,92353.0
1883882,CORPORACION DEL DEPORTE DE PICHIDEGUA,65.756.070-7,Municipios,Región del Libertador General Bernardo O´Higgins,1,0,0,0,0,9,0,0,0,0,0,33,65425.0
2117504,CORPORACION DEPORTIVA MUNICIPAL DE SAN PEDRO DE LA PAZ,65.143.634-6,Sin tipo,,1,0,0,0,0,6,0,0,0,0,0,7,3338.0
,CORPORACION EDUCACIONAL ESTRELLA DE CHILE,65.135.139-1,Municipios,,1,0,0,0,0,0,0,0,0,0,0,0,0.0
,CORPORACION EDUCACIONAL LOS ALERCES,65.146.398-K,Municipios,,1,0,0,0,0,0,0,0,0,0,0,0,0.0
1821972,CORPORACION MUNICIPAL  DE DEPORTES  DE SAN CLEMENTE,65.145.951-6,Municipios,Región del Maule,1,0,0,0,0,0,0,0,0,0,0,29,30190.0
1824396,CORPORACION MUNICIPAL CLUB DE LA REINA SOCIAL DEPORTIVO Y RECREACIONAL,75.542.100-6,Municipios,Región Metropolitana de Santiago,1,0,0,0,0,25,0,0,0,0,0,93,110622.0
1803787,Corporación Municipal Curaco de Vélez,71.281.500-0,Municipios,Región Metropolitana de Santiago,1,0,0,0,0,12,0,0,0,0,0,165,114845.0
1883967,CORPORACIÓN MUNICIPAL DE ADMINISTRACIÓN SITIO PATRIMONIO MUNDIAL ÁREA,65.218.135-K,Municipios,Región de Valparaíso,1,0,0,0,0,2,0,0,0,0,0,22,230974.0
,CORPORACION MUNICIPAL DE CREACION Y DESARROLLO DE LOS LAGOS,65.212.534-4,Municipios,Región de Los Ríos,1,0,0,0,0,0,0,0,0,0,0,0,0.0
1867218,Corporacion Municipal de Cultura turismo y Patrimonio  de la comuna de Natales,65.164.119-5,Municipios,Región Metropolitana de Santiago,1,0,0,0,0,5,0,0,0,0,0,31,127746.0
1806052,CORPORACION MUNICIPAL DE CULTURA Y TURISMO DE LA COMUNA DE QUINTERO,65.077.445-0,Municipios,Región de Valparaíso,1,0,0,0,0,13,0,0,0,0,0,83,105815.0
2112425,"CORPORACIÓN MUNICIPAL DE CULTURA, DEPORTE Y DE FOMENTO DE DESARROLLO C",65.261.347-0,Sin tipo,Región Metropolitana de Santiago,1,0,0,0,0,30,0,0,0,0,0,54,270511.0
1820930,Corporación Municipal de Deporte de Romeral,65.091.718-9,Municipios,Región del Maule,1,0,0,0,0,3,0,0,0,0,0,11,4953.0
,Corporación Municipal de Deporte de Salamanca,65.103.975-4,Municipios,Región de Coquimbo,1,0,0,0,0,0,0,0,0,0,0,0,0.0
1828388,CORPORACION MUNICIPAL DE DEPORTE Y RECREACION DE ISLA DE PASCUA,65.499.360-2,Municipios,Región de Valparaíso,1,0,0,0,0,9,0,0,0,0,0,65,118138.0
,"CORPORACIÓN MUNICIPAL DE DEPORTE, CULTURA Y RECREACIÓN DOÑIHUE",65.261.099-4,Municipios,,1,0,0,0,0,0,0,0,0,0,0,0,0.0
1818071,Corporación Municipal de Deportes de Caldera,65.117.411-2,Municipios,Región de Atacama,1,0,0,0,0,3,0,0,0,0,0,7,23381.0
,CORPORACION MUNICIPAL DE DEPORTES DE LA COMUNA DE ARAUCO,65.079.494-K,Municipios,Región del Biobío,1,0,0,0,0,0,0,0,0,0,0,0,0.0
1939696,CORPORACIÓN MUNICIPAL DE DEPORTES DE LO PRADO,65.157.825-6,Municipios,Región Metropolitana de Santiago,1,0,0,0,0,17,0,0,0,0,0,75,226499.0
1812754,Corporación Municipal de Deportes de Maule,65.113.201-0,Municipios,Región del Maule,1,0,0,0,0,12,0,0,0,0,0,23,78114.0
1838326,CORPORACION MUNICIPAL DE DEPORTES DE NATALES,65.062.067-4,Municipios,Región de Magallanes y de la Antártica,1,0,0,0,0,4,0,0,0,0,0,11,18408.0
1835219,CORPORACION MUNICIPAL DE DEPORTES DE PADRE LAS CASAS,65.743.540-6,Municipios,Región de la Araucanía,1,0,0,0,0,3,0,0,0,0,0,10,19068.0
1811051,CORPORACION MUNICIPAL DE DEPORTES DE RANCAGUA,65.104.928-8,Municipios,Región del Libertador General Bernardo O´Higgins,1,0,0,0,0,45,0,0,0,0,0,177,609540.0
1820132,CORPORACION MUNICIPAL DE DEPORTES Y DESARROLLO SOCIAL DE LA COMUNA DE QUINTERO,65.119.345-1,Municipios,Región de Valparaíso,1,0,0,0,0,4,0,0,0,0,0,29,25248.0
1898385,CORPORACION MUNICIPAL DE DEPORTES Y RECREACION DE ILLAPEL,65.063.464-0,Municipios,Región de Coquimbo,1,0,0,0,0,0,0,0,0,0,0,5,6518.0
1824391,CORPORACION MUNICIPAL DE DEPORTES Y RECREACION DE LA REINA,65.193.370-6,Municipios,Región Metropolitana de Santiago,1,0,0,0,0,10,0,0,0,0,0,55,51805.0
,Corporación Municipal de Deportes y Recreación de Recoleta,65.012.617-3,Municipios,Región Metropolitana de Santiago,1,0,0,0,0,0,0,0,0,0,0,0,0.0
1812445,CORPORACION MUNICIPAL DE DEPORTES Y RECREACION DE TEMUCO,65.058.816-9,Municipios,Región de la Araucanía,1,0,0,0,0,5,0,0,0,0,0,62,292781.0
1855963,Corporación Municipal de Deportes y Recreación Panguipulli,65.029.257-K,Municipios,Región de Los Ríos,1,0,0,0,0,2,0,0,0,0,0,25,44203.0
2127234,CORPORACION MUNICIPAL DE DEPORTES Y RECREACION TOME,65.112.895-1,Sin tipo,,1,0,0,0,0,2,0,0,0,0,0,2,574.0
,CORPORACION MUNICIPAL DE DESARROLLO DE CORONEL,65.076.516-8,Municipios,,1,0,0,0,0,0,0,0,0,0,0,0,0.0
,CORPORACIÓN MUNICIPAL DE DESARROLLO ECONÓMICO Y PRODUCTIVO DE COYHAIQUE,65.256.885-8,Sin tipo,,1,0,0,0,0,0,0,0,0,0,0,0,0.0
1818087,CORPORACIÓN MUNICIPAL DE DESARROLLO SOCIAL DE LOS MUERMOS,71.450.600-5,Municipios,Región de los Lagos,1,0,0,0,0,3,0,0,0,0,0,13,14206.0
2020992,CORPORACIÓN MUNICIPAL DE DESARROLLO SOCIAL DE TIL TIL,70.981.700-0,Municipios,Región Metropolitana de Santiago,1,0,0,0,0,42,0,0,0,0,0,108,143358.0
,CORPORACION MUNICIPAL DE DESARROLLO URBANO DE COLINA,65.175.161-6,Municipios,,1,0,0,0,0,0,0,0,0,0,0,0,0.0
,"CORPORACIÓN MUNICIPAL DE DESARROLLO, DE LA CULTURA Y EL TURISMO DE CALBUCO",65.079.475-3,Municipios,Región de los Lagos,1,0,0,0,0,0,0,0,0,0,0,0,0.0
1803812,CORPORACION MUNICIPAL DE FOMENTO AL DESARROLLO ECONOMICO Y PRODUCTIVO,65.174.423-7,Municipios,Región del Maule,1,0,0,0,0,12,0,0,0,0,0,55,222359.0
,CORPORACION MUNICIPAL DE FOMENTO AL DESARROLLO ECONOMICO Y PRODUCTIVO DE PANQUEHUE Y DE RESGUARDO DEL MEDIOAMBIENTE,65.175.441-0,Municipios,,1,0,0,0,0,0,0,0,0,0,0,0,0.0
2110376,CORPORACION MUNICIPAL DE FOMENTO AL DESARROLLO ECONOMICO Y PRODUCTIVO DE TOCOPILLA,65.131.257-4,Sin tipo,,1,0,0,0,0,7,0,0,0,0,0,17,18878.0
,CORPORACION MUNICIPAL DE FOMENTO Y DESARROLLO COMUNAL DE SIERRA GORDA,65.082.792-9,Municipios,,1,0,0,0,0,0,0,0,0,0,0,0,0.0
1828390,CORPORACION MUNICIPAL DE ISLA DE PASCUA,75.067.200-0,Municipios,Región Metropolitana de Santiago,1,0,0,0,0,11,0,0,0,0,0,64,187665.0
1898391,CORPORACIÓN MUNICIPAL DE LA CULTURA Y LAS ARTES DE ILLAPEL,65.192.324-7,Municipios,Región de Coquimbo,1,0,0,0,0,0,0,0,0,0,0,7,16859.0
1891528,CORPORACION MUNICIPAL DE LA CULTURA Y LAS ARTES DE SAN ANTONIO,65.065.493-5,Municipios,Región de Valparaíso,1,0,0,0,0,0,0,0,0,0,0,15,26573.0
1838550,CORPORACION MUNICIPAL DE LAS ARTES Y LA CULTURA DE RIO CLARO,65.208.551-2,Municipios,Región del Maule,1,0,0,0,0,0,0,0,0,0,0,0,0.0
1881397,Corporación Municipal de Quellón,71.173.100-8,Municipios,Región de los Lagos,1,0,0,0,0,13,0,0,0,0,0,153,277539.0
1870989,Corporación Municipal de San José de Maipo,70.902.400-0,Municipios,Región Metropolitana de Santiago,1,0,0,0,0,16,0,0,0,0,0,47,44790.0
,CORPORACION MUNICIPAL DE TURISMO COQUIMBO,69.266.070-6,Municipios,,1,0,0,0,0,0,0,0,0,0,0,0,0.0
1871766,CORPORACION MUNICIPAL DE TURISMO DE PAIHUANO,65.173.673-0,Municipios,Región de Coquimbo,1,0,0,0,0,1,0,0,0,0,0,12,17537.0
1820124,CORPORACION MUNICIPAL DE TURISMO VICUNA,65.080.284-5,Municipios,Región de Coquimbo,1,0,0,0,0,17,0,0,0,0,0,102,121212.0
1920941,CORPORACION MUNICIPAL DEL ARTE Y LA CULTURA DE TALAGANTE,65.136.986-k,Municipios,Región Metropolitana de Santiago,1,0,0,0,0,3,0,0,0,0,0,85,307458.0
1812428,CORPORACION MUNICIPAL DEL DEPORTE DE LAMPA,65.069.626-3,Municipios,Región Metropolitana de Santiago,1,0,0,0,0,11,0,0,0,0,0,32,141557.0
,CORPORACION MUNICIPAL DEL DEPORTE Y RECREACION DE PORVENIR,65.056.234-8,Municipios,,1,0,0,0,0,0,0,0,0,0,0,0,0.0
1952217,CORPORACION MUNICIPAL DEPORTIVA Y CULTURAL DE ALTO HOSPICIO,65.189.872-2,Municipios,Región de Tarapacá,1,0,0,0,0,4,0,0,0,0,0,17,6950.0
,CORPORACION MUNICIPAL PARA EL DESARROLLO COMUNAL SOL DE ATACAMA,65.189.756-4,Municipios,Región de Atacama,1,0,0,0,0,0,0,0,0,0,0,0,0.0
1834956,CORPORACION MUNICIPALIDAD DE DEPORTES DE LA ILUSTRE MUNICIPALIDAD DE CONSTITUCION,65.058.599-2,Municipios,Región del Maule,1,0,0,0,0,4,0,0,0,0,0,15,34449.0
2020994,CORPORACION OBRAS SOCIALES DE ZAPALLAR Y Y CACHAGUA,70.330.000-6,Municipios,Región de Valparaíso,1,0,0,0,0,2,0,0,0,0,0,9,408054.0
,"CORPORACION PARA EL ESTUDIO, DESARROLLO Y PROMOCION DE LA ECONOMIA",65.155.814-K,Municipios,Región del Libertador General Bernardo O´Higgins,1,0,0,0,0,0,0,0,0,0,0,0,0.0
,CORPORACION PARQUE Y CENTRO CULTURAL BOTANICO CHAGUAL,65.180.150-8,Municipios,,1,0,0,0,0,0,0,0,0,0,0,0,0.0
2102951,CORPORACION REGIONAL DE DESARROLLO PRODUCTIVO DE LA REGION COQUIMBO,65.038.802-K,Gobierno Central,Región Metropolitana de Santiago,1,0,0,0,0,24,0,0,0,0,0,34,81682.0
2004027,CORPORACION REGIONAL DE TURISMO DE LA REGION DE VALPARAISO,65.176.732-6,Gobierno Central,,1,0,0,0,0,11,0,0,0,0,0,55,111930.0
,CUERPO DE BOMBEROS DE ANTOFAGASTA,81.809.500-7,Fundación e Institución Privada,,1,0,0,0,0,0,0,0,0,0,0,0,0.0
,CUERPO DE BOMBEROS DE SANTIAGO,81.450.600-2,Fundación e Institución Privada,Región Metropolitana de Santiago,1,0,0,0,0,0,0,0,0,0,0,0,0.0
,CUERPO DE BOMBEROS DE VINA DEL MAR,81.815.900-5,Sin tipo,,1,0,0,0,0,0,0,0,0,0,0,0,0.0
,Cuerpo de Bomberos Metropolitano Sur,65.600.110-0,Fundación e Institución Privada,Región Metropolitana de Santiago,1,0,0,0,0,0,0,0,0,0,0,0,0.0
,Dirección de Relaciones Económicas,70.020.190-2,Gobierno Central,Región de Tarapacá,1,0,0,0,0,0,0,0,0,0,0,0,0.0
1743886,EMPRESA DE LOS FERROCARRILES DEL ESTADO,61.216.000-7,Empresa Pública,Región del Biobío,1,0,0,0,0,4,0,0,0,0,0,5,255735.0
7074,EMPRESA DE TRANSPORTE DE PASAJEROS METRO S A,61.219.000-3,Empresa Pública,Región Metropolitana de Santiago,1,0,0,0,0,4,0,0,0,0,0,22,36286.0
,EMPRESA PORTUARIA ANTOFAGASTA,73.968.300-9,Empresa Pública,Región de Antofagasta,1,0,0,0,0,0,0,0,0,0,0,0,0.0
,Empresa Portuaria Arica,61.945.700-5,Empresa Pública,,1,0,0,0,0,0,0,0,0,0,0,0,0.0
1902809,EMPRESA PORTUARIA COQUIMBO,61.946.300-5,Empresa Pública,Región de Coquimbo,1,0,0,0,0,6,0,0,0,0,0,6,61416.0
,EMPRESA PORTUARIA IQUIQUE,61.951.300-2,Empresa Pública,Región de Tarapacá,1,0,0,0,0,0,0,0,0,0,0,0,0.0
,Empresa Portuaria Talcahuano San Vicente,61.960.300-1,Empresa Pública,Región del Biobío,1,0,0,0,0,0,0,0,0,0,0,0,0.0
,EMPRESA PORTUARIA VALPARAISO,61.952.700-3,Empresa Pública,Región de Valparaíso,1,0,0,0,0,0,0,0,0,0,0,0,0.0
1090451,FUND NACIONAL DE ORQUESTAS JUVENILES E INFANTILES DE CHILE,75.991.930-0,Gobierno Central,Región de Atacama,1,0,0,0,0,209,0,0,0,0,0,707,624866.0
1110944,FUND PARA LA PROMOCION Y DESARROLLO DE LA MUJER,72.101.000-7,Fundación e Institución Privada,Región de Atacama,1,0,0,0,0,21,0,0,0,0,0,70,192624.0
1288587,FUNDACION CHILE,70.300.000-2,Fundación e Institución Privada,Región Metropolitana de Santiago,1,0,0,0,0,98,0,0,0,0,0,261,245809.0
,FUNDACION CLUB PROVIDENCIA,70.842.200-K,Municipios,,1,0,0,0,0,0,0,0,0,0,0,0,0.0
2029467,FUNDACION CULTURAL DE LA MUNICIPALIDAD DE TOCOPILLA,65.120.363-5,Municipios,,1,0,0,0,0,7,0,0,0,0,0,43,87778.0
1828266,FUNDACION CULTURAL DE SIERRA GORDA,53.320.617-4,Municipios,Región de Antofagasta,1,0,0,0,0,0,0,0,0,0,0,0,0.0
2037116,"FUNDACION DE CULTURA, TURISMO Y DEPORTES DE LA MUNICIPALIDAD DE MARIA",65.072.332-5,Gobierno Central,,1,0,0,0,0,4,0,0,0,0,0,7,12541.0
1094591,Fundación de las Familias,71.689.100-3,Gobierno Central,Región de Antofagasta,1,0,0,0,0,2,0,0,0,0,0,27,24167.0
,FUNDACION MUSEO VIOLETA PARRA,65.097.432-8,Sin tipo,,1,0,0,0,0,0,0,0,0,0,0,0,0.0
,FUNDACIÓN NACIONAL PARA LA SUPERACIÓN DE LA POBREZA,73.051.300-3,Fundación e Institución Privada,Región Metropolitana de Santiago,1,0,0,0,0,0,0,0,0,0,0,0,0.0
,FUNDACION TODO CHILENTER,65.178.170-1,Fundación e Institución Privada,Región Metropolitana de Santiago,1,0,0,0,0,0,0,0,0,0,0,0,0.0
,GOBERNACION DE CAUTIN,60.511.092-4,Gobierno Central,,1,0,0,0,0,0,0,0,0,0,0,0,0.0
,Gobernación Provincia de Elqui,60.511.041-k,Gobierno Central,Región de Coquimbo,1,0,0,0,0,0,0,0,0,0,0,0,0.0
,GOBERNACION PROVINCIAL DE ANTOFAGASTA,60.511.022-3,Gobierno Central,Región de Antofagasta,1,0,0,0,0,0,0,0,0,0,0,0,0.0
,Gobernación Provincial de Arica,60.511.011-8,Gobierno Central,Región de Arica y Parinacota,1,0,0,0,0,0,0,0,0,0,0,0,0.0
,GOBERNACION PROVINCIAL DE CACHAPOAL,60.511.061-4,Gobierno Central,Región Metropolitana de Santiago,1,0,0,0,0,0,0,0,0,0,0,0,0.0
,Gobernación Provincial de Concepción,60.511.082-7,Gobierno Central,Región Metropolitana de Santiago,1,0,0,0,0,0,0,0,0,0,0,0,0.0
,GOBERNACION PROVINCIAL DE COYHAIQUE,60.511.105-k,Gobierno Central,Región Metropolitana de Santiago,1,0,0,0,0,0,0,0,0,0,0,0,0.0
,GOBERNACION PROVINCIAL DE IQUIQUE,60.511.012-6,Gobierno Central,Región de Tarapacá,1,0,0,0,0,0,0,0,0,0,0,0,0.0
,Gobernación Provincial de Llanquihue,60.511.103-3,Gobierno Central,Región de los Lagos,1,0,0,0,0,0,0,0,0,0,0,0,0.0
,GOBERNACION PROVINCIAL DE MAGALLANES,60.511.121-1,Gobierno Central,Región de Magallanes y de la Antártica,1,0,0,0,0,0,0,0,0,0,0,0,0.0
,GOBERNACION PROVINCIAL DE TALCA,60.511.072-K,Gobierno Central,Región del Maule,1,0,0,0,0,0,0,0,0,0,0,0,0.0
,GOBERNACION PROVINCIAL DE VALDIVIA,60.511.101-7,Gobierno Central,Región de Los Ríos,1,0,0,0,0,0,0,0,0,0,0,0,0.0
,GOBERNACION PROVINCIAL DE VALPARAISO,60.511.051-7,Gobierno Central,Región de Valparaíso,1,0,0,0,0,0,0,0,0,0,0,0,0.0
,GOBERNACION PROVINCIAL DIGUILLIN,61.999.380-2,Gobierno Central,Región Metropolitana de Santiago,1,0,0,0,0,0,0,0,0,0,0,0,0.0
7486,HOSPITAL DE LA FAMILIA Y LA COMUNIDAD SANTO TOMAS DE LIMACHE,61.606.606-4,Salud,Región Metropolitana de Santiago,1,0,0,0,0,138,0,0,0,0,0,881,1480310.0
7241,I MUNICIPALIDAD DE CERRILLOS,69.255.000-5,Municipios,Región de Valparaíso,1,0,0,0,0,93,0,0,0,0,0,441,14404120.0
1053458,I MUNICIPALIDAD DE COLCHANE,69.250.400-3,Municipios,Región de Tarapacá,1,0,0,0,0,99,0,0,0,0,0,360,1757329.0
121613,I MUNICIPALIDAD DE CURACAUTIN,69.181.000-3,Municipios,Región Metropolitana de Santiago,1,0,0,0,0,206,0,0,0,0,0,823,5341529.0
135567,I MUNICIPALIDAD DE FREIRINA,69.030.600-k,Municipios,Región de Coquimbo,1,0,0,0,0,288,63,0,0,0,0,1223,2649025.0
123529,I MUNICIPALIDAD DE LAGO VERDE,69.253.000-4,Municipios,Región Aysén del General Carlos Ibáñez del Campo,1,0,0,0,0,69,0,0,0,0,0,327,1866194.0
113618,I MUNICIPALIDAD DE PANQUEHUE,69.050.800-1,Municipios,Región Metropolitana de Santiago,1,0,0,0,0,95,0,0,0,0,0,415,1364099.0
115166,I MUNICIPALIDAD DE PENCAHUE,69.110.800-7,Municipios,Región Metropolitana de Santiago,1,0,0,0,0,149,0,0,0,0,0,623,1822588.0
116223,I MUNICIPALIDAD DE PETORCA,69.050.500-2,Municipios,Región de Coquimbo,1,0,0,0,0,83,0,0,0,0,0,353,4118249.0
116403,I MUNICIPALIDAD DE PUQUELDON,69.230.800-K,Municipios,Región de los Lagos,1,0,0,0,0,40,0,0,0,0,0,189,581298.0
115979,I MUNICIPALIDAD DE QUILLECO,69.170.400-9,Municipios,Región del Biobío,1,0,0,0,0,200,0,0,0,0,0,762,1606706.0
7367,I MUNICIPALIDAD DE RIO NEGRO,69.210.302-5,Municipios,Región de los Lagos,1,0,0,0,0,200,0,0,0,0,0,759,3527633.0
116295,I MUNICIPALIDAD DE SALAMANCA,69.041.400-7,Municipios,Región de Coquimbo,1,0,0,0,0,394,0,0,0,0,0,1545,5577228.0
115457,I MUNICIPALIDAD DE SAN JOSE DE MAIPO,69.072.300-k,Municipios,Región Metropolitana de Santiago,1,0,0,0,0,59,0,0,0,0,0,233,695144.0
118079,I MUNICIPALIDAD DE TALTAL,69.020.500-9,Municipios,Región de Atacama,1,0,0,0,0,138,0,0,0,0,0,605,2856820.0
115167,I MUNICIPALIDAD DE TOCOPILLA,69.020.100-3,Municipios,Región de Antofagasta,1,0,0,0,0,149,0,0,0,0,0,670,16142558.0
145365,I MUNICIPALIDAD DE TREHUACO,69.250.600-6,Municipios,Región Metropolitana de Santiago,1,0,0,0,0,91,0,0,0,0,0,518,1471753.0
104899,I MUNICIPALIDAD PUERTO OCTAY,69.210.400-5,Municipios,Región de los Lagos,1,0,0,0,0,154,0,0,0,0,0,619,3137731.0
138211,Ilustre Municipalidad de Lumaco,69.180.800-9,Municipios,Región de la Araucanía,1,0,0,0,0,364,0,0,0,0,0,1494,2977536.0
94315,ILUSTRE MUNICIPALIDAD DE POZO ALMONTE,83.017.500-8,Municipios,Región de Tarapacá,1,0,0,0,0,189,1,0,0,0,0,850,6608484.0
1175633,INIA,61.312.000-9,Fundación e Institución Privada,Región de Arica y Parinacota,1,0,0,0,0,466,0,0,0,0,0,1591,4275848.0
,Instituto Comercial Eliodoro Dominguez Dominguez,60.904.084-K,"Liceos, Institutos y CFT",Región Metropolitana de Santiago,1,0,0,0,0,0,0,0,0,0,0,0,0.0
7497,INSTITUTO FORESTAL,61.311.000-3,Gobierno Central,Región de los Lagos,1,0,0,0,0,86,0,0,0,0,0,329,471918.0
,INSTITUTO NACIONAL DE NORMALIZACION,70.049.100-5,Fundación e Institución Privada,,1,0,0,0,0,0,0,0,0,0,0,0,0.0
2004036,JUNTA DE ALCALDES PROVIDENCIA LAS CONDES LA REINA,70.064.202-K,Municipios,Región Metropolitana de Santiago,1,0,0,0,0,55,0,0,0,0,0,265,1039010.0
1079772,JUNTA NACIONAL DE CUERPOS DE BOMBEROS DE CHILE,70.073.800-0,Fundación e Institución Privada,Región de Tarapacá,1,0,0,0,0,62,0,0,0,0,0,243,59004.0
,Liceo Industrial Presidente Pedro Aguirre Cerda,60.904.034-3,"Liceos, Institutos y CFT",Región del Libertador General Bernardo O´Higgins,1,0,0,0,0,0,0,0,0,0,0,0,0.0
,Poder Judicial - Academia Judicial,73.044.800-7,Poder Judicial,Región Metropolitana de Santiago,1,0,0,0,0,0,0,0,0,0,0,0,0.0
,S. S. Aysén - Dirección de Atención Primaria,61.607.801-1,Salud,Región Aysén del General Carlos Ibáñez del Campo,1,0,0,0,0,0,0,0,0,0,0,0,0.0
,"SECRETARÍA REGIONAL MINISTERIAL DE LAS CULTURAS, LAS ARTES Y EL PATRIMONIO",60.000.430-8,Gobierno Central,,1,0,0,0,0,0,0,0,0,0,0,0,0.0
,Servicio Bienestar Personal Ilustre Municipalidad de Los Muermos,72.219.800-K,Municipios,Región de los Lagos,1,0,0,0,0,0,0,0,0,0,0,0,0.0
285964,SERVICIO DE VIVIENDA Y URBANIZACION DE V,61.818.002-6,Obras Públicas y Minvu,Región de la Araucanía,1,0,0,0,0,46,0,0,0,0,0,201,5786726.0
2063230,SERVICIO LOCAL DE EDUCACIÓN PÚBLICA CHACABUCO,61.981.490-8,Sin tipo,Región Metropolitana de Santiago,1,0,0,0,0,9,0,0,0,0,0,11,99279.0
2038208,SERVICIO LOCAL DE EDUCACIÓN PÚBLICA HANGA ROA,61.981.410-K,Gobierno Central,Región Metropolitana de Santiago,1,0,0,0,0,17,0,0,0,0,0,25,68733.0
2063211,SERVICIO LOCAL DE EDUCACIÓN PÚBLICA LOS VIÑEDOS,61.981.480-0,Sin tipo,,1,0,0,0,0,5,0,0,0,0,0,7,62315.0
,SERVICIO NACIONAL DE ACCESO A LA JUSTICIA Y DEFENSORIA DE VICTIMAS,61.999.410-8,Sin tipo,,1,0,0,0,0,0,0,0,0,0,0,0,0.0
,SOCIEDAD AGRICOLA Y SERVICIOS ISLA DE PASCUA SPA,87.634.600-1,Sin tipo,,1,0,0,0,0,0,0,0,0,0,0,0,0.0
2080298,TRIBUNAL CALIFICADOR DE ELECCIONES,60.205.000-9,Tribunal Calificador de Elecciones,,1,0,0,0,0,8,0,0,0,0,0,34,22818.0
,TRIBUNAL ELECTORAL DE LA REGION METROPOL,60.215.000-3,Tribunal Calificador de Elecciones,Región Metropolitana de Santiago,1,0,0,0,0,0,0,0,0,0,0,0,0.0
2030579,TRIBUNAL ELECTORAL DE LA XV REGION,65.854.220-6,Tribunal Calificador de Elecciones,,1,0,0,0,0,1,0,0,0,0,0,4,1710.0
,TRIBUNAL ELECTORAL IX REGION,60.206.000-4,Tribunal Calificador de Elecciones,,1,0,0,0,0,0,0,0,0,0,0,0,0.0
,TRIBUNAL ELECTORAL PRIMERO DE LA REGION,60.218.000-K,Tribunal Calificador de Elecciones,,1,0,0,0,0,0,0,0,0,0,0,0,0.0
,TRIBUNAL ELECTORAL REGIONAL ANTOFAGASTA,60.209.000-0,Tribunal Calificador de Elecciones,,1,0,0,0,0,0,0,0,0,0,0,0,0.0
,TRIBUNAL ELECTORAL REGIONAL DE LA VIII R,60.210.000-6,Tribunal Calificador de Elecciones,,1,0,0,0,0,0,0,0,0,0,0,0,0.0
,TRIBUNAL ELECTORAL REGIONAL DE VALPARAIS,60.214.000-8,Tribunal Calificador de Elecciones,,1,0,0,0,0,0,0,0,0,0,0,0,0.0
,TRIBUNAL ELECTORAL REGIONAL DECIMA REGIO,60.208.000-5,Sin tipo,,1,0,0,0,0,0,0,0,0,0,0,0,0.0
,TRIBUNAL ELECTORAL REGIONAL REGION DE O´HIGGINS,60.217.000-4,Tribunal Calificador de Elecciones,,1,0,0,0,0,0,0,0,0,0,0,0,0.0
