anio,codigo_organismo,organismo,region,sector,lineas,procesos,monto_total_clp,monto_sin_lineas_extremas_clp,lineas_extremas,monto_procedimiento_concursal,monto_procedimientos_especiales_de_contratación,monto_contratación_directa,monto_licitación,monto_convenio_marco,monto_trato_directo
2025,7002,JUNTA NACIONAL DE AUXILIO ESCOLAR Y BECA,Metropolitana de Santiago,Gobierno Central,1142,28,2563130859296,147644528664,3,2532384485059,2570669743,28175704494,0,0,0
2026,7002,JUNTA NACIONAL DE AUXILIO ESCOLAR Y BECA,Metropolitana de Santiago,Gobierno Central,793,29,2366431555743,66431555744,3,2363255348499,2360517244,815690000,0,0,0
2025,6957,CENTRAL DE ABASTECIMIENTO DEL SISTEMA NACIONAL DE SERVICIO DE SALUD,Metropolitana de Santiago,Gobierno Central,1338,2,2286396771791,2286396771791,0,2080878421014,292031000,205226319777,0,0,0
2026,6957,CENTRAL DE ABASTECIMIENTO DEL SISTEMA NACIONAL DE SERVICIO DE SALUD,Metropolitana de Santiago,Gobierno Central,1049,2,1020335314296,1020335314296,0,860325596395,1516676559,158493041342,0,0,0
2025,100155,I MUNICIPALIDAD LO BARNECHEA,Metropolitana de Santiago,Municipalidades,1622,16,1754516398920,157841158920,3,1753088857496,0,1427541424,0,0,0
2026,100155,I MUNICIPALIDAD LO BARNECHEA,Metropolitana de Santiago,Municipalidades,3231,33,624711267134,245053171134,1,622817750450,0,1893516684,0,0,0
2025,6954,FONDO NACIONAL DE SALUD,Metropolitana de Santiago,Gobierno Central,263,16,642564708413,250434373413,2,591624953011,4497293595,46442461807,0,0,0
2026,6954,FONDO NACIONAL DE SALUD,Metropolitana de Santiago,Gobierno Central,252,18,212707186494,212707186494,0,150535724511,15733157794,46438304189,0,0,0
2025,6953,INSTITUTO DE SEGURIDAD LABORAL,Metropolitana de Santiago,Gobierno Central,808,28,74255758955,74255758955,0,71492959123,1750757379,1012042453,0,0,0
2026,6953,INSTITUTO DE SEGURIDAD LABORAL,Metropolitana de Santiago,Gobierno Central,400,28,694579372501,244579372501,2,691392161858,2332564112,854646531,0,0,0
2025,6924,CORP NACIONAL FORESTAL,Metropolitana de Santiago,Gobierno Central,10804,501,577166628467,177156628467,1,549576054827,12959924676,14630648964,0,0,0
2026,6924,CORP NACIONAL FORESTAL,Metropolitana de Santiago,Gobierno Central,6272,358,180876374212,180876374212,0,155679396942,18395994187,6800983083,0,0,0
2025,7006,SERVICIO DE SALUD SUR UNIDAD HOSPITALARI,Metropolitana de Santiago,Gobierno Central,696,6,61603230002,61603230002,0,44350308851,933586155,16319334996,0,0,0
2026,7006,SERVICIO DE SALUD SUR UNIDAD HOSPITALARI,Metropolitana de Santiago,Gobierno Central,707,5,637154105477,132154105477,1,635101355548,1542073361,510676568,0,0,0
2025,113812,DIRECCION DE LOGISTICA DE CARABINEROS,Metropolitana de Santiago,FFAA,3426,2097,337504706314,337504706314,0,304885990649,11084300076,21534415589,0,0,0
2026,113812,DIRECCION DE LOGISTICA DE CARABINEROS,Metropolitana de Santiago,FFAA,2906,1982,350770856745,350770856745,0,306734972937,7440347657,36595536151,0,0,0
2025,111870,COMANDO DE APOYO A LA FUERZA,Metropolitana de Santiago,Sin sector,8759,1379,130177317105,130177317105,0,112016065145,11892921234,6268330726,0,0,0
2026,111870,COMANDO DE APOYO A LA FUERZA,Metropolitana de Santiago,Sin sector,26910,5735,499389276024,499389276024,0,296596649530,20922231239,10300417960,141571494161,23578745260,6419737874
2025,7203,SERVICIO DE SALUD METROPOLITANO SUR ORIENTE,Metropolitana de Santiago,Gobierno Central,382,370,259796292240,259796292240,0,167674839559,12000000,92109452681,0,0,0
2026,7203,SERVICIO DE SALUD METROPOLITANO SUR ORIENTE,Metropolitana de Santiago,Gobierno Central,526,296,176154266711,176154266711,0,114056065443,0,62098201268,0,0,0
2025,111875,DIRECCION DE ABASTECIMIENTO DE LA ARMADA,Valparaíso,FFAA,4993,949,141928308539,141928308539,0,120155131230,12962816194,8810361115,0,0,0
2026,111875,DIRECCION DE ABASTECIMIENTO DE LA ARMADA,Valparaíso,FFAA,8625,1810,281214029076,281214029076,0,245714176200,21423845827,14076007049,0,0,0
2025,7359,SUBSECRETARÍA DE LAS CULTURAS Y LAS ARTES,Valparaíso,Gobierno Central,3546,238,376522837017,40122837017,1,369249373832,3380147468,3893315717,0,0,0
2026,7359,SUBSECRETARÍA DE LAS CULTURAS Y LAS ARTES,Valparaíso,Gobierno Central,2443,177,37477907481,37477907481,0,32373214651,3149582724,1955110106,0,0,0
2025,7248,MINISTERIO DE OBRAS PUBLICAS DIREC CION GRAL DE OO PP DCYF,Metropolitana de Santiago,Obras,2939,654,199100567115,199100567115,0,174947622156,16510247471,7642697488,0,0,0
2026,7248,MINISTERIO DE OBRAS PUBLICAS DIREC CION GRAL DE OO PP DCYF,Metropolitana de Santiago,Obras,2432,225,176604409710,176604409710,0,158386925069,7913312652,10304171989,0,0,0
2025,7251,UNIVERSIDAD DE CHILE,Metropolitana de Santiago,Universidades,1785,318,208606458911,208606458911,0,188695250178,10289580697,9621628036,0,0,0
2026,7251,UNIVERSIDAD DE CHILE,Metropolitana de Santiago,Universidades,1493,266,165268330832,165268330832,0,130129146275,27141713762,7997470795,0,0,0
2025,7428,SERVICIO DE SALUD ORIENTE HOSPITAL DEL SALVADOR,Metropolitana de Santiago,Hospitales,793,236,147694159779,147694159779,0,146301912299,1325542464,66705016,0,0,0
2026,7428,SERVICIO DE SALUD ORIENTE HOSPITAL DEL SALVADOR,Metropolitana de Santiago,Hospitales,1205,72,206421357196,206421357196,0,204097781070,1172000000,1151576126,0,0,0
2025,6925,DIRECCION GENERAL DE GENDARMERIA DE CHIL,Metropolitana de Santiago,Gobierno Central,6091,721,191740653234,191740653234,0,86663136654,83085846196,21991670384,0,0,0
2026,6925,DIRECCION GENERAL DE GENDARMERIA DE CHIL,Metropolitana de Santiago,Gobierno Central,6109,694,156308366683,156308366683,0,77078378761,69417379804,9812608118,0,0,0
2025,7326,SERV SALUD METROPOLITANO CENTRAL HOSPITAL CLINICO SAN BORJA ARRIARAN,Metropolitana de Santiago,Hospitales,158,92,148718264520,148718264520,0,127129188094,6484418315,15104658111,0,0,0
2026,7326,SERV SALUD METROPOLITANO CENTRAL HOSPITAL CLINICO SAN BORJA ARRIARAN,Metropolitana de Santiago,Hospitales,168,85,187043527775,187043527775,0,157094591745,13267946596,16680989434,0,0,0
2025,7342,CORP ADMINISTRATIVA DEL PODER JUDICIAL,Metropolitana de Santiago,"Contraloría, Congreso y Poder judicial",353,345,174221842873,174221842873,0,171525312141,386269752,2310260980,0,0,0
2026,7342,CORP ADMINISTRATIVA DEL PODER JUDICIAL,Metropolitana de Santiago,"Contraloría, Congreso y Poder judicial",307,304,160907399135,160907399135,0,151940625570,137892750,8828880815,0,0,0
2025,87976,ILUSTRE MUNICIPALIDAD DE LA SERENA,Coquimbo,Municipalidades,2358,80,217695504374,217695504374,0,213415584740,3986364254,293555380,0,0,0
2026,87976,ILUSTRE MUNICIPALIDAD DE LA SERENA,Coquimbo,Municipalidades,1786,31,105570996470,105570996470,0,95435994136,7874044539,2260957795,0,0,0
2025,87187,I MUNICIPALIDAD DE LOS ANGELES,Biobío,Municipalidades,8411,811,130092475274,130092475274,0,115514280914,13930219999,647974361,0,0,0
2026,87187,I MUNICIPALIDAD DE LOS ANGELES,Biobío,Municipalidades,18688,1527,184110521731,184110521731,0,158400696068,24866215191,843610472,0,0,0
2025,86571,I MUNICIPALIDAD DE LAS CONDES,Metropolitana de Santiago,Municipalidades,1025,13,116724247793,116724247793,0,116669696045,33937300,20614448,0,0,0
2026,86571,I MUNICIPALIDAD DE LAS CONDES,Metropolitana de Santiago,Municipalidades,720,17,195008526424,195008526424,0,191247473503,2485211818,1275841103,0,0,0
2025,1887034,SERVICIO NACIONAL DE REINSERCION SOCIAL JUVENIL,Metropolitana de Santiago,,477,119,151241429321,22682846447,1,146967365878,3407262701,866800742,0,0,0
2026,1887034,SERVICIO NACIONAL DE REINSERCION SOCIAL JUVENIL,Metropolitana de Santiago,,1677,201,156449123554,156449123554,0,124888214971,21665444879,9895463704,0,0,0
2025,86624,I MUNICIPALIDAD DE ARICA,Arica y Parinacota,Municipalidades,7642,485,148534710023,148534710023,0,140035609422,8211951245,287149356,0,0,0
2026,86624,I MUNICIPALIDAD DE ARICA,Arica y Parinacota,Municipalidades,6441,507,146327278813,146327278813,0,141039749331,5044199102,243330380,0,0,0
2025,1090469,INSTITUTO DE PREVISION SOCIAL,Metropolitana de Santiago,Aplicación Auditoria,747,317,188029466202,188029466202,0,167263431292,6882038439,13883996471,0,0,0
2026,1090469,INSTITUTO DE PREVISION SOCIAL,Metropolitana de Santiago,Aplicación Auditoria,666,234,103309342016,103309342016,0,91929985111,4757069276,6622287629,0,0,0
2025,87175,I MUNICIPALIDAD DE IQUIQUE,Tarapacá,Municipalidades,980,175,130598771706,130598771706,0,114171609310,5006229656,3693094468,7607329922,120508350,0
2026,87175,I MUNICIPALIDAD DE IQUIQUE,Tarapacá,Municipalidades,859,22,154345500566,154345500566,0,134515823474,15934557096,3895119996,0,0,0
2025,6928,JUNTA NACIONAL DE JARDINES         INFANTILES,Metropolitana de Santiago,Gobierno Central,1393,26,139314461847,139314461847,0,120546938603,4080677944,14686845300,0,0,0
2026,6928,JUNTA NACIONAL DE JARDINES         INFANTILES,Metropolitana de Santiago,Gobierno Central,1896,26,137392070033,137392070033,0,130063237992,5798206314,1530625727,0,0,0
2025,7320,COMPLEJO ASISTENCIAL DR. SOTERO DEL RIO,Metropolitana de Santiago,Hospitales,277,8,109236590198,109236590198,0,89669764284,12848152300,6718673614,0,0,0
2026,7320,COMPLEJO ASISTENCIAL DR. SOTERO DEL RIO,Metropolitana de Santiago,Hospitales,398,29,163047952192,163047952192,0,138410137917,12481800940,12156013335,0,0,0
2025,7079,SUBSECRETARIA DE SALUD PUBLICA,Metropolitana de Santiago,Gobierno Central,4398,280,219268836373,219268836373,0,169876826802,4544461964,44847547607,0,0,0
2026,7079,SUBSECRETARIA DE SALUD PUBLICA,Metropolitana de Santiago,Gobierno Central,3182,241,49861436679,49861436679,0,44741249846,2871840614,2248346219,0,0,0
2025,93619,I MUNICIPALIDAD DE MAIPU,Metropolitana de Santiago,Municipalidades,1227,817,158275459535,158275459535,0,148972206455,6870140234,2433112846,0,0,0
2026,93619,I MUNICIPALIDAD DE MAIPU,Metropolitana de Santiago,Municipalidades,867,799,104393325294,104393325294,0,99220434351,2954900663,2217990280,0,0,0
2025,16223,SERVICIO DE SALUD CHILOE,Los Lagos,Gobierno Central,296,5,121484530957,121484530957,0,115190616731,3103049787,3190864439,0,0,0
2026,16223,SERVICIO DE SALUD CHILOE,Los Lagos,Gobierno Central,408,6,114837571566,114837571566,0,99881730164,11688301402,3267540000,0,0,0
2025,7239,SERVICIO DE SALUD VALPARAISO SAN ANTONIO,Valparaíso,Gobierno Central,3038,116,140032464962,140032464962,0,135585248414,2299787733,2147428815,0,0,0
2026,7239,SERVICIO DE SALUD VALPARAISO SAN ANTONIO,Valparaíso,Gobierno Central,3188,98,93611708039,93611708039,0,75071860509,1737177411,16802670119,0,0,0
2025,7088,SERVICIO DE SALUD METROPOLITANO CENTRAL,Metropolitana de Santiago,Gobierno Central,256,21,14710482606,14710482606,0,13597118023,365005463,748359120,0,0,0
2026,7088,SERVICIO DE SALUD METROPOLITANO CENTRAL,Metropolitana de Santiago,Gobierno Central,145,27,218849918879,218849918879,0,218849918879,0,0,0,0,0
2025,7185,SERVICIO DE SALUD ANTOFAGASTA DIRECCION,Antofagasta,Gobierno Central,565,32,119570354943,119570354943,0,112040751283,3644365537,3885238123,0,0,0
2026,7185,SERVICIO DE SALUD ANTOFAGASTA DIRECCION,Antofagasta,Gobierno Central,668,34,97985083985,97985083985,0,86174417903,3964373665,7846292417,0,0,0
2025,1172700,FUNDACION EDUCACIONAL PARA EL DESAROLLO INTEGRAL DE LA NIÑEZ,Metropolitana de Santiago,,1589,838,87998862953,87998862953,0,81551676648,6070507676,376678629,0,0,0
2026,1172700,FUNDACION EDUCACIONAL PARA EL DESAROLLO INTEGRAL DE LA NIÑEZ,Metropolitana de Santiago,,2236,669,126007787603,126007787603,0,112601122211,12193885736,1212779656,0,0,0
2025,7453,SERVICIO DE SALUD IQUIQUE,Tarapacá,Gobierno Central,666,153,99427613844,99427613844,0,98560210202,392227836,475175806,0,0,0
2026,7453,SERVICIO DE SALUD IQUIQUE,Tarapacá,Gobierno Central,970,405,111209574190,111209574190,0,109217780416,415589676,1576204098,0,0,0
2025,111880,POLICIA DE INVESTIGACIONES DE CHILE,Metropolitana de Santiago,FFAA,770,34,82269758503,82269758503,0,47010300164,817888812,14103353411,16570751233,221952355,3545512528
2026,111880,POLICIA DE INVESTIGACIONES DE CHILE,Metropolitana de Santiago,FFAA,485,19,125934948385,125934948385,0,116240647915,856159710,8838140760,0,0,0
2025,7406,SERVICIO DE SALUD METROPOLITANA NORTE HOSPITAL SAN JOSE,Metropolitana de Santiago,Hospitales,17,6,107078700883,107078700883,0,107078700883,0,0,0,0,0
2026,7406,SERVICIO DE SALUD METROPOLITANA NORTE HOSPITAL SAN JOSE,Metropolitana de Santiago,Hospitales,178,14,94216636014,94216636014,0,93845044046,0,371591968,0,0,0
2025,6960,SERVICIO DE REGISTRO CIVIL E IDENTIFICACION,Metropolitana de Santiago,Gobierno Central,834,505,123977331443,123977331443,0,114613509836,2744168184,6619653423,0,0,0
2026,6960,SERVICIO DE REGISTRO CIVIL E IDENTIFICACION,Metropolitana de Santiago,Gobierno Central,839,329,64610868281,64610868281,0,56813704508,7093592407,703571366,0,0,0
2025,127018,HOSPITAL PUERTO MONTT SERVICIO DE SALUD DEL RELONCAVI,Los Lagos,Hospitales,84,84,89312829682,89312829682,0,89312829682,0,0,0,0,0
2026,127018,HOSPITAL PUERTO MONTT SERVICIO DE SALUD DEL RELONCAVI,Los Lagos,Hospitales,84,84,89312829682,89312829682,0,89312829682,0,0,0,0,0
2025,7460,HOSPITAL DE URGENCIA ASISTENCIA PUBLICA DR ALEJANDRO DEL RIO,Metropolitana de Santiago,Hospitales,37,1,100034076188,100034076188,0,99717583700,316492488,0,0,0,0
2026,7460,HOSPITAL DE URGENCIA ASISTENCIA PUBLICA DR ALEJANDRO DEL RIO,Metropolitana de Santiago,Hospitales,37,1,77504634121,77504634121,0,77504634121,0,0,0,0,0
2025,7046,HOSPITAL DOCTOR HERNAN HENRIQUEZ ARAVENA,La Araucanía,Hospitales,402,281,90254470150,90254470150,0,80111090126,3102000000,7041380024,0,0,0
2026,7046,HOSPITAL DOCTOR HERNAN HENRIQUEZ ARAVENA,La Araucanía,Hospitales,404,225,86730194657,86730194657,0,72618412258,12504166296,1607616103,0,0,0
2025,6923,SERVICIO DE VIVIENDA Y URBANIZACION I REGION,Tarapacá,Obras,114,4,106610274119,106610274119,0,106453089320,51643150,105541649,0,0,0
2026,6923,SERVICIO DE VIVIENDA Y URBANIZACION I REGION,Tarapacá,Obras,96,4,65908257857,65908257857,0,58393937549,29113000,7485207308,0,0,0
2025,7409,SERVICIO DE SALUD ATACAMA,Atacama,Gobierno Central,384,33,114936109474,114936109474,0,88454914548,1208235409,25272959517,0,0,0
2026,7409,SERVICIO DE SALUD ATACAMA,Atacama,Gobierno Central,437,27,53086230836,53086230836,0,50574805777,1220524305,1290900754,0,0,0
2025,7324,HOSPITAL GUILLERMO GRANT BENAVENTE DE CO,Biobío,Hospitales,6447,24,77153471668,77153471668,0,77151875668,0,1596000,0,0,0
2026,7324,HOSPITAL GUILLERMO GRANT BENAVENTE DE CO,Biobío,Hospitales,5578,25,86433616263,86433616263,0,86433616263,0,0,0,0,0
2025,6979,SERVICIO DE VIVIENDA Y URBANIZACION REGIÓN DEL BIO BIO,Biobío,Obras,131,2,56705841961,56705841961,0,55262490585,568863735,874487641,0,0,0
2026,6979,SERVICIO DE VIVIENDA Y URBANIZACION REGIÓN DEL BIO BIO,Biobío,Obras,162,2,106637992032,106637992032,0,105480833444,999622894,157535694,0,0,0
2025,7141,SERVICIO DE SALUD DEL MAULE,Maule,Gobierno Central,1874,41,155137128936,16623770936,1,155137128936,0,0,0,0,0
2026,7141,SERVICIO DE SALUD DEL MAULE,Maule,Gobierno Central,676,22,8054009640,8054009640,0,8054009640,0,0,0,0,0
2025,7216,INSTITUTO NACIONAL DE DEPORTES DE CHILE,Metropolitana de Santiago,Gobierno Central,5116,269,73109113939,73109113939,0,69527963860,2308027679,1273122400,0,0,0
2026,7216,INSTITUTO NACIONAL DE DEPORTES DE CHILE,Metropolitana de Santiago,Gobierno Central,6559,252,88980926314,88980926314,0,82495890010,5835259655,649776649,0,0,0
2025,6958,SUBSECRETARIA DEL MINISTERIO DE EDUCACION PUBLICA,Metropolitana de Santiago,Gobierno Central,3829,1039,74023704807,74023704807,0,64453249034,7572150648,1998305125,0,0,0
2026,6958,SUBSECRETARIA DEL MINISTERIO DE EDUCACION PUBLICA,Metropolitana de Santiago,Gobierno Central,3429,949,87358871067,87358871067,0,68189568260,6325693591,12843609216,0,0,0
2025,7202,DIRECCION GENERAL DE AERONAUTICA CIVIL,Metropolitana de Santiago,Gobierno Central,2080,1308,49957500777,49957500777,0,48432876882,186625609,1337998286,0,0,0
2026,7202,DIRECCION GENERAL DE AERONAUTICA CIVIL,Metropolitana de Santiago,Gobierno Central,2953,1311,103383651074,103383651074,0,82515271690,7086957644,13781421740,0,0,0
2025,7260,SERVICIO DE SALUD DEL MAULE HOSPITAL DE TALCA,Maule,Hospitales,11,11,25407712368,25407712368,0,25407712368,0,0,0,0,0
2026,7260,SERVICIO DE SALUD DEL MAULE HOSPITAL DE TALCA,Maule,Hospitales,196,140,124761811719,124761811719,0,124761811719,0,0,0,0,0
2025,1111614,CORP MUNICIPAL DE DESARROLLO SOCIAL DE A,Antofagasta,,89,2,71091215179,71091215179,0,70808374315,282840864,0,0,0,0
2026,1111614,CORP MUNICIPAL DE DESARROLLO SOCIAL DE A,Antofagasta,,85,2,77566041715,77566041715,0,77566041715,0,0,0,0,0
2025,6937,INSTITUTO DE DESARROLLO AGROPECUARIO,Metropolitana de Santiago,Gobierno Central,2400,1649,97049481357,97049481357,0,85144471419,2941665703,8963344235,0,0,0
2026,6937,INSTITUTO DE DESARROLLO AGROPECUARIO,Metropolitana de Santiago,Gobierno Central,1930,1471,50578918823,50578918823,0,45956731299,2172871367,2449316157,0,0,0
2025,220665,FONDO HOSPITAL DE LA DIRECCION DE PREVISION DE CARABINEROS DE CHILE,Metropolitana de Santiago,Gobierno Central,68,63,57954585460,57954585460,0,57954585460,0,0,0,0,0
2026,220665,FONDO HOSPITAL DE LA DIRECCION DE PREVISION DE CARABINEROS DE CHILE,Metropolitana de Santiago,Gobierno Central,152,75,89096223546,89096223546,0,89096222589,957,0,0,0,0
2025,7113,SERVICIO DE IMPUESTOS INTERNOS DIRECCION,Metropolitana de Santiago,Gobierno Central,1193,55,93347603000,93347603000,0,71636147000,4810889000,16900567000,0,0,0
2026,7113,SERVICIO DE IMPUESTOS INTERNOS DIRECCION,Metropolitana de Santiago,Gobierno Central,968,55,52896722000,52896722000,0,45313041000,1751892000,5831789000,0,0,0
2025,7419,SERVICIO DE SALUD DE TALCAHUANO HOSPITAL,Biobío,Hospitales,4587,40,70939044491,70939044491,0,65492840949,3686943542,1759260000,0,0,0
2026,7419,SERVICIO DE SALUD DE TALCAHUANO HOSPITAL,Biobío,Hospitales,4391,47,75045788821,75045788821,0,71710711084,2488677737,846400000,0,0,0
2025,7375,COMPLEJO ASISTENCIAL DR.VICTOR RIOS RUIZ,Biobío,Hospitales,202,39,63195723354,63195723354,0,48954079921,14198160,14227445273,0,0,0
2026,7375,COMPLEJO ASISTENCIAL DR.VICTOR RIOS RUIZ,Biobío,Hospitales,140,39,80923517518,80923517518,0,67073071078,6315300780,7535145660,0,0,0
2025,87388,I MUNICIPALIDAD DE PUENTE ALTO,Metropolitana de Santiago,Municipalidades,418,18,71085863094,71085863094,0,67352624780,9999997,3723238317,0,0,0
2026,87388,I MUNICIPALIDAD DE PUENTE ALTO,Metropolitana de Santiago,Municipalidades,874,20,72894968895,72894968895,0,71066272021,1722626478,106070396,0,0,0
2025,1264424,SERVICIO NACIONAL PARA LA PREVENCION Y REHABILITACION DEL CONSUMO DE D,Metropolitana de Santiago,,609,302,64727737297,64727737297,0,62710779076,1614938503,402019718,0,0,0
2026,1264424,SERVICIO NACIONAL PARA LA PREVENCION Y REHABILITACION DEL CONSUMO DE D,Metropolitana de Santiago,,271,271,79004749703,79004749703,0,78332587988,651158015,21003700,0,0,0
2025,7249,MINISTERIO DE OBRAS PUBLICAS DIREC CION GRAL DE OO PP DCYF,Metropolitana de Santiago,Obras,940,62,124792782342,124792782342,0,122626825107,1676077308,489879927,0,0,0
2026,7249,MINISTERIO DE OBRAS PUBLICAS DIREC CION GRAL DE OO PP DCYF,Metropolitana de Santiago,Obras,566,51,17699444640,17699444640,0,15737247769,1603194485,359002386,0,0,0
2025,86568,I MUNICIPALIDAD DE SANTIAGO,Metropolitana de Santiago,Municipalidades,733,26,56136119497,56136119497,0,45460127265,6845798013,3830194219,0,0,0
2026,86568,I MUNICIPALIDAD DE SANTIAGO,Metropolitana de Santiago,Municipalidades,262,21,84521616463,84521616463,0,84299216463,221200000,1200000,0,0,0
2025,6972,SERVICIO DE VIVIENDA Y URBANIZACION IV REGION,Coquimbo,Obras,62,2,73418654764,73418654764,0,73346654764,72000000,0,0,0,0
2026,6972,SERVICIO DE VIVIENDA Y URBANIZACION IV REGION,Coquimbo,Obras,54,2,67160251168,67160251168,0,67121251168,39000000,0,0,0,0
2025,86766,I MUNICIPALIDAD DE LA FLORIDA,Metropolitana de Santiago,Municipalidades,378,308,84703134498,84703134498,0,82707407694,723226804,1272500000,0,0,0
2026,86766,I MUNICIPALIDAD DE LA FLORIDA,Metropolitana de Santiago,Municipalidades,428,374,53664039836,53664039836,0,52077127291,691230545,895682000,0,0,0
2025,7325,I MUNICIPALIDAD DE RECOLETA,Metropolitana de Santiago,Municipalidades,1201,35,87636413549,87636413549,0,64785141982,4121130126,148157504,17160944477,1331144400,89895060
2026,7325,I MUNICIPALIDAD DE RECOLETA,Metropolitana de Santiago,Municipalidades,594,18,49233053046,49233053046,0,49181353269,35000,51664777,0,0,0
2025,7410,SERVICIO DE SALUD VALDIVIA HOSPITAL BASE,Los Ríos,Hospitales,8026,15,55399298908,55399298908,0,48749895166,4276974309,2372429433,0,0,0
2026,7410,SERVICIO DE SALUD VALDIVIA HOSPITAL BASE,Los Ríos,Hospitales,7002,11,78534176186,78534176186,0,60027373031,10130860927,8375942228,0,0,0
2025,7042,HOSPITAL CLINICO HERMINDA MARTIN,Ñuble,Hospitales,68,36,63927563302,63927563302,0,63927563302,0,0,0,0,0
2026,7042,HOSPITAL CLINICO HERMINDA MARTIN,Ñuble,Hospitales,72,39,67231832801,67231832801,0,66228751445,944253471,58827885,0,0,0
2025,7011,SERVICIO NACIONAL DEL PATRIMONIO CULTURAL,Metropolitana de Santiago,Gobierno Central,3581,1557,74524131142,74524131142,0,61452001270,7206778121,5865351751,0,0,0
2026,7011,SERVICIO NACIONAL DEL PATRIMONIO CULTURAL,Metropolitana de Santiago,Gobierno Central,2038,1055,51245103647,51245103647,0,47443816653,858327810,2942959184,0,0,0
2025,7007,SUBSECRETARIA DE TRANSPORTES,Metropolitana de Santiago,Gobierno Central,1097,24,46311617306,46311617306,0,38069938329,4855501785,3386177192,0,0,0
2026,7007,SUBSECRETARIA DE TRANSPORTES,Metropolitana de Santiago,Gobierno Central,1019,22,78778226666,78778226666,0,67997563552,7640518767,3140144347,0,0,0
2025,6963,SERVICIO DE SALUD METROPOLITANO NORTE,Metropolitana de Santiago,Gobierno Central,657,118,49187235921,49187235921,0,49187235921,0,0,0,0,0
2026,6963,SERVICIO DE SALUD METROPOLITANO NORTE,Metropolitana de Santiago,Gobierno Central,922,128,71223443944,71223443944,0,71223443944,0,0,0,0,0
2025,7052,SERVICIO DE SALUD COQUIMBO,Coquimbo,Gobierno Central,390,31,66869668040,66869668040,0,66442343546,376856937,50467557,0,0,0
2026,7052,SERVICIO DE SALUD COQUIMBO,Coquimbo,Gobierno Central,172,59,52970889801,52970889801,0,52566700639,121883162,282306000,0,0,0
2025,111124,I MUNICIPALIDAD DE ALHUE,Metropolitana de Santiago,Municipalidades,492,15,107810944266,7810944266,1,106328443400,1280891904,201608962,0,0,0
2026,111124,I MUNICIPALIDAD DE ALHUE,Metropolitana de Santiago,Municipalidades,457,12,12023565894,12023565894,0,10147482891,1502998558,373084445,0,0,0
2025,100448,I MUNICIPALIDAD DE CORONEL,Biobío,Municipalidades,1235,423,69888210373,69888210373,0,69037101881,25700000,825408492,0,0,0
2026,100448,I MUNICIPALIDAD DE CORONEL,Biobío,Municipalidades,1255,402,49331966653,49331966653,0,43434080148,0,5897886505,0,0,0
2025,7295,DIRECCION SERVICIO DE SALUD TALCAHUANO,Biobío,Gobierno Central,211,121,40745952463,40745952463,0,26727178539,14015283816,3490108,0,0,0
2026,7295,DIRECCION SERVICIO DE SALUD TALCAHUANO,Biobío,Gobierno Central,234,159,78351671337,78351671337,0,77263895991,858505346,229270000,0,0,0
2025,7293,SERVICIO DE SALUD METROPOLITANO SUR HOSP,Metropolitana de Santiago,Hospitales,3184,7,54549264491,54549264491,0,42166222528,6237335073,6145706890,0,0,0
2026,7293,SERVICIO DE SALUD METROPOLITANO SUR HOSP,Metropolitana de Santiago,Hospitales,4098,9,64041988771,64041988771,0,55416971330,6909851757,1715165684,0,0,0
2025,7316,SERVICIO DE SALUD OCCIDENTE HOSPITAL SAN JUAN DE DIOS,Metropolitana de Santiago,Hospitales,158,7,67097241015,67097241015,0,52357691042,5695348326,9044201647,0,0,0
2026,7316,SERVICIO DE SALUD OCCIDENTE HOSPITAL SAN JUAN DE DIOS,Metropolitana de Santiago,Hospitales,165,5,49924452344,49924452344,0,41695226656,3412569243,4816656445,0,0,0
2025,114923,MUNICIPALIDAD DE ALTO HOSPICIO,Tarapacá,Municipalidades,308,136,40443011094,40443011094,0,38693520579,1464767609,284722906,0,0,0
2026,114923,MUNICIPALIDAD DE ALTO HOSPICIO,Tarapacá,Municipalidades,508,210,76442683772,76442683772,0,74649222776,1226563880,566897116,0,0,0
2025,87901,I MUNICIPALIDAD DE COQUIMBO,Coquimbo,Municipalidades,15098,1089,61258884030,61258884030,0,56023009471,2812245235,2423629324,0,0,0
2026,87901,I MUNICIPALIDAD DE COQUIMBO,Coquimbo,Municipalidades,11791,635,53874372373,53874372373,0,48762478060,4151793101,960101212,0,0,0
2025,7104,SERVICIO SALUD DEL RELONCAVI,Los Lagos,Gobierno Central,1248,228,51683002527,51683002527,0,41036785502,1913009787,8733207238,0,0,0
2026,7104,SERVICIO SALUD DEL RELONCAVI,Los Lagos,Gobierno Central,1254,242,63345779283,63345779283,0,54244835520,1600346940,7500596823,0,0,0
2025,7452,SERVICIO DE SALUD DEL MAULE HOSPITAL DE CURICO,Maule,Hospitales,13,10,61288273040,61288273040,0,61288273040,0,0,0,0,0
2026,7452,SERVICIO DE SALUD DEL MAULE HOSPITAL DE CURICO,Maule,Hospitales,35,13,52918211378,52918211378,0,52918211378,0,0,0,0,0
2025,87402,I MUNICIPALIDAD DE VALPARAISO,Valparaíso,Municipalidades,182,161,47509330504,47509330504,0,47509330504,0,0,0,0,0
2026,87402,I MUNICIPALIDAD DE VALPARAISO,Valparaíso,Municipalidades,531,508,66367734006,66367734006,0,65305820821,307828016,754085169,0,0,0
2025,87399,I MUNICIPALIDAD DE VINA DEL MAR,Valparaíso,Municipalidades,131,22,65886992515,65886992515,0,65598470515,0,288522000,0,0,0
2026,87399,I MUNICIPALIDAD DE VINA DEL MAR,Valparaíso,Municipalidades,235,27,47314437738,47314437738,0,41135059363,6174378375,5000000,0,0,0
2025,1765960,SERVICIO NACIONAL DE PROTECCIÓN ESPECIALIZADA A LA NIÑEZ Y ADOLESCENCI,Biobío,Gobierno Central,2484,30,44845671725,44845671725,0,34076320419,5781938844,4987412462,0,0,0
2026,1765960,SERVICIO NACIONAL DE PROTECCIÓN ESPECIALIZADA A LA NIÑEZ Y ADOLESCENCI,Biobío,Gobierno Central,3734,67,67092050771,67092050771,0,48247025268,9704991104,9140034399,0,0,0
2025,1375151,HOSPITAL CLINICO METROPOLITANO DE LA FLORIDA DOCTORA ELOISA DIAZ,Metropolitana de Santiago,Hospitales,19,19,56616583000,56616583000,0,43846583000,12770000000,0,0,0,0
2026,1375151,HOSPITAL CLINICO METROPOLITANO DE LA FLORIDA DOCTORA ELOISA DIAZ,Metropolitana de Santiago,Hospitales,21,21,55244512000,55244512000,0,55244512000,0,0,0,0,0
2025,6946,FUERZA AEREA DE CHILE COMANDO LOGISTICO,Metropolitana de Santiago,FFAA,1538,419,31870392785,31870392785,0,30484972970,177239119,1208180696,0,0,0
2026,6946,FUERZA AEREA DE CHILE COMANDO LOGISTICO,Metropolitana de Santiago,FFAA,3444,660,78463846041,78463846041,0,74111771343,2115572453,2236502245,0,0,0
2025,7374,SERVICIO DE SALUD DEL LIBERTADOR B O'HIGGINS HOSPITAL REG RANCAGUA,Libertador Gral. Bernardo O'Higgins,Hospitales,6855,10,61561858701,61561858701,0,59810367316,1055983429,695507956,0,0,0
2026,7374,SERVICIO DE SALUD DEL LIBERTADOR B O'HIGGINS HOSPITAL REG RANCAGUA,Libertador Gral. Bernardo O'Higgins,Hospitales,5814,8,48460051216,48460051216,0,45554345012,1676754080,1228952124,0,0,0
2025,88102,I MUNICIPALIDAD DE PROVIDENCIA,Metropolitana de Santiago,Municipalidades,747,1,50347077482,50347077482,0,46020841588,3527384894,798851000,0,0,0
2026,88102,I MUNICIPALIDAD DE PROVIDENCIA,Metropolitana de Santiago,Municipalidades,933,1,57475684376,57475684376,0,56405783375,103448001,966453000,0,0,0
2025,1317960,AGENCIA DE CALIDAD DE LA EDUCACION,Metropolitana de Santiago,,182,8,43447710133,43447710133,0,42431663533,0,1016046600,0,0,0
2026,1317960,AGENCIA DE CALIDAD DE LA EDUCACION,Metropolitana de Santiago,,168,8,63485009000,63485009000,0,63286468000,47200000,151341000,0,0,0
2025,7383,SERVICIO SALUD OCCIDENTE HOSPITAL DR FELIX BULNES CERDA,Metropolitana de Santiago,Hospitales,2750,12,48908619836,48908619836,0,29778876324,7480574952,11649168560,0,0,0
2026,7383,SERVICIO SALUD OCCIDENTE HOSPITAL DR FELIX BULNES CERDA,Metropolitana de Santiago,Hospitales,2682,13,57325393804,57325393804,0,57325393804,0,0,0,0,0
2025,7345,SERVICIO DE SALUD VINA DEL MAR QUILLOTA,Valparaíso,Hospitales,4629,53,50258466301,50258466301,0,17592676685,15699717948,16966071668,0,0,0
2026,7345,SERVICIO DE SALUD VINA DEL MAR QUILLOTA,Valparaíso,Hospitales,2087,50,54258094208,54258094208,0,30674827720,18228880349,5354386139,0,0,0
2025,6936,HOSPITAL DR GUSTAVO FRICKE DE VINA DEL MAR,Valparaíso,Hospitales,3324,65,86674445270,86674445270,0,60034833458,6982050972,19657560840,0,0,0
2026,6936,HOSPITAL DR GUSTAVO FRICKE DE VINA DEL MAR,Valparaíso,Hospitales,177,5,17283807726,17283807726,0,13390352126,119475200,3773980400,0,0,0
2025,86917,I MUNICIPALIDAD DE CALAMA,Antofagasta,Municipalidades,623,94,23181625624,23181625624,0,8590529114,14230148115,360948395,0,0,0
2026,86917,I MUNICIPALIDAD DE CALAMA,Antofagasta,Municipalidades,338,25,79656170659,79656170659,0,78151488642,1482550001,22132016,0,0,0
2025,7312,SERVICIO DE SALUD COQUIMBO HOSPITAL LA SERENA,Coquimbo,Hospitales,5346,30,52689805008,52689805008,0,18604063728,1973261148,32112480132,0,0,0
2026,7312,SERVICIO DE SALUD COQUIMBO HOSPITAL LA SERENA,Coquimbo,Hospitales,3981,29,49811174799,49811174799,0,21145077758,18750310469,9915786572,0,0,0
2025,1468521,SERVICIO NACIONAL DE SALUD HOSPITAL CARLOS VAN BUREN,Valparaíso,Hospitales,4632,11,44660638137,44660638137,0,38937050247,4139675067,1583912823,0,0,0
2026,1468521,SERVICIO NACIONAL DE SALUD HOSPITAL CARLOS VAN BUREN,Valparaíso,Hospitales,4557,10,55012736432,55012736432,0,33175325032,13329865861,8507545539,0,0,0
2025,87824,I MUNICIPALIDAD ESTACION CENTRAL,Metropolitana de Santiago,Municipalidades,224,114,32786394451,32786394451,0,30755273451,1550921000,480200000,0,0,0
2026,87824,I MUNICIPALIDAD ESTACION CENTRAL,Metropolitana de Santiago,Municipalidades,831,283,66075573703,66075573703,0,62496523551,2715850152,863200000,0,0,0
2025,88254,I MUNICIPALIDAD DE CHILLAN,Ñuble,Municipalidades,4284,1330,50529089451,50529089451,0,44758127848,216678713,5554282890,0,0,0
2026,88254,I MUNICIPALIDAD DE CHILLAN,Ñuble,Municipalidades,1757,1391,46681494568,46681494568,0,38466979015,960967426,7253548127,0,0,0
2025,7297,HOSPITAL CLINICO DE MAGALLANES DR. LAUTARO NAVARRO AVARIA,Magallanes y de la Antártica Chilena,Hospitales,4832,8,46320968621,46320968621,0,46320968621,0,0,0,0,0
2026,7297,HOSPITAL CLINICO DE MAGALLANES DR. LAUTARO NAVARRO AVARIA,Magallanes y de la Antártica Chilena,Hospitales,4830,8,50650226024,50650226024,0,50650226024,0,0,0,0,0
2025,100127,I MUNICIPALIDAD DE CASTRO,Los Lagos,Municipalidades,81,4,30734552000,30734552000,0,8400129000,20849323000,1485100000,0,0,0
2026,100127,I MUNICIPALIDAD DE CASTRO,Los Lagos,Municipalidades,142,4,64278501000,64278501000,0,20973763000,41606152000,1698586000,0,0,0
2025,7147,UNIVERSIDAD DE TALCA,Maule,Universidades,884,42,34225503608,34225503608,0,26193217490,448392366,7583893752,0,0,0
2026,7147,UNIVERSIDAD DE TALCA,Maule,Universidades,2539,32,60333108810,60333108810,0,41068555106,11487585546,7776968158,0,0,0
2025,6935,PARQUE METROPOLITANO DE SANTIAGO,Metropolitana de Santiago,Obras,1374,25,62343431970,62343431970,0,62343431970,0,0,0,0,0
2026,6935,PARQUE METROPOLITANO DE SANTIAGO,Metropolitana de Santiago,Obras,1367,25,28588336576,28588336576,0,28584336576,2500000,1500000,0,0,0
2025,88313,I MUNICIPALIDAD DE QUILICURA,Metropolitana de Santiago,Municipalidades,1088,61,44577936879,44577936879,0,42544493250,1473693629,559750000,0,0,0
2026,88313,I MUNICIPALIDAD DE QUILICURA,Metropolitana de Santiago,Municipalidades,710,49,44095380553,44095380553,0,40953006389,2932119164,210255000,0,0,0
2025,224060,MINISTERIO PUBLICO,Metropolitana de Santiago,"Contraloría, Congreso y Poder judicial",1563,20,37936288810,37936288810,0,23146628376,5875483764,8914176670,0,0,0
2026,224060,MINISTERIO PUBLICO,Metropolitana de Santiago,"Contraloría, Congreso y Poder judicial",1536,22,50047063184,50047063184,0,39222029017,9103805828,1721228339,0,0,0
2025,7175,CAJA DE PREVISION DE LA DEFENSA NACIONAL,Metropolitana de Santiago,Gobierno Central,666,615,24151146257,24151146257,0,22102417357,1941985128,106743772,0,0,0
2026,7175,CAJA DE PREVISION DE LA DEFENSA NACIONAL,Metropolitana de Santiago,Gobierno Central,562,480,63326206727,63326206727,0,62232576227,0,1093630500,0,0,0
2025,6918,SERVICIO DE SALUD ORIENTE HOSPITAL LUIS CALVO MACKENNA,Metropolitana de Santiago,Hospitales,171,34,34230653349,34230653349,0,30609878907,0,3620774442,0,0,0
2026,6918,SERVICIO DE SALUD ORIENTE HOSPITAL LUIS CALVO MACKENNA,Metropolitana de Santiago,Hospitales,305,32,53029981207,53029981207,0,53029471463,0,509744,0,0,0
2025,6974,SERVICIO DE VIVIENDA Y URBANIZACION II REGION,Antofagasta,Obras,73,56,20954563265,20954563265,0,20948315765,0,6247500,0,0,0
2026,6974,SERVICIO DE VIVIENDA Y URBANIZACION II REGION,Antofagasta,Obras,57,31,65873399623,65873399623,0,65873399623,0,0,0,0,0
2025,212299,UNIVERSIDAD DE SANTIAGO DE CHILE,Metropolitana de Santiago,Universidades,55,5,57046193278,57046193278,0,57046193278,0,0,0,0,0
2026,212299,UNIVERSIDAD DE SANTIAGO DE CHILE,Metropolitana de Santiago,Universidades,61,6,29326688000,29326688000,0,28689818000,636870000,0,0,0,0
2025,98462,I MUNICIPALIDAD DE VITACURA,Metropolitana de Santiago,Municipalidades,681,681,37637967087,37637967087,0,36529935856,1108031231,0,0,0,0
2026,98462,I MUNICIPALIDAD DE VITACURA,Metropolitana de Santiago,Municipalidades,1161,220,48377205637,48377205637,0,46420134908,1885349629,71721100,0,0,0
2025,6932,SERVICIO DE SALUD NUBLE,Ñuble,Gobierno Central,53,53,27327268213,27327268213,0,27327268213,0,0,0,0,0
2026,6932,SERVICIO DE SALUD NUBLE,Ñuble,Gobierno Central,97,97,56821430000,56821430000,0,55284703000,0,1536727000,0,0,0
2025,1379869,HOSPITAL CLINICO METROPOLITANO EL CARMEN DOCTOR LUIS VALENTIN FERRADA,Metropolitana de Santiago,Hospitales,198,14,41437080935,41437080935,0,40975075005,50951486,411054444,0,0,0
2026,1379869,HOSPITAL CLINICO METROPOLITANO EL CARMEN DOCTOR LUIS VALENTIN FERRADA,Metropolitana de Santiago,Hospitales,244,14,42598289562,42598289562,0,42338945832,23954243,235389487,0,0,0
2025,87653,I MUNICIPALIDAD DE ANTOFAGASTA,Antofagasta,Municipalidades,233,3,21394336665,21394336665,0,19654494932,1562631733,177210000,0,0,0
2026,87653,I MUNICIPALIDAD DE ANTOFAGASTA,Antofagasta,Municipalidades,361,2,62427819343,62427819343,0,57117001284,5310818059,0,0,0,0
2025,7298,INSTITUTO NACIONAL DEL TORAX,Metropolitana de Santiago,Hospitales,62,3,26570385000,26570385000,0,20473149950,372104199,5725130851,0,0,0
2026,7298,INSTITUTO NACIONAL DEL TORAX,Metropolitana de Santiago,Hospitales,102,2,54610680000,54610680000,0,39175172000,777724000,14657784000,0,0,0
2025,113852,ILUSTRE MUNICIPALIDAD DE MACHALI,Libertador Gral. Bernardo O'Higgins,Municipalidades,356,93,52749542687,52749542687,0,47730174146,4893494541,125874000,0,0,0
2026,113852,ILUSTRE MUNICIPALIDAD DE MACHALI,Libertador Gral. Bernardo O'Higgins,Municipalidades,503,122,26469524675,26469524675,0,22429881075,2846533978,1193109622,0,0,0
2025,7416,SERVICIO DE SALUD COQUIMBO HOSPITAL DE COQUIMBO,Coquimbo,Hospitales,882,62,38630721275,38630721275,0,38571316475,0,59404800,0,0,0
2026,7416,SERVICIO DE SALUD COQUIMBO HOSPITAL DE COQUIMBO,Coquimbo,Hospitales,1024,76,39513172798,39513172798,0,37261978421,2251194377,0,0,0,0
2025,7411,SERVICIO DE SALUD ATACAMA HOSPITAL COPIA,Atacama,Hospitales,65,10,37727773849,37727773849,0,37727636793,0,137056,0,0,0
2026,7411,SERVICIO DE SALUD ATACAMA HOSPITAL COPIA,Atacama,Hospitales,69,11,39087380000,39087380000,0,38716545200,0,370834800,0,0,0
2025,7451,SERVICIO DE SALUD ANTOFAGASTA HOSPITAL L,Antofagasta,Hospitales,7737,92,38003080084,38003080084,0,37978192084,24888000,0,0,0,0
2026,7451,SERVICIO DE SALUD ANTOFAGASTA HOSPITAL L,Antofagasta,Hospitales,8653,120,38495934104,38495934104,0,38495934104,0,0,0,0,0
2025,87838,I MUNICIPALIDAD DE CURICO,Maule,Municipalidades,240,138,36731865033,36731865033,0,35996365033,610000000,125500000,0,0,0
2026,87838,I MUNICIPALIDAD DE CURICO,Maule,Municipalidades,328,118,39100519015,39100519015,0,39039019015,49000000,12500000,0,0,0
2025,83825,I MUNICIPALIDAD DE LA PINTANA,Metropolitana de Santiago,Municipalidades,1500,20,46642055543,46642055543,0,43105972798,2499397838,1036684907,0,0,0
2026,83825,I MUNICIPALIDAD DE LA PINTANA,Metropolitana de Santiago,Municipalidades,965,18,27997995088,27997995088,0,25810231088,1366859485,820904515,0,0,0
2025,7246,MINISTERIO DE OBRAS PUBLICAS DIREC CION GRAL DE OO PP DCYF,Metropolitana de Santiago,Obras,895,234,56558065032,56558065032,0,27999420697,559057995,27999586340,0,0,0
2026,7246,MINISTERIO DE OBRAS PUBLICAS DIREC CION GRAL DE OO PP DCYF,Metropolitana de Santiago,Obras,502,180,17212195931,17212195931,0,16646758306,514576688,50860937,0,0,0
2025,6978,SERVICIO DE VIVIENDA Y URBANIZACION VII REGION,Maule,Obras,111,71,44666896124,44666896124,0,44524250675,142645449,0,0,0,0
2026,6978,SERVICIO DE VIVIENDA Y URBANIZACION VII REGION,Maule,Obras,75,62,28568840041,28568840041,0,28406674294,113282203,48883544,0,0,0
2025,99860,MUNICIPALIDAD DE OVALLE,Coquimbo,Municipalidades,163,36,34741340440,34741340440,0,32136312440,2605028000,0,0,0,0
2026,99860,MUNICIPALIDAD DE OVALLE,Coquimbo,Municipalidades,193,36,36840311072,36840311072,0,33203010072,3637301000,0,0,0,0
2025,204439,UNIVERSIDAD DE TARAPACA,Arica y Parinacota,Universidades,1395,190,44928178675,44928178675,0,41664202178,1882706419,1381270078,0,0,0
2026,204439,UNIVERSIDAD DE TARAPACA,Arica y Parinacota,Universidades,2204,251,26324783907,26324783907,0,19978462518,3716249009,2630072380,0,0,0
2025,6980,SERVICIO DE VIVIENDA Y URBANIZACION IX REGION,La Araucanía,Obras,100,79,17031359088,17031359088,0,17026859088,0,4500000,0,0,0
2026,6980,SERVICIO DE VIVIENDA Y URBANIZACION IX REGION,La Araucanía,Obras,162,95,53938270976,53938270976,0,53938270976,0,0,0,0,0
2025,86491,I MUNICIPALIDAD DE VALLENAR,Atacama,Municipalidades,97,96,34564944598,34564944598,0,34540944598,24000000,0,0,0,0
2026,86491,I MUNICIPALIDAD DE VALLENAR,Atacama,Municipalidades,107,102,35918488941,35918488941,0,34282063720,386425221,1250000000,0,0,0
2025,7296,SERVICIO DE SALUD OSORNO,Los Lagos,Gobierno Central,813,465,26588607355,26588607355,0,26501622832,8021197,78963326,0,0,0
2026,7296,SERVICIO DE SALUD OSORNO,Los Lagos,Gobierno Central,1003,502,42106744545,42106744545,0,41949184059,157485486,75000,0,0,0
2025,7034,DEFENSORIA PENAL PUBLICA,Metropolitana de Santiago,Gobierno Central,496,20,39855027677,39855027677,0,34158506000,3998558344,1697963333,0,0,0
2026,7034,DEFENSORIA PENAL PUBLICA,Metropolitana de Santiago,Gobierno Central,479,20,27662700926,27662700926,0,24181051104,1728055927,1753593895,0,0,0
2025,7331,HOSPITAL PADRE ALBERTO HURTADO,Metropolitana de Santiago,Hospitales,3210,92,31309511667,31309511667,0,29702598372,385964163,1220949132,0,0,0
2026,7331,HOSPITAL PADRE ALBERTO HURTADO,Metropolitana de Santiago,Hospitales,3289,131,34012055000,34012055000,0,30896505711,984197315,2131351974,0,0,0
2025,86507,I MUNICIPALIDAD DE PUERTO MONTT,Los Lagos,Municipalidades,623,311,38763675772,38763675772,0,38690675772,0,73000000,0,0,0
2026,86507,I MUNICIPALIDAD DE PUERTO MONTT,Los Lagos,Municipalidades,557,241,25739722226,25739722226,0,25451050421,284079805,4592000,0,0,0
2025,6919,SERVICIO AGRICOLA Y GANADERO,Metropolitana de Santiago,Gobierno Central,8998,19,30695685795,30695685795,0,19533787946,5799168749,5362729100,0,0,0
2026,6919,SERVICIO AGRICOLA Y GANADERO,Metropolitana de Santiago,Gobierno Central,8000,18,33189774592,33189774592,0,25004629133,6471668773,1713476686,0,0,0
2025,7393,HOSPITAL BASE OSORNO,Los Lagos,Hospitales,67,17,31307677758,31307677758,0,31307677758,0,0,0,0,0
2026,7393,HOSPITAL BASE OSORNO,Los Lagos,Hospitales,64,17,32175893724,32175893724,0,32175893724,0,0,0,0,0
2025,7340,SERVICIO NACIONAL DE SALUD HOSPITAL DE C,Aysén del Gral. Carlos Ibáñez del Campo,Hospitales,1591,17,9331131636,9331131636,0,2990400591,4094034236,2246696809,0,0,0
2026,7340,SERVICIO NACIONAL DE SALUD HOSPITAL DE C,Aysén del Gral. Carlos Ibáñez del Campo,Hospitales,1308,90,52722914896,52722914896,0,42557591844,4817078209,5348244843,0,0,0
2025,87172,I MUNICIPALIDAD DE PENALOLEN,Metropolitana de Santiago,Municipalidades,1265,31,29736970663,29736970663,0,22887657378,4777006750,2072306535,0,0,0
2026,87172,I MUNICIPALIDAD DE PENALOLEN,Metropolitana de Santiago,Municipalidades,399,18,31181484858,31181484858,0,28371178490,2442003887,368302481,0,0,0
2025,1662264,HOSPITAL DOCTOR ERNESTO TORRES GALDAMES,Tarapacá,,3084,17,26895036553,26895036553,0,26887515265,3492000,4029288,0,0,0
2026,1662264,HOSPITAL DOCTOR ERNESTO TORRES GALDAMES,Tarapacá,,3182,9,33557596310,33557596310,0,30905875387,2507720923,144000000,0,0,0
2025,7130,HOSPITAL ORIENTE DR LUIS TISNE BROUSSE,Metropolitana de Santiago,Hospitales,2448,5,29435227674,29435227674,0,29435227674,0,0,0,0,0
2026,7130,HOSPITAL ORIENTE DR LUIS TISNE BROUSSE,Metropolitana de Santiago,Hospitales,2572,5,30771614411,30771614411,0,30771614411,0,0,0,0,0
2025,7469,SERVICIO DE SALUD NUBLE HOSPITAL DE SAN CARLOS DR BENICIO ARZOLA MEDIN,Ñuble,Hospitales,134,71,34947701132,34947701132,0,34794646450,153054682,0,0,0,0
2026,7469,SERVICIO DE SALUD NUBLE HOSPITAL DE SAN CARLOS DR BENICIO ARZOLA MEDIN,Ñuble,Hospitales,80,75,24762709302,24762709302,0,24762709302,0,0,0,0,0
2025,1667479,SERVICIO DE SALUD ARICA HOSP DR JUAN NOE CREVANI,Arica y Parinacota,Gobierno Central,675,6,28666784588,28666784588,0,5152444893,21572348795,1941990900,0,0,0
2026,1667479,SERVICIO DE SALUD ARICA HOSP DR JUAN NOE CREVANI,Arica y Parinacota,Gobierno Central,707,6,30992711928,30992711928,0,30992711928,0,0,0,0,0
2025,1799669,CORP MUNIC EDUC SALUD Y ATENCION,Metropolitana de Santiago,,148,43,32061989276,32061989276,0,31654715016,0,407274260,0,0,0
2026,1799669,CORP MUNIC EDUC SALUD Y ATENCION,Metropolitana de Santiago,,118,27,26972878828,26972878828,0,26972878828,0,0,0,0,0
2025,7496,I MUNICIPALIDAD DE LA COMUNA DE EL BOSQUE,Metropolitana de Santiago,Municipalidades,389,19,12031828346,12031828346,0,11952768346,0,79060000,0,0,0
2026,7496,I MUNICIPALIDAD DE LA COMUNA DE EL BOSQUE,Metropolitana de Santiago,Municipalidades,328,43,46953570347,46953570347,0,46935575947,0,17994400,0,0,0
2025,84152,I MUNICIPALIDAD VALDIVIA,Los Ríos,Municipalidades,662,506,31242937918,31242937918,0,31229137458,300000,13500460,0,0,0
2026,84152,I MUNICIPALIDAD VALDIVIA,Los Ríos,Municipalidades,787,583,26968649119,26968649119,0,26891909404,23000000,53739715,0,0,0
2025,117584,I MUNICIPALIDAD DE SANTA CRUZ,Libertador Gral. Bernardo O'Higgins,Municipalidades,1456,405,34783533490,34783533490,0,25736681023,6290722135,2756130332,0,0,0
2026,117584,I MUNICIPALIDAD DE SANTA CRUZ,Libertador Gral. Bernardo O'Higgins,Municipalidades,1071,298,22994266951,22994266951,0,15375458050,3931858010,3686950891,0,0,0
2025,87104,I MUNICIPALIDAD PEDRO AGUIRRE CERDA,Metropolitana de Santiago,Municipalidades,101,55,27768797747,27768797747,0,27578797747,190000000,0,0,0,0
2026,87104,I MUNICIPALIDAD PEDRO AGUIRRE CERDA,Metropolitana de Santiago,Municipalidades,115,57,29665410830,29665410830,0,28738702208,901708622,25000000,0,0,0
2025,7106,SERVICIO DE SALUD LOS RIOS,Los Ríos,Gobierno Central,242,58,16915184495,16915184495,0,10078015103,642642216,6194527176,0,0,0
2026,7106,SERVICIO DE SALUD LOS RIOS,Los Ríos,Gobierno Central,499,125,40239869540,40239869540,0,29034720780,710286202,10494862558,0,0,0
2025,1216718,SERVICIO SALUD SAN FELIPE LOS ANDES HOSP,Valparaíso,,72,72,22688626000,22688626000,0,22688626000,0,0,0,0,0
2026,1216718,SERVICIO SALUD SAN FELIPE LOS ANDES HOSP,Valparaíso,,121,74,33902729469,33902729469,0,29857330815,0,4045398654,0,0,0
2025,7272,DIRECCION SERVICIO SALUD METROPOLITANO O,Metropolitana de Santiago,Gobierno Central,207,25,28559021651,28559021651,0,21406200057,1152605834,6000215760,0,0,0
2026,7272,DIRECCION SERVICIO SALUD METROPOLITANO O,Metropolitana de Santiago,Gobierno Central,212,28,27127671182,27127671182,0,9802568912,1223748203,16101354067,0,0,0
2025,99105,I MUNICIPALIDAD DE INDEPENDENCIA,Metropolitana de Santiago,Municipalidades,263,207,18680230506,18680230506,0,17693406957,0,986823549,0,0,0
2026,99105,I MUNICIPALIDAD DE INDEPENDENCIA,Metropolitana de Santiago,Municipalidades,165,159,36278944817,36278944817,0,33472481399,183149809,2623313609,0,0,0
2025,84480,I MUNICIPALIDAD DE TALCA,Maule,Municipalidades,387,219,28776093155,28776093155,0,26489588740,2286504415,0,0,0,0
2026,84480,I MUNICIPALIDAD DE TALCA,Maule,Municipalidades,674,311,25773586758,25773586758,0,23715376758,2058210000,0,0,0,0
2025,7190,SERVICIO NACIONAL DE TURISMO,Metropolitana de Santiago,Gobierno Central,601,54,35972125065,35972125065,0,25009390925,2267703260,8695030880,0,0,0
2026,7190,SERVICIO NACIONAL DE TURISMO,Metropolitana de Santiago,Gobierno Central,824,52,18274380834,18274380834,0,15889786132,1120836977,1263757725,0,0,0
2025,88075,ILUSTRE MUNICIPALIDAD DE QUINTA NORMAL,Metropolitana de Santiago,Municipalidades,80,4,33395071025,33395071025,0,33395071025,0,0,0,0,0
2026,88075,ILUSTRE MUNICIPALIDAD DE QUINTA NORMAL,Metropolitana de Santiago,Municipalidades,34,4,20626284302,20626284302,0,16347272582,900000000,3379011720,0,0,0
2025,86872,I MUNICIPALIDAD DE COPIAPO,Atacama,Municipalidades,124,103,37328072985,37328072985,0,37328072985,0,0,0,0,0
2026,86872,I MUNICIPALIDAD DE COPIAPO,Atacama,Municipalidades,105,70,16481986058,16481986058,0,16381986058,100000000,0,0,0,0
2025,7417,SERVICIO DE SALUD COQUIMBO HOSPITAL DE O,Coquimbo,Hospitales,3020,65,25181376674,25181376674,0,18709037703,6433796417,38542554,0,0,0
2026,7417,SERVICIO DE SALUD COQUIMBO HOSPITAL DE O,Coquimbo,Hospitales,3312,74,27785694500,27785694500,0,24040178497,1122108960,2623407043,0,0,0
2025,7466,SERVICIO DE SALUD METROPOLI CENTRAL DIRECCION DE ATENCION PRIMARIA,Metropolitana de Santiago,Hospitales,560,11,21545678825,21545678825,0,15581967044,2915348119,3048363662,0,0,0
2026,7466,SERVICIO DE SALUD METROPOLI CENTRAL DIRECCION DE ATENCION PRIMARIA,Metropolitana de Santiago,Hospitales,237,5,31390941810,31390941810,0,29330501897,1437818577,622621336,0,0,0
2025,266724,UNIVERSIDAD DE LOS LAGOS,Los Lagos,Universidades,905,107,28523402831,28523402831,0,28523402831,0,0,0,0,0
2026,266724,UNIVERSIDAD DE LOS LAGOS,Los Lagos,Universidades,855,94,23895084614,23895084614,0,23895084614,0,0,0,0,0
2025,7247,MINISTERIO DE OBRAS PUBLICAS DIREC CION GRAL DE OO PP DCYF,Metropolitana de Santiago,Obras,227,44,28786548648,28786548648,0,28235074200,457193203,94281245,0,0,0
2026,7247,MINISTERIO DE OBRAS PUBLICAS DIREC CION GRAL DE OO PP DCYF,Metropolitana de Santiago,Obras,310,30,22889808790,22889808790,0,22237360896,470554753,181893141,0,0,0
2025,7102,SERVICIO DE SALUD ARAUCANIA SUR,La Araucanía,Gobierno Central,320,19,35040979194,35040979194,0,17606556046,183387595,17251035553,0,0,0
2026,7102,SERVICIO DE SALUD ARAUCANIA SUR,La Araucanía,Gobierno Central,199,17,16630879195,16630879195,0,6950127976,376058220,9304692999,0,0,0
2025,7494,SERVICIO DE SALUD ANTOFAGASTA HOSP C CIS,Antofagasta,Hospitales,39,1,30584895263,30584895263,0,30584895263,0,0,0,0,0
2026,7494,SERVICIO DE SALUD ANTOFAGASTA HOSP C CIS,Antofagasta,Hospitales,67,11,19913252797,19913252797,0,19660260884,0,252991913,0,0,0
2025,100728,I MUNICIPALIDAD DE PAINE,Metropolitana de Santiago,Municipalidades,410,176,24841570500,24841570500,0,23472108000,705386500,664076000,0,0,0
2026,100728,I MUNICIPALIDAD DE PAINE,Metropolitana de Santiago,Municipalidades,383,109,24906146000,24906146000,0,22328661000,1797809000,779676000,0,0,0
2025,96996,UNIVERSIDAD DE VALPARAISO,Valparaíso,Universidades,1010,25,26679941323,26679941323,0,26673941323,6000000,0,0,0,0
2026,96996,UNIVERSIDAD DE VALPARAISO,Valparaíso,Universidades,639,42,22829717304,22829717304,0,19350034975,0,3479682329,0,0,0
2025,7000,DIRECCION DEL TRABAJO,Metropolitana de Santiago,Gobierno Central,1034,35,28863579221,28863579221,0,22013534301,5084350150,1765694770,0,0,0
2026,7000,DIRECCION DEL TRABAJO,Metropolitana de Santiago,Gobierno Central,560,27,20117542719,20117542719,0,13126991724,2854486012,4136064983,0,0,0
2025,7319,UNIVERSIDAD DE LA SERENA,Coquimbo,Universidades,77,9,14756732838,14756732838,0,14126732838,0,630000000,0,0,0
2026,7319,UNIVERSIDAD DE LA SERENA,Coquimbo,Universidades,80,9,33806036429,33806036429,0,33626036429,180000000,0,0,0,0
2025,7177,INSTITUTO DE SALUD PUBLICA DE CHILE,Metropolitana de Santiago,Gobierno Central,7809,17,28345913857,28345913857,0,20810561469,608880721,6926471667,0,0,0
2026,7177,INSTITUTO DE SALUD PUBLICA DE CHILE,Metropolitana de Santiago,Gobierno Central,6256,15,19535863041,19535863041,0,16442759965,930239536,2162863540,0,0,0
2025,7382,SERVICIO DE SALUD MAGALLANES,Magallanes y de la Antártica Chilena,Gobierno Central,7961,46,13890871271,13890871271,0,13855158941,35712330,0,0,0,0
2026,7382,SERVICIO DE SALUD MAGALLANES,Magallanes y de la Antártica Chilena,Gobierno Central,8373,43,33908455428,33908455428,0,33603285928,253540577,51628923,0,0,0
2025,87633,I. MUNICIPALIDAD DE QUILPUE,Valparaíso,Municipalidades,496,259,20939812484,20939812484,0,19568524612,157217872,1214070000,0,0,0
2026,87633,I. MUNICIPALIDAD DE QUILPUE,Valparaíso,Municipalidades,134,15,26669674031,26669674031,0,24046734712,2622939319,0,0,0,0
2025,100137,MUNICIPALIDAD DE PEÑAFLOR,Metropolitana de Santiago,Municipalidades,261,121,11189671710,11189671710,0,8157987210,2703684500,328000000,0,0,0
2026,100137,MUNICIPALIDAD DE PEÑAFLOR,Metropolitana de Santiago,Municipalidades,262,146,36310229477,36310229477,0,35315298843,994930634,0,0,0,0
2025,7399,SERVICIO NACIONAL DE SALUD HOSPITAL DE C,Biobío,Hospitales,5274,11,28180572535,28180572535,0,28180572535,0,0,0,0,0
2026,7399,SERVICIO NACIONAL DE SALUD HOSPITAL DE C,Biobío,Hospitales,3608,11,18889867021,18889867021,0,18889867021,0,0,0,0,0
2025,99322,I MUNICIPALIDAD DE COLINA,Metropolitana de Santiago,Municipalidades,197,12,10713790021,10713790021,0,10657614851,0,56175170,0,0,0
2026,99322,I MUNICIPALIDAD DE COLINA,Metropolitana de Santiago,Municipalidades,157,12,35647943992,35647943992,0,35644643992,0,3300000,0,0,0
2025,6951,SUBSECRETARIA DEL MINISTERIO DE LA VIVIENDA Y URBANISMO,Metropolitana de Santiago,Obras,910,837,25121837782,25121837782,0,13402521621,3673386961,8045929200,0,0,0
2026,6951,SUBSECRETARIA DEL MINISTERIO DE LA VIVIENDA Y URBANISMO,Metropolitana de Santiago,Obras,982,785,21026935018,21026935018,0,17829112487,2709867531,487955000,0,0,0
2025,17890,Corporación Municipal de Desarrollo Social de Colina,Metropolitana de Santiago,,271,27,18610577741,18610577741,0,18610577741,0,0,0,0,0
2026,17890,Corporación Municipal de Desarrollo Social de Colina,Metropolitana de Santiago,,253,21,27463337013,27463337013,0,27463337013,0,0,0,0,0
2025,132199,I MUNICIPALIDAD DE ZAPALLAR,Valparaíso,Municipalidades,319,95,29786740579,29786740579,0,29629740579,0,157000000,0,0,0
2026,132199,I MUNICIPALIDAD DE ZAPALLAR,Valparaíso,Municipalidades,446,23,16274428713,16274428713,0,15141866992,1114561721,18000000,0,0,0
2025,7054,SERVICIO DE SALUD LIBERTADOR BDO OHIGGINS,Libertador Gral. Bernardo O'Higgins,Gobierno Central,403,56,16683859606,16683859606,0,15274630908,1380542550,28686148,0,0,0
2026,7054,SERVICIO DE SALUD LIBERTADOR BDO OHIGGINS,Libertador Gral. Bernardo O'Higgins,Gobierno Central,514,66,28832537130,28832537130,0,27068704032,1763833098,0,0,0,0
2025,6942,CORPORACION DE FOMENTO DE LA PRODUCCION,Metropolitana de Santiago,Gobierno Central,888,870,22227664249,22227664249,0,15763569668,3944545746,2519548835,0,0,0
2026,6942,CORPORACION DE FOMENTO DE LA PRODUCCION,Metropolitana de Santiago,Gobierno Central,1404,1393,22365081481,22365081481,0,14876252572,5540239771,1948589138,0,0,0
2025,84958,I MUNICIPALIDAD DE CONCHALI,Metropolitana de Santiago,Municipalidades,168,105,23718952007,23718952007,0,20581179371,2061026204,1076746432,0,0,0
2026,84958,I MUNICIPALIDAD DE CONCHALI,Metropolitana de Santiago,Municipalidades,451,123,20757840421,20757840421,0,19268935802,688584623,800319996,0,0,0
2025,7448,SERVICIO DE SALUD HOSPITAL DE SAN FERNANDO,Libertador Gral. Bernardo O'Higgins,Hospitales,2711,42,21526765303,21526765303,0,19709254292,1743255011,74256000,0,0,0
2026,7448,SERVICIO DE SALUD HOSPITAL DE SAN FERNANDO,Libertador Gral. Bernardo O'Higgins,Hospitales,2743,5,22852998567,22852998567,0,20620341502,2231910265,746800,0,0,0
2025,123786,MUNICIPALIDAD DE HUALPEN,Biobío,Municipalidades,209,3,25447627600,25447627600,0,25302627600,20000000,125000000,0,0,0
2026,123786,MUNICIPALIDAD DE HUALPEN,Biobío,Municipalidades,230,3,18753612840,18753612840,0,8434443840,500300000,9818869000,0,0,0
2025,7258,SERVICIO DE SALUD DEL MAULE HOSPITAL DE LINARES,Maule,Hospitales,1774,71,21259937857,21259937857,0,21220817857,39120000,0,0,0,0
2026,7258,SERVICIO DE SALUD DEL MAULE HOSPITAL DE LINARES,Maule,Hospitales,1649,90,22872576122,22872576122,0,22293228921,352594779,226752422,0,0,0
2025,7153,SERVICIO SALUD VINA DEL MAR QUILLOTA,Valparaíso,Gobierno Central,2676,21,30140443777,30140443777,0,26351281669,2258148677,1531013431,0,0,0
2026,7153,SERVICIO SALUD VINA DEL MAR QUILLOTA,Valparaíso,Gobierno Central,1951,26,13530441721,13530441721,0,11852397753,1595443968,82600000,0,0,0
2025,7179,SERVICIO MEDICO LEGAL,Metropolitana de Santiago,Gobierno Central,1139,32,13974558490,13974558490,0,9506577996,363271622,4104708872,0,0,0
2026,7179,SERVICIO MEDICO LEGAL,Metropolitana de Santiago,Gobierno Central,313,42,29422198901,29422198901,0,19894205902,2392116594,7135876405,0,0,0
2025,1484134,UNIVERSIDAD DE O'HIGGINS,Libertador Gral. Bernardo O'Higgins,,62,2,19250466164,19250466164,0,18113301890,0,1137164274,0,0,0
2026,1484134,UNIVERSIDAD DE O'HIGGINS,Libertador Gral. Bernardo O'Higgins,,64,2,24093012825,24093012825,0,24013387825,32000000,47625000,0,0,0
2025,6968,SERVICIO DE VIVIENDA Y URBANIZACION V REGION,Valparaíso,Obras,49,43,27878517966,27878517966,0,17194521328,0,10683996638,0,0,0
2026,6968,SERVICIO DE VIVIENDA Y URBANIZACION V REGION,Valparaíso,Obras,30,30,14761331000,14761331000,0,14761331000,0,0,0,0,0
2025,7390,SERVICIO DE SALUD SUR HOSPITAL SANATORIO EL PINO,Metropolitana de Santiago,Hospitales,27,1,21275044852,21275044852,0,7232551516,4811200000,9231293336,0,0,0
2026,7390,SERVICIO DE SALUD SUR HOSPITAL SANATORIO EL PINO,Metropolitana de Santiago,Hospitales,27,1,21314889000,21314889000,0,12658703000,4933476000,3722710000,0,0,0
2025,6965,SERVICIO DE VIVIENDA Y URBANIZACION AREA METROPOLITANA,Metropolitana de Santiago,Obras,56,56,20659024888,20659024888,0,20659024888,0,0,0,0,0
2026,6965,SERVICIO DE VIVIENDA Y URBANIZACION AREA METROPOLITANA,Metropolitana de Santiago,Obras,153,144,21711257950,21711257950,0,21211632500,478625450,21000000,0,0,0
2025,113735,I MUNICIPALIDAD DE LAGO RANCO,Los Ríos,Municipalidades,280,98,17205781375,17205781375,0,16541027375,0,664754000,0,0,0
2026,113735,I MUNICIPALIDAD DE LAGO RANCO,Los Ríos,Municipalidades,336,88,24835878342,24835878342,0,23353972646,1332976004,148929692,0,0,0
2025,100704,I MUNICIPALIDAD DE SAN PEDRO DE LA PAZ,Biobío,Municipalidades,150,140,24259770214,24259770214,0,23189951052,479900000,589919162,0,0,0
2026,100704,I MUNICIPALIDAD DE SAN PEDRO DE LA PAZ,Biobío,Municipalidades,205,145,17705256536,17705256536,0,16233641886,1451614650,20000000,0,0,0
2025,116298,I MUNICIPALIDAD DE EL QUISCO,Valparaíso,Municipalidades,384,9,21490667647,21490667647,0,21358606647,0,132061000,0,0,0
2026,116298,I MUNICIPALIDAD DE EL QUISCO,Valparaíso,Municipalidades,425,9,20183021842,20183021842,0,19676643192,448478650,57900000,0,0,0
2025,7060,SERVICIO DE SALUD ARAUCANIA SUR HOSPITAL DE NUEVA IMPERIAL,La Araucanía,Hospitales,25,25,15377198536,15377198536,0,15293198536,84000000,0,0,0,0
2026,7060,SERVICIO DE SALUD ARAUCANIA SUR HOSPITAL DE NUEVA IMPERIAL,La Araucanía,Hospitales,37,35,25919356345,25919356345,0,25463356345,456000000,0,0,0,0
2025,7050,I MUNICIPALIDAD DE ARAUCO,Biobío,Municipalidades,399,202,17242543775,17242543775,0,15758368852,949917063,534257860,0,0,0
2026,7050,I MUNICIPALIDAD DE ARAUCO,Biobío,Municipalidades,416,245,24051296877,24051296877,0,23796886877,5000000,249410000,0,0,0
2025,100107,ILUSTRE MUNICIPALIDAD DE SAN CARLOS,Ñuble,Municipalidades,277,5,11588548326,11588548326,0,9601391558,607664000,1379492768,0,0,0
2026,100107,ILUSTRE MUNICIPALIDAD DE SAN CARLOS,Ñuble,Municipalidades,313,5,29603291068,29603291068,0,29081126068,0,522165000,0,0,0
2025,1803800,CORP MUNICIPAL DE DESARROLLO SOCIAL DE LAMPA,Metropolitana de Santiago,,395,5,28417062502,28417062502,0,28405062502,0,12000000,0,0,0
2026,1803800,CORP MUNICIPAL DE DESARROLLO SOCIAL DE LAMPA,Metropolitana de Santiago,,153,5,12156440002,12156440002,0,12153440002,3000000,0,0,0,0
2025,7276,Instituto Nacional del Cancer,Metropolitana de Santiago,Hospitales,23,1,21022433300,21022433300,0,20926013300,0,96420000,0,0,0
2026,7276,Instituto Nacional del Cancer,Metropolitana de Santiago,Hospitales,20,1,19531643812,19531643812,0,19531643812,0,0,0,0,0
2025,87185,I MUNICIPALIDAD DE RENCA,Metropolitana de Santiago,Municipalidades,73,2,18731354147,18731354147,0,17311640147,1419714000,0,0,0,0
2026,87185,I MUNICIPALIDAD DE RENCA,Metropolitana de Santiago,Municipalidades,154,11,21587903958,21587903958,0,19999514114,1588389844,0,0,0,0
2025,7045,SERVICIO DE SALUD NORTE HOSPITAL ROBERTO DEL RIO,Metropolitana de Santiago,Hospitales,289,32,25832123094,25832123094,0,25144229692,0,687893402,0,0,0
2026,7045,SERVICIO DE SALUD NORTE HOSPITAL ROBERTO DEL RIO,Metropolitana de Santiago,Hospitales,230,33,14286947000,14286947000,0,13799885020,212927112,274134868,0,0,0
2025,7321,I MUNICIPALIDAD DE TEMUCO,La Araucanía,Municipalidades,61,21,8418819000,8418819000,0,4461678000,3957141000,0,0,0,0
2026,7321,I MUNICIPALIDAD DE TEMUCO,La Araucanía,Municipalidades,246,130,30823348964,30823348964,0,29437172964,1384076000,2100000,0,0,0
2025,7479,SERVICIO NAC DE SALUD HOSPITAL TRAUMATOLOGICO,Biobío,Hospitales,100,1,20950360060,20950360060,0,20950360060,0,0,0,0,0
2026,7479,SERVICIO NAC DE SALUD HOSPITAL TRAUMATOLOGICO,Biobío,Hospitales,9,9,17632033500,17632033500,0,17632033500,0,0,0,0,0
2025,102868,I MUNICIPALIDAD DE PUERTO VARAS,Los Lagos,Municipalidades,93,68,18517178982,18517178982,0,18495178982,15000000,7000000,0,0,0
2026,102868,I MUNICIPALIDAD DE PUERTO VARAS,Los Lagos,Municipalidades,145,92,20035389508,20035389508,0,18635389508,1400000000,0,0,0,0
2025,7457,SERVICIO NACIONAL DE SALUD HOSPITAL DE T,Metropolitana de Santiago,Hospitales,109,44,18659748227,18659748227,0,18435475635,0,224272592,0,0,0
2026,7457,SERVICIO NACIONAL DE SALUD HOSPITAL DE T,Metropolitana de Santiago,Hospitales,62,58,19877487040,19877487040,0,19468318689,44970484,364197867,0,0,0
2025,7485,HOSPITAL DE QUILPUE,Valparaíso,Hospitales,1712,48,16149963647,16149963647,0,14519760549,1623324428,6878670,0,0,0
2026,7485,HOSPITAL DE QUILPUE,Valparaíso,Hospitales,815,53,22014269226,22014269226,0,20091694046,1355284020,567291160,0,0,0
2025,6952,SERVICIO NACIONAL DE ADUANAS,Valparaíso,Gobierno Central,571,36,26567544741,26567544741,0,19188058624,4488043822,2891442295,0,0,0
2026,6952,SERVICIO NACIONAL DE ADUANAS,Valparaíso,Gobierno Central,559,35,11572172291,11572172291,0,6743485109,3429292128,1399395054,0,0,0
2025,86586,I MUNICIPALIDAD DE TALCAHUANO,Biobío,Municipalidades,221,8,26506458109,26506458109,0,25971040909,535417200,0,0,0,0
2026,86586,I MUNICIPALIDAD DE TALCAHUANO,Biobío,Municipalidades,168,8,11499501071,11499501071,0,11228243071,0,271258000,0,0,0
2025,115284,I MUNICIPALIDAD DE PANGUIPULLI,Los Ríos,Municipalidades,608,413,18886797891,18886797891,0,18597605887,32000004,257192000,0,0,0
2026,115284,I MUNICIPALIDAD DE PANGUIPULLI,Los Ríos,Municipalidades,533,389,18975809853,18975809853,0,18842929653,132880200,0,0,0,0
2025,115459,I MUNICIPALIDAD DE CABILDO,Valparaíso,Municipalidades,625,329,19255080886,19255080886,0,16256111951,2511325957,487642978,0,0,0
2026,115459,I MUNICIPALIDAD DE CABILDO,Valparaíso,Municipalidades,651,255,17681137004,17681137004,0,15373636643,1456172028,851328333,0,0,0
2025,7458,Hospital de Melipilla,Metropolitana de Santiago,Hospitales,48,29,17272140578,17272140578,0,17230371305,0,41769273,0,0,0
2026,7458,Hospital de Melipilla,Metropolitana de Santiago,Hospitales,51,29,19147181627,19147181627,0,19147181627,0,0,0,0,0
2025,87382,I MUNICIPALIDAD DE CONCEPCION,Biobío,Municipalidades,328,165,20952548038,20952548038,0,20499653038,410315000,42580000,0,0,0
2026,87382,I MUNICIPALIDAD DE CONCEPCION,Biobío,Municipalidades,330,160,15350523956,15350523956,0,14373223956,897300000,80000000,0,0,0
2025,99101,I MUNICIPALIDAD DE MOSTAZAL,Libertador Gral. Bernardo O'Higgins,Municipalidades,291,100,16654168065,16654168065,0,15230533000,1185723000,237912065,0,0,0
2026,99101,I MUNICIPALIDAD DE MOSTAZAL,Libertador Gral. Bernardo O'Higgins,Municipalidades,313,103,19344253210,19344253210,0,17142903091,1447878195,753471924,0,0,0
2025,93774,I MUNICIPALIDAD DE SAN CLEMENTE,Maule,Municipalidades,964,94,17576586341,17576586341,0,16781367738,100000,795118603,0,0,0
2026,93774,I MUNICIPALIDAD DE SAN CLEMENTE,Maule,Municipalidades,994,118,17757648738,17757648738,0,13970007998,192311721,3595329019,0,0,0
2025,1076658,HOSPITAL METROPOLITANO DE SANTIAGO,Metropolitana de Santiago,Hospitales,47,14,19550458000,19550458000,0,17951886000,10032000,1588540000,0,0,0
2026,1076658,HOSPITAL METROPOLITANO DE SANTIAGO,Metropolitana de Santiago,Hospitales,52,9,15133776000,15133776000,0,13164540000,194390000,1774846000,0,0,0
2025,1820898,CORP MUNICIPAL DE RENCA,Metropolitana de Santiago,,160,7,22975201150,22975201150,0,22915201150,60000000,0,0,0,0
2026,1820898,CORP MUNICIPAL DE RENCA,Metropolitana de Santiago,,113,6,11665728690,11665728690,0,10660654510,988074180,17000000,0,0,0
2025,98443,I MUNICIPALIDAD DE TOME,Biobío,Municipalidades,182,46,15511432097,15511432097,0,14163432099,509000000,838999998,0,0,0
2026,98443,I MUNICIPALIDAD DE TOME,Biobío,Municipalidades,198,41,19050293929,19050293929,0,11666637013,4854657020,2528999896,0,0,0
2025,7474,Instituto de Neurocirugía,Metropolitana de Santiago,Hospitales,2166,5,15190215017,15190215017,0,15190215017,0,0,0,0,0
2026,7474,Instituto de Neurocirugía,Metropolitana de Santiago,Hospitales,2418,5,19010122584,19010122584,0,19010122584,0,0,0,0,0
2025,1244947,CORP MUNICIPAL MELIPILLA PARA LA ED SALUD,Metropolitana de Santiago,,3395,102,12237390087,12237390087,0,9511330950,2721059137,5000000,0,0,0
2026,1244947,CORP MUNICIPAL MELIPILLA PARA LA ED SALUD,Metropolitana de Santiago,,1527,16,21839104871,21839104871,0,18704676070,3134428801,0,0,0,0
2025,86764,I MUNICIPALIDAD DE NUNOA,Metropolitana de Santiago,Municipalidades,105,40,25686447638,25686447638,0,25308051638,296396000,82000000,0,0,0
2026,86764,I MUNICIPALIDAD DE NUNOA,Metropolitana de Santiago,Municipalidades,123,103,8378993957,8378993957,0,8210567157,0,168426800,0,0,0
2025,6956,TESORERIA GENERAL DE LA REPUBLICA,Metropolitana de Santiago,Gobierno Central,442,33,17273836102,17273836102,0,11890846317,639547035,4743442750,0,0,0
2026,6956,TESORERIA GENERAL DE LA REPUBLICA,Metropolitana de Santiago,Gobierno Central,448,33,16627124820,16627124820,0,12862371410,494357973,3270395437,0,0,0
2025,120186,I MUNICIPALIDAD DE CABRERO,Biobío,Municipalidades,152,131,28950022505,28950022505,0,28741022505,209000000,0,0,0,0
2026,120186,I MUNICIPALIDAD DE CABRERO,Biobío,Municipalidades,71,67,4736544000,4736544000,0,4736544000,0,0,0,0,0
2025,117580,I MUNICIPALIDAD DE RIO BUENO,Los Ríos,Municipalidades,30,30,16345673590,16345673590,0,16345673590,0,0,0,0,0
2026,117580,I MUNICIPALIDAD DE RIO BUENO,Los Ríos,Municipalidades,41,41,17324997514,17324997514,0,17324997514,0,0,0,0,0
2025,100648,I MUNICIPALIDAD DE LA LIGUA,Valparaíso,Municipalidades,171,115,8537577951,8537577951,0,6635264951,270500000,1631813000,0,0,0
2026,100648,I MUNICIPALIDAD DE LA LIGUA,Valparaíso,Municipalidades,186,177,25000453115,25000453115,0,23427049017,421999998,1151404100,0,0,0
2025,7305,SERVICIO DE SALUD SUR HOSPITAL EXEQUIEL,Metropolitana de Santiago,Hospitales,3830,32,15712341516,15712341516,0,14208827151,1213092637,290421728,0,0,0
2026,7305,SERVICIO DE SALUD SUR HOSPITAL EXEQUIEL,Metropolitana de Santiago,Hospitales,2862,28,17680156215,17680156215,0,16621772689,1038383526,20000000,0,0,0
2025,7233,I MUNICIPALIDAD DE VILLA ALEMANA,Valparaíso,Municipalidades,50,25,10610789379,10610789379,0,10584049229,26740150,0,0,0,0
2026,7233,I MUNICIPALIDAD DE VILLA ALEMANA,Valparaíso,Municipalidades,565,22,22575593217,22575593217,0,20776946290,940273700,858373227,0,0,0
2025,6944,SUBSECRETARIA DEL INTERIOR,Metropolitana de Santiago,Interior,727,37,15530037461,15530037461,0,8932952554,5286096514,1310988393,0,0,0
2026,6944,SUBSECRETARIA DEL INTERIOR,Metropolitana de Santiago,Interior,656,32,17482885219,17482885219,0,11526364210,5446152171,510368838,0,0,0
2025,100739,Municipalidad de Huechuraba,Metropolitana de Santiago,Municipalidades,293,104,19038528163,19038528163,0,19033327663,0,5200500,0,0,0
2026,100739,Municipalidad de Huechuraba,Metropolitana de Santiago,Municipalidades,601,135,13866880801,13866880801,0,11322442178,2497438623,47000000,0,0,0
2025,117406,I MUNICIPALIDAD DE PADRE HURTADO,Metropolitana de Santiago,Municipalidades,2755,353,20186181193,20186181193,0,12132542693,3816551371,4237087129,0,0,0
2026,117406,I MUNICIPALIDAD DE PADRE HURTADO,Metropolitana de Santiago,Municipalidades,2178,385,12503720923,12503720923,0,10632003838,1793746975,77970110,0,0,0
2025,1480923,UNIVERSIDAD DE AYSEN,Aysén del Gral. Carlos Ibáñez del Campo,,90,11,16194567565,16194567565,0,16077624940,0,116942625,0,0,0
2026,1480923,UNIVERSIDAD DE AYSEN,Aysén del Gral. Carlos Ibáñez del Campo,,47,46,16425755917,16425755917,0,16076905896,0,348850021,0,0,0
2025,100523,I MUNICIPALIDAD DE CHIGUAYANTE,Biobío,Municipalidades,316,87,10042853282,10042853282,0,9461352282,483300000,98201000,0,0,0
2026,100523,I MUNICIPALIDAD DE CHIGUAYANTE,Biobío,Municipalidades,303,38,22424693938,22424693938,0,22085483545,333668307,5542086,0,0,0
2025,7132,Hospital Villarrica,La Araucanía,Hospitales,48,48,13204480000,13204480000,0,12965863000,0,238617000,0,0,0
2026,7132,Hospital Villarrica,La Araucanía,Hospitales,70,10,18735780000,18735780000,0,16543180000,2192600000,0,0,0,0
2025,7456,SERVICIO DE SALUD OCCIDENTE INSTITUTO TRAUMATOLOGICO DE SANTIAGO,Metropolitana de Santiago,Hospitales,1,1,17316047923,17316047923,0,17316047923,0,0,0,0,0
2026,7456,SERVICIO DE SALUD OCCIDENTE INSTITUTO TRAUMATOLOGICO DE SANTIAGO,Metropolitana de Santiago,Hospitales,1135,5,14612735609,14612735609,0,4786378747,1944155621,7882201241,0,0,0
2025,7242,MINISTERIO DE OBRAS PUBLICAS DIREC CION GRAL DE OO PP DCYF,Metropolitana de Santiago,Obras,185,82,27992510508,27992510508,0,21113589492,1209812402,5669108614,0,0,0
2026,7242,MINISTERIO DE OBRAS PUBLICAS DIREC CION GRAL DE OO PP DCYF,Metropolitana de Santiago,Obras,244,78,3906111177,3906111177,0,2938074047,766487402,201549728,0,0,0
2025,1759990,HOSPITAL COMPLEJO ASISTENCIAL PADRE LAS CASAS,La Araucanía,Gobierno Central,41,10,12963909236,12963909236,0,8855409236,2770500000,1338000000,0,0,0
2026,1759990,HOSPITAL COMPLEJO ASISTENCIAL PADRE LAS CASAS,La Araucanía,Gobierno Central,39,39,18642491996,18642491996,0,18642491996,0,0,0,0,0
2025,7306,SERVICIO DE SALUD ARAUCANIA NORTE HOSPITAL DE ANGOL,La Araucanía,Hospitales,105,68,14598390797,14598390797,0,14598390797,0,0,0,0,0
2026,7306,SERVICIO DE SALUD ARAUCANIA NORTE HOSPITAL DE ANGOL,La Araucanía,Hospitales,99,60,16760721808,16760721808,0,15460721788,1300000020,0,0,0,0
2025,84961,ILUSTRE MUNICIPALIDAD DE MOLINA ,Maule,Municipalidades,196,83,19700684615,19700684615,0,19389974915,140709700,170000000,0,0,0
2026,84961,ILUSTRE MUNICIPALIDAD DE MOLINA ,Maule,Municipalidades,652,101,11592332001,11592332001,0,10738754793,542388432,311188776,0,0,0
2025,7302,SERVICIO DE SALUD ARAUCANIA NORTE,La Araucanía,Gobierno Central,164,20,11476741753,11476741753,0,11476741753,0,0,0,0,0
2026,7302,SERVICIO DE SALUD ARAUCANIA NORTE,La Araucanía,Gobierno Central,184,28,19789582901,19789582901,0,18921416901,480000000,388166000,0,0,0
2025,1214332,SERV NAC SALUD HOSPITAL DE LOS ANDES,Valparaíso,Hospitales,100,1,15736059456,15736059456,0,13672059456,2064000000,0,0,0,0
2026,1214332,SERV NAC SALUD HOSPITAL DE LOS ANDES,Valparaíso,Hospitales,98,1,14991568992,14991568992,0,14946430992,0,45138000,0,0,0
2025,126109,UNIVERSIDAD TECNOLOGICA METROPOLITANA,Metropolitana de Santiago,Universidades,55,52,13783851773,13783851773,0,12978100565,0,805751208,0,0,0
2026,126109,UNIVERSIDAD TECNOLOGICA METROPOLITANA,Metropolitana de Santiago,Universidades,119,53,16762197650,16762197650,0,9391901902,4876235701,2494060047,0,0,0
2025,6943,SUBSECRETARIA DEL MINISTERIO DE HACIENDA,Metropolitana de Santiago,Gobierno Central,175,47,18312470496,18312470496,0,18075291496,44369000,192810000,0,0,0
2026,6943,SUBSECRETARIA DEL MINISTERIO DE HACIENDA,Metropolitana de Santiago,Gobierno Central,182,58,11980522179,11980522179,0,8472019432,3316533307,191969440,0,0,0
2025,1470807,Hospital Dr. Eduardo Pereira Ramirez,Valparaíso,,2501,18,14420713223,14420713223,0,12248928068,77400000,2094385155,0,0,0
2026,1470807,Hospital Dr. Eduardo Pereira Ramirez,Valparaíso,,2679,18,15767525052,15767525052,0,12443435933,855740000,2468349119,0,0,0
2025,1723291,SERVICIO LOCAL DE EDUCACION PÚBLICA DE ATACAMA,Atacama,Gobierno Central,85,42,19532895847,19532895847,0,19532895847,0,0,0,0,0
2026,1723291,SERVICIO LOCAL DE EDUCACION PÚBLICA DE ATACAMA,Atacama,Gobierno Central,56,47,10627984683,10627984683,0,10627984683,0,0,0,0,0
2025,6945,DIRECCION DE COMPRAS Y CONTRATACION PUBLICA,Metropolitana de Santiago,Gobierno Central,91,39,13906765769,13906765769,0,10509214625,272018329,3125532815,0,0,0
2026,6945,DIRECCION DE COMPRAS Y CONTRATACION PUBLICA,Metropolitana de Santiago,Gobierno Central,152,16,16166969570,16166969570,0,14657147892,642749589,867072089,0,0,0
2025,7146,I MUNICIPALIDAD DE COIHUECO,Ñuble,Municipalidades,449,158,15677543566,15677543566,0,14714946396,919444520,43152650,0,0,0
2026,7146,I MUNICIPALIDAD DE COIHUECO,Ñuble,Municipalidades,372,128,14260895579,14260895579,0,12823307850,1411516445,26071284,0,0,0
2025,6962,SERVICIO NACIONAL DE CAPACITACION Y EMPLEO,Metropolitana de Santiago,Gobierno Central,655,17,12359704318,12359704318,0,10376327261,1873023550,110353507,0,0,0
2026,6962,SERVICIO NACIONAL DE CAPACITACION Y EMPLEO,Metropolitana de Santiago,Gobierno Central,613,17,17221843102,17221843102,0,14937728845,2258893299,25220958,0,0,0
2025,116399,I MUNICIPALIDAD DE VICTORIA,La Araucanía,Municipalidades,249,163,14233036838,14233036838,0,13794050593,339780000,99206245,0,0,0
2026,116399,I MUNICIPALIDAD DE VICTORIA,La Araucanía,Municipalidades,310,262,14988077047,14988077047,0,14952760589,9200000,26116458,0,0,0
2025,100158,I MUNICIPALIDAD DE SAN FELIPE,Valparaíso,Municipalidades,326,65,13181385731,13181385731,0,11845168251,894185495,442031985,0,0,0
2026,100158,I MUNICIPALIDAD DE SAN FELIPE,Valparaíso,Municipalidades,306,88,15955282826,15955282826,0,14711163332,1215700524,28418970,0,0,0
2025,6939,SUBSECRETARIA DEL TRABAJO,Metropolitana de Santiago,Gobierno Central,178,156,19202828259,19202828259,0,18561558944,509566887,131702428,0,0,0
2026,6939,SUBSECRETARIA DEL TRABAJO,Metropolitana de Santiago,Gobierno Central,170,145,9669764387,9669764387,0,6763900337,1962550050,943314000,0,0,0
2025,118067,I MUNICIPALIDAD DE LAMPA,Metropolitana de Santiago,Municipalidades,347,249,7829817983,7829817983,0,6319116465,1436015880,74685638,0,0,0
2026,118067,I MUNICIPALIDAD DE LAMPA,Metropolitana de Santiago,Municipalidades,310,301,20863013193,20863013193,0,20298763034,491250159,73000000,0,0,0
2025,129737,I MUNICIPALIDAD DE CATEMU,Valparaíso,Municipalidades,136,4,9604007380,9604007380,0,9367564380,0,236443000,0,0,0
2026,129737,I MUNICIPALIDAD DE CATEMU,Valparaíso,Municipalidades,167,3,19006124205,19006124205,0,18998124205,0,8000000,0,0,0
2025,112924,I MUNICIPALIDAD DE MONTEPATRIA,Coquimbo,Municipalidades,244,4,13626679844,13626679844,0,8950836301,4468417550,207425993,0,0,0
2026,112924,I MUNICIPALIDAD DE MONTEPATRIA,Coquimbo,Municipalidades,139,4,14945349262,14945349262,0,12690324401,2143024861,112000000,0,0,0
2025,7016,COMISION PARA EL MERCADO FINANCIERO,Metropolitana de Santiago,Gobierno Central,257,43,13885812008,13885812008,0,11264460189,692212025,1929139794,0,0,0
2026,7016,COMISION PARA EL MERCADO FINANCIERO,Metropolitana de Santiago,Gobierno Central,220,38,14624305719,14624305719,0,10120675875,660573555,3843056289,0,0,0
2025,124577,I MUNICIPALIDAD DE LAUTARO,La Araucanía,Municipalidades,262,152,11822879216,11822879216,0,11045791155,114091489,662996572,0,0,0
2026,124577,I MUNICIPALIDAD DE LAUTARO,La Araucanía,Municipalidades,384,236,16612174674,16612174674,0,16299186674,0,312988000,0,0,0
2025,7254,UNIVERSIDAD ARTURO PRAT,Tarapacá,Universidades,54,1,14060221043,14060221043,0,13289206853,0,771014190,0,0,0
2026,7254,UNIVERSIDAD ARTURO PRAT,Tarapacá,Universidades,50,1,14201568729,14201568729,0,13308377971,0,893190758,0,0,0
2025,114725,I MUNICIPALIDAD DE LA UNION,Los Ríos,Municipalidades,169,85,12076689040,12076689040,0,10649439044,1174900000,252349996,0,0,0
2026,114725,I MUNICIPALIDAD DE LA UNION,Los Ríos,Municipalidades,133,55,16096660000,16096660000,0,15777580000,319080000,0,0,0,0
2025,7412,HOSPITAL PROVINCIAL   DEL HUASCO MSR FERNANDO ARIZTIA RUIZ,Atacama,Hospitales,3665,36,14492904430,14492904430,0,5696478254,8796426176,0,0,0,0
2026,7412,HOSPITAL PROVINCIAL   DEL HUASCO MSR FERNANDO ARIZTIA RUIZ,Atacama,Hospitales,3716,42,13593649138,13593649138,0,13593649138,0,0,0,0,0
2025,86548,I MUNICIPALIDAD DE SAN BERNARDO,Metropolitana de Santiago,Municipalidades,173,173,7348338800,7348338800,0,7348338800,0,0,0,0,0
2026,86548,I MUNICIPALIDAD DE SAN BERNARDO,Metropolitana de Santiago,Municipalidades,1224,54,20722235551,20722235551,0,16825427106,3698508445,198300000,0,0,0
2025,7105,CORP MUNICIPAL DE EDUC SALUD CULTURA Y RECREACION DE LA FLORIDA,Metropolitana de Santiago,Municipalidades,60,1,14526096501,14526096501,0,11670296191,2797747622,58052688,0,0,0
2026,7105,CORP MUNICIPAL DE EDUC SALUD CULTURA Y RECREACION DE LA FLORIDA,Metropolitana de Santiago,Municipalidades,64,1,13511370000,13511370000,0,8836720000,4533300000,141350000,0,0,0
2025,6977,SERVICIO DE VIVIENDA Y URBANIZACION VI REGION,Libertador Gral. Bernardo O'Higgins,Obras,72,3,13388408283,13388408283,0,13186192173,137109417,65106693,0,0,0
2026,6977,SERVICIO DE VIVIENDA Y URBANIZACION VI REGION,Libertador Gral. Bernardo O'Higgins,Obras,31,3,14554953541,14554953541,0,14506303541,14150000,34500000,0,0,0
2025,113981,I MUNICIPALIDAD DE SANTO DOMINGO,Valparaíso,Municipalidades,158,3,16055991360,16055991360,0,16055991360,0,0,0,0,0
2026,113981,I MUNICIPALIDAD DE SANTO DOMINGO,Valparaíso,Municipalidades,155,3,11727934986,11727934986,0,11576884986,146050000,5000000,0,0,0
2025,7017,SERVICIO NACIONAL DE MENORES,Metropolitana de Santiago,Gobierno Central,727,253,17894211888,17894211888,0,13128089820,819702982,3946419086,0,0,0
2026,7017,SERVICIO NACIONAL DE MENORES,Metropolitana de Santiago,Gobierno Central,443,253,9719410007,9719410007,0,6694144529,819702982,2205562496,0,0,0
2025,7401,HOSPITAL INTERCULTURAL KALLVU LLANKA.-,Biobío,Hospitales,37,37,14748506866,14748506866,0,14731448786,4078080,12980000,0,0,0
2026,7401,HOSPITAL INTERCULTURAL KALLVU LLANKA.-,Biobío,Hospitales,48,45,12823095320,12823095320,0,12823095320,0,0,0,0,0
2025,1818178,Corporación Municipal de Desarrollo Social de Calama,Antofagasta,,425,46,20020017752,20020017752,0,17000853620,1353250828,1665913304,0,0,0
2026,1818178,Corporación Municipal de Desarrollo Social de Calama,Antofagasta,,181,30,7508808310,7508808310,0,6523116913,469814932,515876465,0,0,0
2025,7431,SERVICIO DE SALUD ACONCAGUA,Valparaíso,Gobierno Central,615,24,19409295204,19409295204,0,17771144052,1504905190,133245962,0,0,0
2026,7431,SERVICIO DE SALUD ACONCAGUA,Valparaíso,Gobierno Central,547,24,8024262351,8024262351,0,6578244336,1273026768,172991247,0,0,0
2025,1820922,Servicio Local de Educación Pública Licancabur,Antofagasta,,103,12,10801065506,10801065506,0,10186089256,332215511,282760739,0,0,0
2026,1820922,Servicio Local de Educación Pública Licancabur,Antofagasta,,62,62,16515819000,16515819000,0,16515819000,0,0,0,0,0
2025,7231,CONTRALORIA GENERAL DE LA REPUBLICA,Metropolitana de Santiago,"Contraloría, Congreso y Poder judicial",332,10,13506135645,13506135645,0,10715088272,0,2791047373,0,0,0
2026,7231,CONTRALORIA GENERAL DE LA REPUBLICA,Metropolitana de Santiago,"Contraloría, Congreso y Poder judicial",319,7,13738042266,13738042266,0,12243331172,366032094,1128679000,0,0,0
2025,100555,I MUNICIPALIDAD DE RENGO,Libertador Gral. Bernardo O'Higgins,Municipalidades,172,3,15498545794,15498545794,0,10782021693,4544924101,171600000,0,0,0
2026,100555,I MUNICIPALIDAD DE RENGO,Libertador Gral. Bernardo O'Higgins,Municipalidades,141,3,11589148000,11589148000,0,5628151000,5822857000,138140000,0,0,0
2025,140867,I MUNICIPALIDAD DE HUALQUI,Biobío,Municipalidades,369,12,7826473970,7826473970,0,7052865970,427328000,346280000,0,0,0
2026,140867,I MUNICIPALIDAD DE HUALQUI,Biobío,Municipalidades,293,10,18855665727,18855665727,0,16718764999,2022147728,114753000,0,0,0
2025,7227,SUBSECRETARIA DE RELACIONES EXTERIORES,Metropolitana de Santiago,Gobierno Central,166,128,10989370403,10989370403,0,9224749965,1339405038,425215400,0,0,0
2026,7227,SUBSECRETARIA DE RELACIONES EXTERIORES,Metropolitana de Santiago,Gobierno Central,227,125,15558436739,15558436739,0,13901118773,1121270125,536047841,0,0,0
2025,7482,I MUNICIPALIDAD DE SAN FERNANDO,Libertador Gral. Bernardo O'Higgins,Municipalidades,105,80,13360357118,13360357118,0,13306657118,53700000,0,0,0,0
2026,7482,I MUNICIPALIDAD DE SAN FERNANDO,Libertador Gral. Bernardo O'Higgins,Municipalidades,71,71,13165113586,13165113586,0,13085113586,80000000,0,0,0,0
2025,1109551,CORP MUNICIPAL DE SERVICIOS PUBLICOS TRASPASADOS DE RANCAGUA,Libertador Gral. Bernardo O'Higgins,,87,6,11335400138,11335400138,0,11022840138,1050000,311510000,0,0,0
2026,1109551,CORP MUNICIPAL DE SERVICIOS PUBLICOS TRASPASADOS DE RANCAGUA,Libertador Gral. Bernardo O'Higgins,,175,6,15116250900,15116250900,0,15111784100,4466800,0,0,0,0
2025,225773,SERVICIO ELECTORAL,Metropolitana de Santiago,Interior,670,28,24052057416,24052057416,0,17657671981,1229187798,5165197637,0,0,0
2026,225773,SERVICIO ELECTORAL,Metropolitana de Santiago,Interior,372,27,2271418591,2271418591,0,1579430061,403932909,288055621,0,0,0
2025,100156,I MUNICIPALIDAD DE ANGOL,La Araucanía,Municipalidades,419,72,14502501453,14502501453,0,14412107078,90394375,0,0,0,0
2026,100156,I MUNICIPALIDAD DE ANGOL,La Araucanía,Municipalidades,255,15,11764070568,11764070568,0,11764070568,0,0,0,0,0
2025,1122214,Corporación de Educación y Salud de Las Condes,Metropolitana de Santiago,,111,12,12233250000,12233250000,0,12233250000,0,0,0,0,0
2026,1122214,Corporación de Educación y Salud de Las Condes,Metropolitana de Santiago,,68,1,13985634130,13985634130,0,13985634130,0,0,0,0,0
2025,86664,I.MUNICIPALIDAD DE CERRO NAVIA,Metropolitana de Santiago,Municipalidades,51,2,12231088509,12231088509,0,11488053509,743035000,0,0,0,0
2026,86664,I.MUNICIPALIDAD DE CERRO NAVIA,Metropolitana de Santiago,Municipalidades,297,229,13805360150,13805360150,0,13787360150,0,18000000,0,0,0
2025,84959,I MUNICIPALIDAD DE OSORNO,Los Lagos,Municipalidades,452,54,16359370465,16359370465,0,15512295192,200712408,646362865,0,0,0
2026,84959,I MUNICIPALIDAD DE OSORNO,Los Lagos,Municipalidades,50,48,9633797505,9633797505,0,8868485599,149894170,615417736,0,0,0
2025,7205,SERVICIO DE SALUD CONCEPCION,Biobío,Gobierno Central,141,4,13747424716,13747424716,0,13747424716,0,0,0,0,0
2026,7205,SERVICIO DE SALUD CONCEPCION,Biobío,Gobierno Central,122,4,12172456615,12172456615,0,12172456615,0,0,0,0,0
2025,118084,I MUNICIPALIDAD DE VILLARRICA,La Araucanía,Municipalidades,1167,92,15503790473,15503790473,0,13756315539,1417801578,329673356,0,0,0
2026,118084,I MUNICIPALIDAD DE VILLARRICA,La Araucanía,Municipalidades,800,79,10211828270,10211828270,0,2991585208,7117948462,102294600,0,0,0
2025,119488,I MUNICIPALIDAD DE CANETE,Biobío,Municipalidades,240,120,14481576752,14481576752,0,13304741752,717835000,459000000,0,0,0
2026,119488,I MUNICIPALIDAD DE CANETE,Biobío,Municipalidades,276,127,11165894689,11165894689,0,10313021864,790872825,62000000,0,0,0
2025,116409,I MUNICIPALIDAD DE SAN IGNACIO,Ñuble,Municipalidades,345,70,15323097008,15323097008,0,14900223453,203400000,219473555,0,0,0
2026,116409,I MUNICIPALIDAD DE SAN IGNACIO,Ñuble,Municipalidades,405,86,10264200974,10264200974,0,9592836206,527193968,144170800,0,0,0
2025,117579,I MUNICIPALIDAD DE SIERRA GORDA,Antofagasta,Municipalidades,74,3,10542256746,10542256746,0,10114849498,285240000,142167248,0,0,0
2026,117579,I MUNICIPALIDAD DE SIERRA GORDA,Antofagasta,Municipalidades,189,4,14512961128,14512961128,0,13555330000,722351128,235280000,0,0,0
2025,7311,SERVICIO DE SALUD SUR HOSPITAL LUCIO CORDOVA,Metropolitana de Santiago,Gobierno Central,44,44,11753762371,11753762371,0,11753762371,0,0,0,0,0
2026,7311,SERVICIO DE SALUD SUR HOSPITAL LUCIO CORDOVA,Metropolitana de Santiago,Gobierno Central,1553,36,13187548675,13187548675,0,13187488675,0,60000,0,0,0
2025,1654650,SERVICIO DE VIVIENDA Y URBANIZACION REGION ÑUBLE,Ñuble,,0,0,0,0,0,0,0,0,0,0,0
2026,1654650,SERVICIO DE VIVIENDA Y URBANIZACION REGION ÑUBLE,Ñuble,,57,4,24873503000,24873503000,0,24522548926,87248823,263705251,0,0,0
2025,7066,I MUNICIPALIDAD DE EL TABO,Valparaíso,Municipalidades,125,120,10646839922,10646839922,0,7553195714,2933464208,160180000,0,0,0
2026,7066,I MUNICIPALIDAD DE EL TABO,Valparaíso,Municipalidades,174,170,14207122535,14207122535,0,11347830943,2740429592,118862000,0,0,0
2025,116741,I MUNICIPALIDAD DE EL MONTE,Metropolitana de Santiago,Municipalidades,207,4,11843360966,11843360966,0,10919834966,0,923526000,0,0,0
2026,116741,I MUNICIPALIDAD DE EL MONTE,Metropolitana de Santiago,Municipalidades,172,4,12921071044,12921071044,0,12038826044,100000000,782245000,0,0,0
2025,100318,I MUNICIPALIDAD DE SAN ANTONIO,Valparaíso,Municipalidades,158,34,15519485746,15519485746,0,3432547877,11799037869,287900000,0,0,0
2026,100318,I MUNICIPALIDAD DE SAN ANTONIO,Valparaíso,Municipalidades,100,73,8827136000,8827136000,0,8440896000,386240000,0,0,0,0
2025,100090,I MUNICIPALIDAD DE BUIN,Metropolitana de Santiago,Municipalidades,672,12,12938670287,12938670287,0,10251324739,2398027198,289318350,0,0,0
2026,100090,I MUNICIPALIDAD DE BUIN,Metropolitana de Santiago,Municipalidades,493,12,11096996504,11096996504,0,7186257582,3737438922,173300000,0,0,0
2025,1812426,CORP MUNICIPAL DE DESARROLLO SOCIAL DE NUNOA,Metropolitana de Santiago,Gobierno Central,496,9,9314901774,9314901774,0,8279053880,640774492,395073402,0,0,0
2026,1812426,CORP MUNICIPAL DE DESARROLLO SOCIAL DE NUNOA,Metropolitana de Santiago,Gobierno Central,976,9,14677869067,14677869067,0,12726766654,1188769714,762332699,0,0,0
2025,6926,SERVICIO DE SALUD DE ARICA Y PARINACOTA,Arica y Parinacota,Gobierno Central,103,28,11992206853,11992206853,0,10782609365,510841336,698756152,0,0,0
2026,6926,SERVICIO DE SALUD DE ARICA Y PARINACOTA,Arica y Parinacota,Gobierno Central,185,40,11964416548,11964416548,0,11017448468,809362822,137605258,0,0,0
2025,115303,I MUNICIPALIDAD DE VICUNA,Coquimbo,Municipalidades,177,52,10928493513,10928493513,0,9910245513,910298000,107950000,0,0,0
2026,115303,I MUNICIPALIDAD DE VICUNA,Coquimbo,Municipalidades,114,36,12851406000,12851406000,0,12470449000,378957000,2000000,0,0,0
2025,7085,GOBIERNO REGIONAL DE AYSEN,Aysén del Gral. Carlos Ibáñez del Campo,Interior,74,67,14074208659,14074208659,0,14048008659,2200000,24000000,0,0,0
2026,7085,GOBIERNO REGIONAL DE AYSEN,Aysén del Gral. Carlos Ibáñez del Campo,Interior,84,60,9482509162,9482509162,0,9427680162,0,54829000,0,0,0
2025,7183,CORP NACIONAL DE DESARROLLO INDIGENA,La Araucanía,Gobierno Central,372,320,10806622288,10806622288,0,7826304424,2545540569,434777295,0,0,0
2026,7183,CORP NACIONAL DE DESARROLLO INDIGENA,La Araucanía,Gobierno Central,382,306,12724765416,12724765416,0,9236811275,3240888003,247066138,0,0,0
2025,114395,I MUNICIPALIDAD DE TUCAPEL,Biobío,Municipalidades,147,4,13225678948,13225678948,0,12337678948,25000000,863000000,0,0,0
2026,114395,I MUNICIPALIDAD DE TUCAPEL,Biobío,Municipalidades,112,3,10302858844,10302858844,0,10206314844,46144000,50400000,0,0,0
2025,1801848,CORP MUNICIPAL DE DESARROLLO SOCIAL DE PUDAHUEL,Metropolitana de Santiago,,53,47,10652000000,10652000000,0,9547000000,1105000000,0,0,0,0
2026,1801848,CORP MUNICIPAL DE DESARROLLO SOCIAL DE PUDAHUEL,Metropolitana de Santiago,,85,38,12774200000,12774200000,0,9924700000,2573000000,276500000,0,0,0
2025,7288,SERVICIO SALUD ARAUCANIA NORTE HOSPITAL VICTORIA,La Araucanía,Hospitales,107,105,11879834808,11879834808,0,11820254200,0,59580608,0,0,0
2026,7288,SERVICIO SALUD ARAUCANIA NORTE HOSPITAL VICTORIA,La Araucanía,Hospitales,100,100,11507027932,11507027932,0,11446052332,0,60975600,0,0,0
2025,84149,MUNICIPALIDAD DE PUDAHUEL,Metropolitana de Santiago,Municipalidades,2343,7,7855338090,7855338090,0,6792326864,1053011226,10000000,0,0,0
2026,84149,MUNICIPALIDAD DE PUDAHUEL,Metropolitana de Santiago,Municipalidades,2125,10,15443413897,15443413897,0,14429625884,1005988013,7800000,0,0,0
2025,164268,UNIVERSIDAD METROPOLITANA DE CIENCIAS DE LA EDUCACION,Metropolitana de Santiago,Universidades,671,56,17227750886,17227750886,0,13765523803,3429498626,32728457,0,0,0
2026,164268,UNIVERSIDAD METROPOLITANA DE CIENCIAS DE LA EDUCACION,Metropolitana de Santiago,Universidades,412,53,6021581155,6021581155,0,3860405947,1876396199,284779009,0,0,0
2025,277559,UNIVERSIDAD DE LA FRONTERA,La Araucanía,Universidades,147,6,14039161927,14039161927,0,10240919696,3786338228,11904003,0,0,0
2026,277559,UNIVERSIDAD DE LA FRONTERA,La Araucanía,Universidades,992,89,9194468290,9194468290,0,6214073152,1920853317,1059541821,0,0,0
2025,1198788,SUBSECRETARIA DEL MEDIO AMBIENTE,Metropolitana de Santiago,Gobierno Central,945,224,14385198908,14385198908,0,10793273195,3286218206,305707507,0,0,0
2026,1198788,SUBSECRETARIA DEL MEDIO AMBIENTE,Metropolitana de Santiago,Gobierno Central,477,137,8681508901,8681508901,0,6356812699,1141638062,1183058140,0,0,0
2025,1675210,SERVICIO LOCAL DE EDUCACION DE CHINCHORRO,Arica y Parinacota,,78,2,12373096997,12373096997,0,12363942797,0,9154200,0,0,0
2026,1675210,SERVICIO LOCAL DE EDUCACION DE CHINCHORRO,Arica y Parinacota,,78,2,10677978308,10677978308,0,10667754356,10223952,0,0,0,0
2025,116401,I MUNICIPALIDAD DE LOS VILOS,Coquimbo,Municipalidades,175,10,9420086510,9420086510,0,8736151650,283499999,400434861,0,0,0
2026,116401,I MUNICIPALIDAD DE LOS VILOS,Coquimbo,Municipalidades,323,29,13351790496,13351790496,0,12860717891,388172605,102900000,0,0,0
2025,101002,MUNICIPALIDAD DE LOS ANDES,Valparaíso,Municipalidades,131,82,15156187859,15156187859,0,14953377236,190710623,12100000,0,0,0
2026,101002,MUNICIPALIDAD DE LOS ANDES,Valparaíso,Municipalidades,128,80,7592111815,7592111815,0,6292606309,1141290356,158215150,0,0,0
2025,7366,I MUNICIPALIDAD DE LA REINA,Metropolitana de Santiago,Municipalidades,108,107,11826778000,11826778000,0,10563278000,1243500000,20000000,0,0,0
2026,7366,I MUNICIPALIDAD DE LA REINA,Metropolitana de Santiago,Municipalidades,90,90,10878804365,10878804365,0,10176279365,685525000,17000000,0,0,0
2025,98448,ILUSTRE MUNICIPALIDAD DE NATALES,Magallanes y de la Antártica Chilena,Municipalidades,173,109,5957321729,5957321729,0,5948321729,0,9000000,0,0,0
2026,98448,ILUSTRE MUNICIPALIDAD DE NATALES,Magallanes y de la Antártica Chilena,Municipalidades,309,157,16663020872,16663020872,0,16500020872,156000000,7000000,0,0,0
2025,130585,UNIVERSIDAD DE ANTOFAGASTA,Antofagasta,Universidades,93,45,10549915644,10549915644,0,10549915644,0,0,0,0,0
2026,130585,UNIVERSIDAD DE ANTOFAGASTA,Antofagasta,Universidades,17,2,11880991700,11880991700,0,11880991700,0,0,0,0,0
2025,7136,CENTRO DE REFERENCIA DE SALUD DE PENALOLEN CORDILLERA ORIENTE,Metropolitana de Santiago,Hospitales,86,86,12034861369,12034861369,0,12034861369,0,0,0,0,0
2026,7136,CENTRO DE REFERENCIA DE SALUD DE PENALOLEN CORDILLERA ORIENTE,Metropolitana de Santiago,Hospitales,616,92,10343962212,10343962212,0,9088941182,1255021030,0,0,0,0
2025,1256896,SUBSECRETARIA DE PREVENCION DEL DELITO,Metropolitana de Santiago,,263,19,12833197801,12833197801,0,8389306561,720802740,3723088500,0,0,0
2026,1256896,SUBSECRETARIA DE PREVENCION DEL DELITO,Metropolitana de Santiago,,214,12,9450057647,9450057647,0,6868162293,836817679,1745077675,0,0,0
2025,1820918,SERVICIO LOCAL DE EDUCACIÓN PÚBLICA MAULE COSTA,Maule,,90,46,12916524962,12916524962,0,2090575250,10825949712,0,0,0,0
2026,1820918,SERVICIO LOCAL DE EDUCACIÓN PÚBLICA MAULE COSTA,Maule,,47,47,9268294000,9268294000,0,9268294000,0,0,0,0,0
2025,120004,I MUNICIPALIDAD DE YUMBEL,Biobío,Municipalidades,273,203,10269237528,10269237528,0,8797917431,1393474289,77845808,0,0,0
2026,120004,I MUNICIPALIDAD DE YUMBEL,Biobío,Municipalidades,845,557,11780151214,11780151214,0,9863399962,1813414435,103336817,0,0,0
2025,7207,GOBIERNO REGIONAL DECIMA REGION LOS LAGOS,Los Lagos,Interior,77,16,3560572063,3560572063,0,3126054212,208517851,226000000,0,0,0
2026,7207,GOBIERNO REGIONAL DECIMA REGION LOS LAGOS,Los Lagos,Interior,71,20,18406961859,18406961859,0,17824939039,439022820,143000000,0,0,0
2025,120001,I MUNICIPALIDAD DE MARIQUINA,Los Ríos,Municipalidades,162,3,9324438179,9324438179,0,9079938187,46999996,197499996,0,0,0
2026,120001,I MUNICIPALIDAD DE MARIQUINA,Los Ríos,Municipalidades,210,3,12619689045,12619689045,0,10766461529,1850227516,3000000,0,0,0
2025,7013,GOBIERNO REGIONAL DE LA ARAUCANIA,La Araucanía,Interior,213,32,11549064588,11549064588,0,11222727588,323737000,2600000,0,0,0
2026,7013,GOBIERNO REGIONAL DE LA ARAUCANIA,La Araucanía,Interior,219,27,10393327523,10393327523,0,9991361220,369766303,32200000,0,0,0
2025,1622793,SERVICIO LOCAL DE EDUCACIÓN PÚBLICA DE HUASCO,Atacama,,107,3,13210987679,13210987679,0,12058663310,1031504389,120819980,0,0,0
2026,1622793,SERVICIO LOCAL DE EDUCACIÓN PÚBLICA DE HUASCO,Atacama,,67,3,8704142312,8704142312,0,8068959294,582583018,52600000,0,0,0
2025,102316,I MUNICIPALIDAD DE CONSTITUCION,Maule,Municipalidades,155,2,10339463113,10339463113,0,7917563117,1788400000,633499996,0,0,0
2026,102316,I MUNICIPALIDAD DE CONSTITUCION,Maule,Municipalidades,397,5,11194163536,11194163536,0,6521089856,2387032117,2286041563,0,0,0
2025,7498,I MUNICIPALIDAD DE SAN MIGUEL,Metropolitana de Santiago,Municipalidades,375,156,14954705046,14954705046,0,14938105046,0,16600000,0,0,0
2026,7498,I MUNICIPALIDAD DE SAN MIGUEL,Metropolitana de Santiago,Municipalidades,334,334,6071139606,6071139606,0,5459787199,585402407,25950000,0,0,0
2025,86545,I MUNICIPALIDAD DE LINARES,Maule,Municipalidades,114,54,12183894000,12183894000,0,12010638000,81717000,91539000,0,0,0
2026,86545,I MUNICIPALIDAD DE LINARES,Maule,Municipalidades,81,2,8483585000,8483585000,0,8112525000,290035000,81025000,0,0,0
2025,7446,SERVICIO SALUD TALCAHUANO HOSPITAL PENCO-LIRQUEN,Biobío,Hospitales,1794,27,10578587337,10578587337,0,8336461590,2242125747,0,0,0,0
2026,7446,SERVICIO SALUD TALCAHUANO HOSPITAL PENCO-LIRQUEN,Biobío,Hospitales,891,36,10078302004,10078302004,0,7915808548,2158012563,4480893,0,0,0
2025,7360,I MUNICIPALIDAD DE TIERRA AMARILLA,Atacama,Municipalidades,115,55,3110561998,3110561998,0,2654361998,185000000,271200000,0,0,0
2026,7360,I MUNICIPALIDAD DE TIERRA AMARILLA,Atacama,Municipalidades,82,82,17531536724,17531536724,0,17213436724,122000000,196100000,0,0,0
2025,118625,I MUNICIPALIDAD DE NAVIDAD,Libertador Gral. Bernardo O'Higgins,Municipalidades,180,46,8834222046,8834222046,0,7739128982,770503064,324590000,0,0,0
2026,118625,I MUNICIPALIDAD DE NAVIDAD,Libertador Gral. Bernardo O'Higgins,Municipalidades,198,68,11807191966,11807191966,0,10465102195,1230789771,111300000,0,0,0
2025,1803791,Corporación Municipal de Lo Prado,Metropolitana de Santiago,,42,2,8525791853,8525791853,0,7946791853,0,579000000,0,0,0
2026,1803791,Corporación Municipal de Lo Prado,Metropolitana de Santiago,,163,162,12063215950,12063215950,0,10979451024,895501100,188263826,0,0,0
2025,7289,SERVICIO NACIONAL ARAUCANIA SUR HOSPITAL DR ABRAHAM GODOY PENA LAUTARO,La Araucanía,Hospitales,96,13,6679944360,6679944360,0,5847738209,187870831,644335320,0,0,0
2026,7289,SERVICIO NACIONAL ARAUCANIA SUR HOSPITAL DR ABRAHAM GODOY PENA LAUTARO,La Araucanía,Hospitales,65,8,13785414999,13785414999,0,11230623292,1742000000,812791707,0,0,0
2025,1622818,SERVICIO LOCAL DE EDUCACION COSTA ARAUCANIA,La Araucanía,,180,87,13936210338,13936210338,0,13223700786,712509552,0,0,0,0
2026,1622818,SERVICIO LOCAL DE EDUCACION COSTA ARAUCANIA,La Araucanía,,104,83,6405537384,6405537384,0,6106472048,257834336,41231000,0,0,0
2025,7048,SERVICIO SALUD ARAUCANIA SUR HOSPITAL PITRUFQUEN,La Araucanía,Hospitales,118,14,13646563620,13646563620,0,13646563620,0,0,0,0,0
2026,7048,SERVICIO SALUD ARAUCANIA SUR HOSPITAL PITRUFQUEN,La Araucanía,Hospitales,93,14,6581023788,6581023788,0,6576023786,0,5000002,0,0,0
2025,135561,I MUNICIPALIDAD DE NACIMIENTO,Biobío,Municipalidades,1415,226,8258238727,8258238727,0,7679351127,434535300,144352300,0,0,0
2026,135561,I MUNICIPALIDAD DE NACIMIENTO,Biobío,Municipalidades,913,183,11957009387,11957009387,0,11914409387,3600000,39000000,0,0,0
2025,1820914,Servicio Local de Educación Pública Aysén,Aysén del Gral. Carlos Ibáñez del Campo,,125,5,14646116000,14646116000,0,14541116000,0,105000000,0,0,0
2026,1820914,Servicio Local de Educación Pública Aysén,Aysén del Gral. Carlos Ibáñez del Campo,,58,4,5528878000,5528878000,0,4865878000,0,663000000,0,0,0
2025,1593370,SERVICIO LOCAL DE EDUCACION LAS BARRANCAS,Metropolitana de Santiago,,173,112,10935767767,10935767767,0,9912410836,584345626,439011305,0,0,0
2026,1593370,SERVICIO LOCAL DE EDUCACION LAS BARRANCAS,Metropolitana de Santiago,,154,111,9128211648,9128211648,0,8097430535,876928093,153853020,0,0,0
2025,86580,I MUNICIPALIDAD DE PUNTA ARENAS,Magallanes y de la Antártica Chilena,Municipalidades,301,35,5269125699,5269125699,0,4538454659,532918152,197752888,0,0,0
2026,86580,I MUNICIPALIDAD DE PUNTA ARENAS,Magallanes y de la Antártica Chilena,Municipalidades,1398,285,14779236663,14779236663,0,13801984775,825535390,151716498,0,0,0
2025,7440,SERVICIO DE SALUD HOSPITAL DE RENGO,Libertador Gral. Bernardo O'Higgins,Hospitales,1475,28,10685604676,10685604676,0,8175139396,0,2510465280,0,0,0
2026,7440,SERVICIO DE SALUD HOSPITAL DE RENGO,Libertador Gral. Bernardo O'Higgins,Hospitales,169,35,9276491512,9276491512,0,9261491512,0,15000000,0,0,0
2025,6981,SERVICIO DE VIVIENDA Y URBANIZACION X REGION,Los Lagos,Obras,46,35,10564606570,10564606570,0,10531606570,0,33000000,0,0,0
2026,6981,SERVICIO DE VIVIENDA Y URBANIZACION X REGION,Los Lagos,Obras,58,3,9392844131,9392844131,0,9227814131,11500000,153530000,0,0,0
2025,7206,SERVICIO DE SALUD AYSEN CARLOS IBANEZ DEL CAMPO,Aysén del Gral. Carlos Ibáñez del Campo,Gobierno Central,69,69,10364311895,10364311895,0,9351447110,468500000,544364785,0,0,0
2026,7206,SERVICIO DE SALUD AYSEN CARLOS IBANEZ DEL CAMPO,Aysén del Gral. Carlos Ibáñez del Campo,Gobierno Central,126,96,9564601518,9564601518,0,8212875566,850017452,501708500,0,0,0
2025,116942,I MUNICIPALIDAD DE COCHRANE,Aysén del Gral. Carlos Ibáñez del Campo,Municipalidades,142,34,2142396319,2142396319,0,2073050319,68646000,700000,0,0,0
2026,116942,I MUNICIPALIDAD DE COCHRANE,Aysén del Gral. Carlos Ibáñez del Campo,Municipalidades,200,45,17553687407,17553687407,0,17275672842,198014565,80000000,0,0,0
2025,125602,I MUNICIPALIDAD DE CURACAVI,Metropolitana de Santiago,Municipalidades,478,4,9958853451,9958853451,0,8991494351,759502457,207856643,0,0,0
2026,125602,I MUNICIPALIDAD DE CURACAVI,Metropolitana de Santiago,Municipalidades,676,42,9690821976,9690821976,0,6066834232,3586760244,37227500,0,0,0
2025,84300,ILUSTRE MUNICIPALIDAD DE MACUL,Metropolitana de Santiago,Municipalidades,1240,28,5031878780,5031878780,0,4046411779,773087502,212379499,0,0,0
2026,84300,ILUSTRE MUNICIPALIDAD DE MACUL,Metropolitana de Santiago,Municipalidades,744,27,14562303224,14562303224,0,12535287999,1465559273,561455952,0,0,0
2025,7294,I MUNICIPALIDAD DE ALGARROBO,Valparaíso,Municipalidades,207,177,11714577916,11714577916,0,11161263916,340200000,213114000,0,0,0
2026,7294,I MUNICIPALIDAD DE ALGARROBO,Valparaíso,Municipalidades,366,341,7822810920,7822810920,0,7487062420,260994500,74754000,0,0,0
2025,1034640,CORPORACION MUNICIPAL DE PENALOLEN PARA EL DESARROLO SOCIAL CORMUP,Metropolitana de Santiago,Aplicación Auditoria,136,3,7120443759,7120443759,0,6856819787,200193972,63430000,0,0,0
2026,1034640,CORPORACION MUNICIPAL DE PENALOLEN PARA EL DESARROLO SOCIAL CORMUP,Metropolitana de Santiago,Aplicación Auditoria,144,3,12235507045,12235507045,0,11889469078,341037967,5000000,0,0,0
2025,7314,SERVICIO DE SALUD HOSPITAL DE SANTA CRUZ,Libertador Gral. Bernardo O'Higgins,Hospitales,50,10,10130555400,10130555400,0,10130555400,0,0,0,0,0
2026,7314,SERVICIO DE SALUD HOSPITAL DE SANTA CRUZ,Libertador Gral. Bernardo O'Higgins,Hospitales,47,11,9171987232,9171987232,0,9171987232,0,0,0,0,0
2025,7210,SERVICIO NACIONAL DE GEOLOGIA Y MINERIA,Metropolitana de Santiago,Gobierno Central,99,2,9326820949,9326820949,0,9264753349,62067600,0,0,0,0
2026,7210,SERVICIO NACIONAL DE GEOLOGIA Y MINERIA,Metropolitana de Santiago,Gobierno Central,86,2,9968553116,9968553116,0,9968553116,0,0,0,0,0
2025,1890653,SERVICIO LOCAL DE EDUCACIÓN PÚBLICA DE VALDIVIA,Los Ríos,,31,30,7160363753,7160363753,0,7160363753,0,0,0,0,0
2026,1890653,SERVICIO LOCAL DE EDUCACIÓN PÚBLICA DE VALDIVIA,Los Ríos,,57,57,12082400000,12082400000,0,12082400000,0,0,0,0,0
2025,116405,I MUNICIPALIDAD DE LAJA,Biobío,Municipalidades,206,200,7692168805,7692168805,0,7165745805,364211000,162212000,0,0,0
2026,116405,I MUNICIPALIDAD DE LAJA,Biobío,Municipalidades,304,297,11464159023,11464159023,0,11161328005,240639018,62192000,0,0,0
2025,1232694,CORP MUNICIPAL DE SAN MIGUEL,Metropolitana de Santiago,,391,4,11358758717,11358758717,0,6598082726,4636838631,123837360,0,0,0
2026,1232694,CORP MUNICIPAL DE SAN MIGUEL,Metropolitana de Santiago,,317,3,7781023188,7781023188,0,7018872691,746150497,16000000,0,0,0
2025,119266,I MUNICIPALIDAD DE COLTAUCO,Libertador Gral. Bernardo O'Higgins,Municipalidades,2230,429,9787337974,9787337974,0,8761594081,555265061,470478832,0,0,0
2026,119266,I MUNICIPALIDAD DE COLTAUCO,Libertador Gral. Bernardo O'Higgins,Municipalidades,2102,345,9067810020,9067810020,0,8338880599,620855020,108074401,0,0,0
2025,7315,SERVICIO DE SALUD TALCAHUANO HOSPITAL DE,Biobío,Hospitales,2427,18,9011471165,9011471165,0,9011471165,0,0,0,0,0
2026,7315,SERVICIO DE SALUD TALCAHUANO HOSPITAL DE,Biobío,Hospitales,2248,17,9707218988,9707218988,0,9707218988,0,0,0,0,0
2025,86518,I MUNICIPALIDAD DE LO ESPEJO,Metropolitana de Santiago,Municipalidades,344,2,8340999374,8340999374,0,6192590000,1142738374,1005671000,0,0,0
2026,86518,I MUNICIPALIDAD DE LO ESPEJO,Metropolitana de Santiago,Municipalidades,445,2,10372761304,10372761304,0,7694868377,1665608127,1012284800,0,0,0
2025,7481,SERVICIO NACIONAL DE SALUD HOSPITAL DE LOTA,Biobío,Hospitales,87,17,5794800000,5794800000,0,5092800000,702000000,0,0,0,0
2026,7481,SERVICIO NACIONAL DE SALUD HOSPITAL DE LOTA,Biobío,Hospitales,115,22,12802463244,12802463244,0,11803403264,799060000,199999980,0,0,0
2025,7051,I MUNICIPALIDAD DE NINHUE,Ñuble,Municipalidades,55,29,6929653319,6929653319,0,6528076919,6000000,395576400,0,0,0
2026,7051,I MUNICIPALIDAD DE NINHUE,Ñuble,Municipalidades,166,66,11577063380,11577063380,0,10925251980,378773000,273038400,0,0,0
2025,135562,ILUSTRE MUNICIPALIDAD DE QUILLON,Ñuble,Municipalidades,244,15,5843800349,5843800349,0,5177124101,335676248,331000000,0,0,0
2026,135562,ILUSTRE MUNICIPALIDAD DE QUILLON,Ñuble,Municipalidades,255,16,12635501620,12635501620,0,12037163604,339695514,258642502,0,0,0
2025,115011,I MUNICIPALIDAD DE CALBUCO,Los Lagos,Municipalidades,626,155,10619421846,10619421846,0,8897418883,1668160963,53842000,0,0,0
2026,115011,I MUNICIPALIDAD DE CALBUCO,Los Lagos,Municipalidades,450,108,7769551798,7769551798,0,3568676000,4091775798,109100000,0,0,0
2025,7070,INSTITUTO DE FOMENTO PESQUERO,Valparaíso,Gobierno Central,53,1,9720561330,9720561330,0,7856658330,1547391000,316512000,0,0,0
2026,7070,INSTITUTO DE FOMENTO PESQUERO,Valparaíso,Gobierno Central,51,1,8470714673,8470714673,0,3947958149,3916673444,606083080,0,0,0
2025,7044,INSTITUTO PSIQUIATRICO DR JOSE HORWITZ BARAK,Metropolitana de Santiago,Hospitales,397,67,8886591922,8886591922,0,7003274401,1759293858,124023663,0,0,0
2026,7044,INSTITUTO PSIQUIATRICO DR JOSE HORWITZ BARAK,Metropolitana de Santiago,Hospitales,74,14,9206059651,9206059651,0,8652099612,409318964,144641075,0,0,0
2025,1648816,CENTRO ONCOLOGICO DEL NORTE,Antofagasta,,54,16,9032175572,9032175572,0,9030675572,1500000,0,0,0,0
2026,1648816,CENTRO ONCOLOGICO DEL NORTE,Antofagasta,,57,18,8959012766,8959012766,0,6561288008,860723755,1537001003,0,0,0
2025,121539,I MUNICIPALIDAD DE CALLE LARGA,Valparaíso,Municipalidades,729,654,12795228153,12795228153,0,10187099136,2124000735,484128282,0,0,0
2026,121539,I MUNICIPALIDAD DE CALLE LARGA,Valparaíso,Municipalidades,332,319,5087354695,5087354695,0,4787404695,100900000,199050000,0,0,0
2025,98901,ILUSTRE MUNICIPALIDAD DE MELIPILLA,Metropolitana de Santiago,Municipalidades,0,0,0,0,0,0,0,0,0,0,0
2026,98901,ILUSTRE MUNICIPALIDAD DE MELIPILLA,Metropolitana de Santiago,Municipalidades,611,11,17847113290,17847113290,0,9738995436,7770480651,337637203,0,0,0
2025,1128653,CORPORACION MUNICIPAL VINA DEL MAR PARA EL DESARROLLO SOCIAL,Valparaíso,,123,3,10047089558,10047089558,0,10047089558,0,0,0,0,0
2026,1128653,CORPORACION MUNICIPAL VINA DEL MAR PARA EL DESARROLLO SOCIAL,Valparaíso,,76,3,7797619974,7797619974,0,7738070008,59549966,0,0,0,0
2025,115009,I MUNICIPALIDAD DE VILCUN,La Araucanía,Municipalidades,995,56,8825379469,8825379469,0,7288282670,1343802358,193294441,0,0,0
2026,115009,I MUNICIPALIDAD DE VILCUN,La Araucanía,Municipalidades,864,44,9018024446,9018024446,0,7317610630,1631512286,68901530,0,0,0
2025,1329930,SUBSECRETARIA DE EVALUACION SOCIAL,Metropolitana de Santiago,,243,17,4190348865,4190348865,0,2501289126,998670713,690389026,0,0,0
2026,1329930,SUBSECRETARIA DE EVALUACION SOCIAL,Metropolitana de Santiago,,190,18,13521957247,13521957247,0,10844040478,2055567973,622348796,0,0,0
2025,1783361,SERVICIO NACIONAL DE MIGRACIONES,Metropolitana de Santiago,,99,47,8328436843,8328436843,0,7858436843,0,470000000,0,0,0
2026,1783361,SERVICIO NACIONAL DE MIGRACIONES,Metropolitana de Santiago,,66,48,9379167897,9379167897,0,8512943806,398956424,467267667,0,0,0
2025,116221,ILUSTRE MUNICIPALIDAD DE CHILLAN VIEJO,Ñuble,Municipalidades,140,66,7758674797,7758674797,0,2466715295,3966992890,1324966612,0,0,0
2026,116221,ILUSTRE MUNICIPALIDAD DE CHILLAN VIEJO,Ñuble,Municipalidades,146,41,9925825382,9925825382,0,9600625382,0,325200000,0,0,0
2025,1675218,SERVICIO LOCAL DE EDUCACION PUBLICA ANDALIEN SUR,Biobío,,50,25,14499541439,14499541439,0,14452141439,25000000,22400000,0,0,0
2026,1675218,SERVICIO LOCAL DE EDUCACION PUBLICA ANDALIEN SUR,Biobío,,28,17,3125170000,3125170000,0,3115170000,10000000,0,0,0,0
2025,124195,ILUSTRE MUNICIPALIDAD DE COLBUN,Maule,Municipalidades,114,3,8766349405,8766349405,0,7594262406,970600000,201486999,0,0,0
2026,124195,ILUSTRE MUNICIPALIDAD DE COLBUN,Maule,Municipalidades,98,2,8824749428,8824749428,0,8392289428,347000000,85460000,0,0,0
2025,7398,SERVICIO DE SALUD ARAUCO HOSPITAL DE ARAUCO,Biobío,Hospitales,34,34,7908511137,7908511137,0,7908511137,0,0,0,0,0
2026,7398,SERVICIO DE SALUD ARAUCO HOSPITAL DE ARAUCO,Biobío,Hospitales,34,34,9616923583,9616923583,0,9616923583,0,0,0,0,0
2025,1630141,GOBIERNO REGIONAL DE ÑUBLE,Ñuble,,60,59,13689821598,13689821598,0,13689821598,0,0,0,0,0
2026,1630141,GOBIERNO REGIONAL DE ÑUBLE,Ñuble,,56,32,3759104910,3759104910,0,3744104910,0,15000000,0,0,0
2025,6947,SUBSECRETARIA DE SERVICIOS SOCIALES,Metropolitana de Santiago,Gobierno Central,641,338,10121978626,10121978626,0,6039141218,3484380614,598456794,0,0,0
2026,6947,SUBSECRETARIA DE SERVICIOS SOCIALES,Metropolitana de Santiago,Gobierno Central,374,189,7312379885,7312379885,0,5160170886,1957177113,195031886,0,0,0
2025,88203,I MUNICIPALIDAD DE QUILLOTA,Valparaíso,Municipalidades,145,5,10265028461,10265028461,0,10155028461,110000000,0,0,0,0
2026,88203,I MUNICIPALIDAD DE QUILLOTA,Valparaíso,Municipalidades,78,4,7080308732,7080308732,0,7080308732,0,0,0,0,0
2025,7355,I MUNICIPALIDAD DE SAN RAMON,Metropolitana de Santiago,Municipalidades,69,1,9354154000,9354154000,0,6472024000,2856250000,25880000,0,0,0
2026,7355,I MUNICIPALIDAD DE SAN RAMON,Metropolitana de Santiago,Municipalidades,66,1,7989780000,7989780000,0,4780200000,3209580000,0,0,0,0
2025,86407,I MUNICIPALIDAD DE SAN JAVIER,Maule,Municipalidades,64,4,8971082992,8971082992,0,8906916992,7166000,57000000,0,0,0
2026,86407,I MUNICIPALIDAD DE SAN JAVIER,Maule,Municipalidades,141,4,8363075028,8363075028,0,7277305000,952370028,133400000,0,0,0
2025,129738,I MUNICIPALIDAD DE CUNCO,La Araucanía,Municipalidades,496,4,6898975479,6898975479,0,6856069479,600000,42306000,0,0,0
2026,129738,I MUNICIPALIDAD DE CUNCO,La Araucanía,Municipalidades,858,26,10429283979,10429283979,0,7151774908,3004194000,273315071,0,0,0
2025,116742,I MUNICIPALIDAD DE COELEMU,Ñuble,Municipalidades,144,94,9774901220,9774901220,0,9362195226,89100000,323605994,0,0,0
2026,116742,I MUNICIPALIDAD DE COELEMU,Ñuble,Municipalidades,165,87,7162414840,7162414840,0,6682022840,160200000,320192000,0,0,0
2025,7459,SERVICIO NACIONAL DE SALUD HOSPITAL DE P,Metropolitana de Santiago,Hospitales,104,13,9067938663,9067938663,0,8007336163,842850000,217752500,0,0,0
2026,7459,SERVICIO NACIONAL DE SALUD HOSPITAL DE P,Metropolitana de Santiago,Hospitales,91,13,7772288006,7772288006,0,6796199142,960200000,15888864,0,0,0
2025,119852,I MUNICIPALIDAD DE ISLA DE PASCUA,Valparaíso,Municipalidades,0,0,0,0,0,0,0,0,0,0,0
2026,119852,I MUNICIPALIDAD DE ISLA DE PASCUA,Valparaíso,Municipalidades,97,4,16780037010,16780037010,0,14915867010,1392170000,472000000,0,0,0
2025,174692,SENADO DE LA REPUBLICA,Valparaíso,"Contraloría, Congreso y Poder judicial",246,13,7672628868,7672628868,0,6462689393,581277619,628661856,0,0,0
2026,174692,SENADO DE LA REPUBLICA,Valparaíso,"Contraloría, Congreso y Poder judicial",221,14,8982242790,8982242790,0,7741575517,406601157,834066116,0,0,0
2025,7172,GOBIERNO REGIONAL V REGION,Valparaíso,Interior,258,45,13237237668,13237237668,0,12410616515,493676249,332944904,0,0,0
2026,7172,GOBIERNO REGIONAL V REGION,Valparaíso,Interior,258,44,3284368622,3284368622,0,2273059726,923003486,88305410,0,0,0
2025,94458,I MUNICIPALIDAD DE CONCON,Valparaíso,Municipalidades,1155,60,8433662419,8433662419,0,7512137375,852039044,69486000,0,0,0
2026,94458,I MUNICIPALIDAD DE CONCON,Valparaíso,Municipalidades,527,33,8072395665,8072395665,0,7664311998,338183667,69900000,0,0,0
2025,100488,I MUNICIPALIDAD DE LA CISTERNA,Metropolitana de Santiago,Municipalidades,83,3,5087643091,5087643091,0,5052219818,0,35423273,0,0,0
2026,100488,I MUNICIPALIDAD DE LA CISTERNA,Metropolitana de Santiago,Municipalidades,475,19,11396752623,11396752623,0,11116796979,265581644,14374000,0,0,0
2025,7308,SERVICIO DE SALUD BIO BIO,Biobío,Gobierno Central,73,73,8615436291,8615436291,0,4144172523,4471263768,0,0,0,0
2026,7308,SERVICIO DE SALUD BIO BIO,Biobío,Gobierno Central,36,34,7706765014,7706765014,0,6174117876,1532647138,0,0,0,0
2025,7184,SERVICIO NACIONAL DE LA DISCAPACIDAD,Metropolitana de Santiago,Gobierno Central,145,5,5983916740,5983916740,0,5648528308,319576528,15811904,0,0,0
2026,7184,SERVICIO NACIONAL DE LA DISCAPACIDAD,Metropolitana de Santiago,Gobierno Central,109,5,10304132605,10304132605,0,9462173141,243453265,598506199,0,0,0
2025,7351,I MUNICIPALIDAD DE CAUQUENES,Maule,Municipalidades,804,244,7261316881,7261316881,0,5963595779,1228168836,69552266,0,0,0
2026,7351,I MUNICIPALIDAD DE CAUQUENES,Maule,Municipalidades,665,181,8926581330,8926581330,0,5729556110,3111185220,85840000,0,0,0
2025,127036,I MUNICIPALIDAD DE CURANILAHUE,Biobío,Municipalidades,368,226,7279937717,7279937717,0,6489720573,722717144,67500000,0,0,0
2026,127036,I MUNICIPALIDAD DE CURANILAHUE,Biobío,Municipalidades,687,220,8813497750,8813497750,0,8257751838,531283912,24462000,0,0,0
2025,118072,I MUNICIPALIDAD DE LLAY LLAY,Valparaíso,Municipalidades,493,343,8508011921,8508011921,0,6237548379,2181807186,88656356,0,0,0
2026,118072,I MUNICIPALIDAD DE LLAY LLAY,Valparaíso,Municipalidades,574,81,7540008298,7540008298,0,4913495766,2329903737,296608795,0,0,0
2025,1593366,SERVICIO LOCAL DE EDUCACION DE PUERTO CORDILLERA,Coquimbo,,134,32,7733868411,7733868411,0,7425831871,0,308036540,0,0,0
2026,1593366,SERVICIO LOCAL DE EDUCACION DE PUERTO CORDILLERA,Coquimbo,,81,34,8095883034,8095883034,0,8095883034,0,0,0,0,0
2025,7492,I MUNICIPALIDAD DE LIMACHE,Valparaíso,Municipalidades,326,65,11605629794,11605629794,0,10705934641,119600000,780095153,0,0,0
2026,7492,I MUNICIPALIDAD DE LIMACHE,Valparaíso,Municipalidades,113,14,3970199000,3970199000,0,3067499000,0,902700000,0,0,0
2025,1741019,CENTRO DE FORMACIÓN TÉCNICA ESTATAL REGIÓN ARICA Y PARINACOTA,Arica y Parinacota,Gobierno Central,14,6,7304777760,7304777760,0,7304777760,0,0,0,0,0
2026,1741019,CENTRO DE FORMACIÓN TÉCNICA ESTATAL REGIÓN ARICA Y PARINACOTA,Arica y Parinacota,Gobierno Central,6,6,8260000000,8260000000,0,8260000000,0,0,0,0,0
2025,116226,I MUNICIPALIDAD DE SAN ESTEBAN,Valparaíso,Municipalidades,269,20,5863144945,5863144945,0,2371996408,3276565067,214583470,0,0,0
2026,116226,I MUNICIPALIDAD DE SAN ESTEBAN,Valparaíso,Municipalidades,204,2,9700456685,9700456685,0,8382110485,1248346200,70000000,0,0,0
2025,7209,DIRECCION GENERAL DEL CREDITO PRENDARIO,Metropolitana de Santiago,Gobierno Central,221,74,9611429999,9611429999,0,8071204799,640225200,900000000,0,0,0
2026,7209,DIRECCION GENERAL DEL CREDITO PRENDARIO,Metropolitana de Santiago,Gobierno Central,154,13,5937637694,5937637694,0,4847826467,1089811227,0,0,0,0
2025,115297,ILUSTRE MINICIPALIDAD DE COMBARBALA,Coquimbo,Municipalidades,204,85,7453956644,7453956644,0,7296050286,156706358,1200000,0,0,0
2026,115297,ILUSTRE MINICIPALIDAD DE COMBARBALA,Coquimbo,Municipalidades,321,106,8072679197,8072679197,0,7882026925,182792272,7860000,0,0,0
2025,115164,I MUNICIPALIDAD DE ILLAPEL,Coquimbo,Municipalidades,168,8,7726463960,7726463960,0,7448263960,199000000,79200000,0,0,0
2026,115164,I MUNICIPALIDAD DE ILLAPEL,Coquimbo,Municipalidades,153,9,7601746670,7601746670,0,7421746670,116000000,64000000,0,0,0
2025,7335,SERVICIO NACIONAL DE SALUD HOSPITAL DE PUERTO AYSEN,Aysén del Gral. Carlos Ibáñez del Campo,Hospitales,58,34,7244869988,7244869988,0,7226869988,0,18000000,0,0,0
2026,7335,SERVICIO NACIONAL DE SALUD HOSPITAL DE PUERTO AYSEN,Aysén del Gral. Carlos Ibáñez del Campo,Hospitales,98,29,8038252566,8038252566,0,6051230193,1417401000,569621373,0,0,0
2025,1890619,SERVICIO LOCAL DE EDUCACIÓN PÚBLICA DEL PINO,Metropolitana de Santiago,,123,2,9408218378,9408218378,0,5973809380,1169609000,2264799998,0,0,0
2026,1890619,SERVICIO LOCAL DE EDUCACIÓN PÚBLICA DEL PINO,Metropolitana de Santiago,,51,2,5757143711,5757143711,0,4377463711,407500000,972180000,0,0,0
2025,7310,SERVICIO DE SALUD MAGALLANES HOSPITAL DE PTO NATALES,Magallanes y de la Antártica Chilena,Hospitales,93,9,7837781704,7837781704,0,7837781704,0,0,0,0,0
2026,7310,SERVICIO DE SALUD MAGALLANES HOSPITAL DE PTO NATALES,Magallanes y de la Antártica Chilena,Hospitales,112,13,7310311517,7310311517,0,7147375270,157279148,5657099,0,0,0
2025,7008,SERV NACIONAL DE PESCA,Valparaíso,Gobierno Central,340,33,5758715656,5758715656,0,5196452539,222709488,339553629,0,0,0
2026,7008,SERV NACIONAL DE PESCA,Valparaíso,Gobierno Central,597,34,9359662900,9359662900,0,7849805542,773959061,735898297,0,0,0
2025,117179,ILUSTRE MUNICIPALIDAD DE PICHILEMU,Libertador Gral. Bernardo O'Higgins,Municipalidades,421,76,5183557447,5183557447,0,4888372447,236430000,58755000,0,0,0
2026,117179,ILUSTRE MUNICIPALIDAD DE PICHILEMU,Libertador Gral. Bernardo O'Higgins,Municipalidades,688,105,9826112096,9826112096,0,9591112096,235000000,0,0,0,0
2025,7086,AGENCIA CHILENA DE COOPERACION INTERNACIONAL PARA EL DESARROLLO,Metropolitana de Santiago,Gobierno Central,220,85,11011744098,11011744098,0,10160174478,685141928,166427692,0,0,0
2026,7086,AGENCIA CHILENA DE COOPERACION INTERNACIONAL PARA EL DESARROLLO,Metropolitana de Santiago,Gobierno Central,106,20,3802720353,3802720353,0,3794720353,8000000,0,0,0,0
2025,1890637,SERVICIO LOCAL DE EDUCACIÓN PÚBLICA SANTA CORINA,Metropolitana de Santiago,,70,2,8660461510,8660461510,0,8660461510,0,0,0,0,0
2026,1890637,SERVICIO LOCAL DE EDUCACIÓN PÚBLICA SANTA CORINA,Metropolitana de Santiago,,41,2,6108954563,6108954563,0,5726254563,382700000,0,0,0,0
2025,1820891,CORP MUNICIPAL DE PUNTA ARENAS PARA LA EDUCACION SALUD Y AT AL MENOR,Magallanes y de la Antártica Chilena,,260,42,7875937563,7875937563,0,7749676812,48169821,78090930,0,0,0
2026,1820891,CORP MUNICIPAL DE PUNTA ARENAS PARA LA EDUCACION SALUD Y AT AL MENOR,Magallanes y de la Antártica Chilena,,71,29,6811459997,6811459997,0,6811459997,0,0,0,0,0
2025,112097,I MUNICIPALIDAD DE LA GRANJA,Metropolitana de Santiago,Municipalidades,86,12,7170500460,7170500460,0,7012350460,0,158150000,0,0,0
2026,112097,I MUNICIPALIDAD DE LA GRANJA,Metropolitana de Santiago,Municipalidades,95,12,7503947006,7503947006,0,7488947006,0,15000000,0,0,0
2025,1854165,CORPORACION DE DESARROLLO SOCIAL DE BUIN,Metropolitana de Santiago,,106,12,6238059266,6238059266,0,5417561542,0,820497724,0,0,0
2026,1854165,CORPORACION DE DESARROLLO SOCIAL DE BUIN,Metropolitana de Santiago,,150,21,8379029591,8379029591,0,7486029605,0,892999986,0,0,0
2025,120788,I MUNICIPALIDAD DE LONGAVI,Maule,Municipalidades,156,3,8563694460,8563694460,0,8033112460,225500000,305082000,0,0,0
2026,120788,I MUNICIPALIDAD DE LONGAVI,Maule,Municipalidades,89,2,5915056000,5915056000,0,3764615000,1740541000,409900000,0,0,0
2025,113614,I MUNICIPALIDAD DE CASABLANCA,Valparaíso,Municipalidades,430,212,7511738469,7511738469,0,6195780275,903992644,411965550,0,0,0
2026,113614,I MUNICIPALIDAD DE CASABLANCA,Valparaíso,Municipalidades,431,168,6961128012,6961128012,0,6137135186,307451126,516541700,0,0,0
2025,1396697,CORP MUNICIPAL DE VALPARAISO PARA EL DESARROLLO SOCIAL,Valparaíso,,4072,33,9174501060,9174501060,0,9143261060,4920000,26320000,0,0,0
2026,1396697,CORP MUNICIPAL DE VALPARAISO PARA EL DESARROLLO SOCIAL,Valparaíso,,1904,24,5263809728,5263809728,0,5200422928,0,63386800,0,0,0
2025,6941,MINISTERIO DE BIENES NACIONALES,Metropolitana de Santiago,Gobierno Central,575,554,7935777603,7935777603,0,7195803393,0,739974210,0,0,0
2026,6941,MINISTERIO DE BIENES NACIONALES,Metropolitana de Santiago,Gobierno Central,456,434,6350578018,6350578018,0,4934860685,871543153,544174180,0,0,0
2025,6940,GOBIERNO REGIONAL IV REGION COQUIMBO,Coquimbo,Interior,132,10,8889046179,8889046179,0,7965831205,594659575,328555399,0,0,0
2026,6940,GOBIERNO REGIONAL IV REGION COQUIMBO,Coquimbo,Interior,149,12,5370444509,5370444509,0,4732014247,496129158,142301104,0,0,0
2025,118070,I MUNICIPALIDAD DE MAULE,Maule,Municipalidades,482,23,7274001900,7274001900,0,7274001900,0,0,0,0,0
2026,118070,I MUNICIPALIDAD DE MAULE,Maule,Municipalidades,345,27,6929975000,6929975000,0,5639814000,724731000,565430000,0,0,0
2025,7332,SERVICIO NACIONAL DE SALUD HOSPITAL DE CORONEL,Biobío,Hospitales,51,41,7269218456,7269218456,0,7259245637,0,9972819,0,0,0
2026,7332,SERVICIO NACIONAL DE SALUD HOSPITAL DE CORONEL,Biobío,Hospitales,50,47,6852704973,6852704973,0,6852704973,0,0,0,0,0
2025,118619,I MUNICIPALIDAD DE PERALILLO,Libertador Gral. Bernardo O'Higgins,Municipalidades,597,155,7257009826,7257009826,0,5726415068,866456722,664138036,0,0,0
2026,118619,I MUNICIPALIDAD DE PERALILLO,Libertador Gral. Bernardo O'Higgins,Municipalidades,707,163,6852268852,6852268852,0,5746658073,1104410779,1200000,0,0,0
2025,86943,I MUNICIPALIDAD DE PUCON,La Araucanía,Municipalidades,85,43,6491860932,6491860932,0,5486696937,550986867,454177128,0,0,0
2026,86943,I MUNICIPALIDAD DE PUCON,La Araucanía,Municipalidades,81,44,7573956410,7573956410,0,6696337317,612279093,265340000,0,0,0
2025,116411,I MUNICIPALIDAD DE PITRUFQUEN,La Araucanía,Municipalidades,1098,104,5741978386,5741978386,0,5540029587,198948799,3000000,0,0,0
2026,116411,I MUNICIPALIDAD DE PITRUFQUEN,La Araucanía,Municipalidades,568,133,8255286083,8255286083,0,7065242095,1138043988,52000000,0,0,0
2025,7373,CENTRO REFERENCIAL DE SALUD DR SALVADOR ALLENDE GOSSENS,Metropolitana de Santiago,Hospitales,28,13,6508823990,6508823990,0,6508823990,0,0,0,0,0
2026,7373,CENTRO REFERENCIAL DE SALUD DR SALVADOR ALLENDE GOSSENS,Metropolitana de Santiago,Hospitales,31,30,7422873000,7422873000,0,7422873000,0,0,0,0,0
2025,115168,I MUNICIPALIDAD DE CHONCHI,Los Lagos,Municipalidades,498,150,9884584328,9884584328,0,9826684328,46500000,11400000,0,0,0
2026,115168,I MUNICIPALIDAD DE CHONCHI,Los Lagos,Municipalidades,502,160,3955562292,3955562292,0,1838715121,2105146871,11700300,0,0,0
2025,6931,INSTITUTO NACIONAL DE ESTADISTICAS,Metropolitana de Santiago,Gobierno Central,391,57,5511406983,5511406983,0,5124181618,66221298,321004067,0,0,0
2026,6931,INSTITUTO NACIONAL DE ESTADISTICAS,Metropolitana de Santiago,Gobierno Central,430,62,8292672706,8292672706,0,7137315370,1125773830,29583506,0,0,0
2025,1110112,"CORPORACION MUNICIPAL DE EDUCACION,SALUD,CULTURA Y ATENCION AL MENOR,",Valparaíso,,69,4,5640794237,5640794237,0,5587035907,0,53758330,0,0,0
2026,1110112,"CORPORACION MUNICIPAL DE EDUCACION,SALUD,CULTURA Y ATENCION AL MENOR,",Valparaíso,,93,3,8074371143,8074371143,0,8074371143,0,0,0,0,0
2025,99569,I MUNICIPALIDAD DE CARTAGENA,Valparaíso,Municipalidades,121,114,4848715439,4848715439,0,4291872289,489843150,67000000,0,0,0
2026,99569,I MUNICIPALIDAD DE CARTAGENA,Valparaíso,Municipalidades,238,218,8812273087,8812273087,0,7997616953,717656134,97000000,0,0,0
2025,118075,I MUNICIPALIDAD PAIHUANO,Coquimbo,Municipalidades,150,5,6900220272,6900220272,0,6900220272,0,0,0,0,0
2026,118075,I MUNICIPALIDAD PAIHUANO,Coquimbo,Municipalidades,131,4,6634392272,6634392272,0,6634392272,0,0,0,0,0
2025,1309788,SUPERINTENDENCIA DE EDUCACION ESCOLAR,Metropolitana de Santiago,,249,25,5997714112,5997714112,0,4917099869,590300451,490313792,0,0,0
2026,1309788,SUPERINTENDENCIA DE EDUCACION ESCOLAR,Metropolitana de Santiago,,350,25,7448918981,7448918981,0,6174342667,595186874,679389440,0,0,0
2025,278907,SERVICIO REGIONAL DE LA VIVIENDA Y URBAN,Arica y Parinacota,Obras,31,30,4270177110,4270177110,0,4250550310,11826800,7800000,0,0,0
2026,278907,SERVICIO REGIONAL DE LA VIVIENDA Y URBAN,Arica y Parinacota,Obras,42,33,9170723604,9170723604,0,8366112024,0,804611580,0,0,0
2025,7081,SUBSECRETARIA DE DESARROLLO REGIONAL Y ADMINISTRATIVO,Metropolitana de Santiago,Interior,231,189,8202690434,8202690434,0,6371913862,1819116851,11659721,0,0,0
2026,7081,SUBSECRETARIA DE DESARROLLO REGIONAL Y ADMINISTRATIVO,Metropolitana de Santiago,Interior,166,166,5201235500,5201235500,0,4207575500,964100000,29560000,0,0,0
2025,1033466,CORPORACION MUNICIPAL DE EDUCACION Y SALUD DE SAN BERNARDO,Metropolitana de Santiago,Aplicación Auditoria,24,1,7506134440,7506134440,0,7506134440,0,0,0,0,0
2026,1033466,CORPORACION MUNICIPAL DE EDUCACION Y SALUD DE SAN BERNARDO,Metropolitana de Santiago,Aplicación Auditoria,22,1,5770244191,5770244191,0,5770244191,0,0,0,0,0
2025,1934667,HOSPITAL DE ALTO HOSPICIO,Tarapacá,,1,1,8092000,8092000,0,8092000,0,0,0,0,0
2026,1934667,HOSPITAL DE ALTO HOSPICIO,Tarapacá,,131,122,13194625364,13194625364,0,11655736683,1276398609,262490072,0,0,0
2025,7078,SUBSECRETARIA DE ECONOMIA Y EMPRESAS DE MENOR TAMANO,Metropolitana de Santiago,Gobierno Central,220,15,9885372547,9885372547,0,7467730079,1153847434,1263795034,0,0,0
2026,7078,SUBSECRETARIA DE ECONOMIA Y EMPRESAS DE MENOR TAMANO,Metropolitana de Santiago,Gobierno Central,89,13,3308408989,3308408989,0,2725569927,510968767,71870295,0,0,0
2025,1820915,Servicio Local de Educación Pública Punilla Cordillera,Ñuble,,53,2,7194409991,7194409991,0,6666899000,505410991,22100000,0,0,0
2026,1820915,Servicio Local de Educación Pública Punilla Cordillera,Ñuble,,85,2,5997698396,5997698396,0,5522349284,475349112,0,0,0,0
2025,99805,UNIVERSIDAD DEL BIO BIO,Biobío,Universidades,13,13,5885489679,5885489679,0,5885489679,0,0,0,0,0
2026,99805,UNIVERSIDAD DEL BIO BIO,Biobío,Universidades,13,13,7260063384,7260063384,0,7260063384,0,0,0,0,0
2025,119994,I MUNICIPALIDAD DE LONQUIMAY,La Araucanía,Municipalidades,3961,299,6261667537,6261667537,0,1533686783,3288660542,1439320212,0,0,0
2026,119994,I MUNICIPALIDAD DE LONQUIMAY,La Araucanía,Municipalidades,3555,373,6807255123,6807255123,0,2663898456,3827344374,316012293,0,0,0
2025,1344662,CORP.MUNICIPAL GABRIEL GONZALEZ VIDELA DE LA SERENA,Coquimbo,,267,6,12932782582,12932782582,0,12932782582,0,0,0,0,0
2026,1344662,CORP.MUNICIPAL GABRIEL GONZALEZ VIDELA DE LA SERENA,Coquimbo,,8,1,19000000,19000000,0,19000000,0,0,0,0,0
2025,141881,I.MUNICIPALIDAD DE ROMERAL,Maule,Municipalidades,1440,124,6714156632,6714156632,0,4477989070,1789564558,446603004,0,0,0
2026,141881,I.MUNICIPALIDAD DE ROMERAL,Maule,Municipalidades,1002,80,6221950687,6221950687,0,4502490616,1478305629,241154442,0,0,0
2025,1972213,SERVICIO LOCAL DE EDUCACIÓN PÚBLICA DE LOS ÁLAMOS,Maule,,124,13,1042956145,1042956145,0,1042956145,0,0,0,0,0
2026,1972213,SERVICIO LOCAL DE EDUCACIÓN PÚBLICA DE LOS ÁLAMOS,Maule,,188,6,11892571276,11892571276,0,11892571276,0,0,0,0,0
2025,116215,I MUNICIPALIDAD DE REQUINOA,Libertador Gral. Bernardo O'Higgins,Municipalidades,338,97,5639804418,5639804418,0,4934261054,110175939,595367425,0,0,0
2026,116215,I MUNICIPALIDAD DE REQUINOA,Libertador Gral. Bernardo O'Higgins,Municipalidades,346,99,7145548704,7145548704,0,6788425160,90500000,266623544,0,0,0
2025,6927,DIRECCION PREVISION DE CARABINEROS DE CHILE,Metropolitana de Santiago,Gobierno Central,169,2,6471677086,6471677086,0,4803838219,707338324,960500543,0,0,0
2026,6927,DIRECCION PREVISION DE CARABINEROS DE CHILE,Metropolitana de Santiago,Gobierno Central,157,2,6300392994,6300392994,0,4792635249,1296757745,211000000,0,0,0
2025,1129189,COMISION DEL SISTEMA NACIONAL DE CERTIFICACION DE COMPETENCIAS LABORALES,Metropolitana de Santiago,,88,46,6786925802,6786925802,0,6470210802,250515000,66200000,0,0,0
2026,1129189,COMISION DEL SISTEMA NACIONAL DE CERTIFICACION DE COMPETENCIAS LABORALES,Metropolitana de Santiago,,67,67,5885938040,5885938040,0,5390354090,294690980,200892970,0,0,0
2025,106170,I MUNICIPALIDAD DE HUALAIHUE,Los Lagos,Municipalidades,80,35,7192256949,7192256949,0,7192256949,0,0,0,0,0
2026,106170,I MUNICIPALIDAD DE HUALAIHUE,Los Lagos,Municipalidades,122,56,5237126331,5237126331,0,5144496331,79630000,13000000,0,0,0
2025,124203,Ilustre Municipalidad de Galvarino,La Araucanía,Municipalidades,482,51,6428409842,6428409842,0,4879079827,1359618785,189711230,0,0,0
2026,124203,Ilustre Municipalidad de Galvarino,La Araucanía,Municipalidades,688,82,5945714314,5945714314,0,4118175634,1820538680,7000000,0,0,0
2025,1717137,SERVICIO LOCAL DE EDUCACION PUBLICA DE LLANQUIHUE,Los Lagos,,50,19,4366000000,4366000000,0,4366000000,0,0,0,0,0
2026,1717137,SERVICIO LOCAL DE EDUCACION PUBLICA DE LLANQUIHUE,Los Lagos,,74,17,7978846148,7978846148,0,7978846148,0,0,0,0,0
2025,1820906,Servicio Local de Educación Pública Iquique,Tarapacá,,61,55,6789827698,6789827698,0,6749587698,0,40240000,0,0,0
2026,1820906,Servicio Local de Educación Pública Iquique,Tarapacá,,25,25,5489467260,5489467260,0,5489467260,0,0,0,0,0
2025,1820911,Servicio Local de Educación Pública Magallanes,Magallanes y de la Antártica Chilena,,76,60,6640824696,6640824696,0,5658815907,802481324,179527465,0,0,0
2026,1820911,Servicio Local de Educación Pública Magallanes,Magallanes y de la Antártica Chilena,,81,81,5632000160,5632000160,0,5217578160,215022000,199400000,0,0,0
2025,116296,I MUNICIPALIDAD DE LAS CABRAS,Libertador Gral. Bernardo O'Higgins,Municipalidades,282,173,5744708798,5744708798,0,5293743580,279900000,171065218,0,0,0
2026,116296,I MUNICIPALIDAD DE LAS CABRAS,Libertador Gral. Bernardo O'Higgins,Municipalidades,392,262,6491871318,6491871318,0,5928771318,478600000,84500000,0,0,0
2025,135559,I MUNICIPALIDAD DE SAN VICENTE,Libertador Gral. Bernardo O'Higgins,Municipalidades,55,15,4287212000,4287212000,0,4114271000,0,172941000,0,0,0
2026,135559,I MUNICIPALIDAD DE SAN VICENTE,Libertador Gral. Bernardo O'Higgins,Municipalidades,151,35,7892468089,7892468089,0,6843072842,1049037757,357490,0,0,0
2025,128889,I MUNICIPALIDAD DE SAN FABIAN,Ñuble,Municipalidades,135,5,1849104260,1849104260,0,1757504262,84099998,7500000,0,0,0
2026,128889,I MUNICIPALIDAD DE SAN FABIAN,Ñuble,Municipalidades,141,5,10315329615,10315329615,0,10315329615,0,0,0,0,0
2025,118621,I MUNICIPALIDAD DE PICHIDEGUA,Libertador Gral. Bernardo O'Higgins,Municipalidades,945,3,5471862568,5471862568,0,3817030267,1215540261,439292040,0,0,0
2026,118621,I MUNICIPALIDAD DE PICHIDEGUA,Libertador Gral. Bernardo O'Higgins,Municipalidades,667,4,6633439857,6633439857,0,6612339871,0,21099986,0,0,0
2025,103916,UNIVERSIDAD DE ATACAMA,Atacama,Universidades,77,32,5814173668,5814173668,0,4524000000,1123173668,167000000,0,0,0
2026,103916,UNIVERSIDAD DE ATACAMA,Atacama,Universidades,81,34,6207017261,6207017261,0,4285755545,1374187248,547074468,0,0,0
2025,1530575,CENTRO DE REFERENCIA DE SALUD HOSPITAL PROVINCIA CORDILLERA,Metropolitana de Santiago,,70,42,7747691560,7747691560,0,7747691560,0,0,0,0,0
2026,1530575,CENTRO DE REFERENCIA DE SALUD HOSPITAL PROVINCIA CORDILLERA,Metropolitana de Santiago,,50,49,4210046966,4210046966,0,4046230821,163816145,0,0,0,0
2025,156657,Cámara de Diputados de Chile,Valparaíso,"Contraloría, Congreso y Poder judicial",87,36,6724379579,6724379579,0,6628875579,0,95504000,0,0,0
2026,156657,Cámara de Diputados de Chile,Valparaíso,"Contraloría, Congreso y Poder judicial",41,41,5198415428,5198415428,0,5198415428,0,0,0,0,0
2025,7256,SERVICIO DE SALUD DEL MAULE HOSPITAL DE CAUQUENES,Maule,Hospitales,456,86,4731867961,4731867961,0,4713667961,2200000,16000000,0,0,0
2026,7256,SERVICIO DE SALUD DEL MAULE HOSPITAL DE CAUQUENES,Maule,Hospitales,255,69,7133837352,7133837352,0,7047084992,84252360,2500000,0,0,0
2025,1674056,DIRECCION GENERAL DE PROMOCION DE EXPORTACIONES,Metropolitana de Santiago,Gobierno Central,85,41,5090958621,5090958621,0,4026199726,1062057595,2701300,0,0,0
2026,1674056,DIRECCION GENERAL DE PROMOCION DE EXPORTACIONES,Metropolitana de Santiago,Gobierno Central,227,99,6673990012,6673990012,0,6264900109,303429903,105660000,0,0,0
2025,100049,I MUNICIPALIDAD DE AYSEN,Aysén del Gral. Carlos Ibáñez del Campo,Municipalidades,69,68,5469353000,5469353000,0,4271961000,0,1197392000,0,0,0
2026,100049,I MUNICIPALIDAD DE AYSEN,Aysén del Gral. Carlos Ibáñez del Campo,Municipalidades,124,14,6131567000,6131567000,0,6131567000,0,0,0,0,0
2025,7180,SERVICIO NACIONAL DE PREVENCIÓN Y RESPUESTA ANTE DESASTRES,Metropolitana de Santiago,Interior,244,22,8085632619,8085632619,0,5522662620,755365767,1807604232,0,0,0
2026,7180,SERVICIO NACIONAL DE PREVENCIÓN Y RESPUESTA ANTE DESASTRES,Metropolitana de Santiago,Interior,385,13,3480699809,3480699809,0,2203569891,1048496604,228633314,0,0,0
2025,1959820,SERVICIO LOCAL DE EDUCACIÓN PÚBLICA ACONCAGUA,Valparaíso,,0,0,0,0,0,0,0,0,0,0,0
2026,1959820,SERVICIO LOCAL DE EDUCACIÓN PÚBLICA ACONCAGUA,Valparaíso,,126,2,11526199199,11526199199,0,3627293759,6882405440,1016500000,0,0,0
2025,90886,I MUNICIPALIDAD DE PADRE LAS CASAS,La Araucanía,Municipalidades,301,27,6949543022,6949543022,0,5181550383,527111389,1240881250,0,0,0
2026,90886,I MUNICIPALIDAD DE PADRE LAS CASAS,La Araucanía,Municipalidades,393,28,4574091497,4574091497,0,3772949591,800826906,315000,0,0,0
2025,113853,I MUNICIPALIDAD DE COLLIPULLI,La Araucanía,Municipalidades,795,95,5283226215,5283226215,0,3415092884,1420620608,447512723,0,0,0
2026,113853,I MUNICIPALIDAD DE COLLIPULLI,La Araucanía,Municipalidades,867,128,6230733871,6230733871,0,2374476535,3360791832,495465504,0,0,0
2025,7317,CENTRO DE REFERENCIA DE SALUD DE MAIPU,Metropolitana de Santiago,Hospitales,53,53,5679038421,5679038421,0,5238504137,440534284,0,0,0,0
2026,7317,CENTRO DE REFERENCIA DE SALUD DE MAIPU,Metropolitana de Santiago,Hospitales,57,57,5820556598,5820556598,0,5386564102,433992496,0,0,0,0
2025,7137,HOSPITAL COMUNITARIO DE SALUD FAMILIAR DE BULNES,Ñuble,Hospitales,102,12,7453664880,7453664880,0,6644272027,809392853,0,0,0,0
2026,7137,HOSPITAL COMUNITARIO DE SALUD FAMILIAR DE BULNES,Ñuble,Hospitales,54,54,3931763564,3931763564,0,3769577611,162185953,0,0,0,0
2025,1975701,SERVICIO LOCAL DE EDUCACIÓN PÚBLICA DE CHILOÉ,Los Lagos,,37,37,4405906360,4405906360,0,1856660060,2549246300,0,0,0,0
2026,1975701,SERVICIO LOCAL DE EDUCACIÓN PÚBLICA DE CHILOÉ,Los Lagos,,33,33,6952997520,6952997520,0,6952997520,0,0,0,0,0
2025,7114,SUPERINTENDENCIA DE SEGURIDAD SOCIAL,Metropolitana de Santiago,Gobierno Central,125,8,5323514533,5323514533,0,4000044060,0,1323470473,0,0,0
2026,7114,SUPERINTENDENCIA DE SEGURIDAD SOCIAL,Metropolitana de Santiago,Gobierno Central,37,1,5928263799,5928263799,0,5706132890,4000000,218130909,0,0,0
2025,98280,I MUNICIPALIDAD DE PUTAENDO,Valparaíso,Municipalidades,110,4,4239834577,4239834577,0,3438634577,361100000,440100000,0,0,0
2026,98280,I MUNICIPALIDAD DE PUTAENDO,Valparaíso,Municipalidades,76,3,6960096151,6960096151,0,6319096151,641000000,0,0,0,0
2025,113978,I MUNICIPALIDAD DE PELLUHUE,Maule,Municipalidades,667,598,5143702371,5143702371,0,3834929876,1283081119,25691376,0,0,0
2026,113978,I MUNICIPALIDAD DE PELLUHUE,Maule,Municipalidades,620,506,5888225902,5888225902,0,4257648485,1585711152,44866265,0,0,0
2025,7429,SERVICIO DE SALUD VALDIVIA HOSPITAL LA U,Los Ríos,Hospitales,1517,57,6054780449,6054780449,0,6048266153,0,6514296,0,0,0
2026,7429,SERVICIO DE SALUD VALDIVIA HOSPITAL LA U,Los Ríos,Hospitales,1144,50,4960046907,4960046907,0,4960046907,0,0,0,0,0
2025,1801813,CORP MUNICIPAL DE CONCHALI DE EDUCACION SALUD Y ATENCION DE MENORES,Metropolitana de Santiago,,76,40,5231189945,5231189945,0,5231189945,0,0,0,0,0
2026,1801813,CORP MUNICIPAL DE CONCHALI DE EDUCACION SALUD Y ATENCION DE MENORES,Metropolitana de Santiago,,73,49,5689298224,5689298224,0,5689298224,0,0,0,0,0
2025,1101613,CORP DE DESARROLLO SOCIAL DE PROVIDENCIA,Metropolitana de Santiago,,547,2,1613768720,1613768720,0,509790122,621049587,482929011,0,0,0
2026,1101613,CORP DE DESARROLLO SOCIAL DE PROVIDENCIA,Metropolitana de Santiago,,239,38,9109173658,9109173658,0,7781834510,1215853630,111485518,0,0,0
2025,7356,ILUSTRE MUNICIPALIDAD  DE SAGRADA FAMILIA,Maule,Municipalidades,208,45,5898094996,5898094996,0,4445730000,35000000,1417364996,0,0,0
2026,7356,ILUSTRE MUNICIPALIDAD  DE SAGRADA FAMILIA,Maule,Municipalidades,178,36,4736712000,4736712000,0,3883712000,758500000,94500000,0,0,0
2025,1890597,SERVICIO LOCAL DE EDUCACIÓN PÚBLICA DE ANDALIÉN COSTA,Biobío,,34,20,3908289000,3908289000,0,3908289000,0,0,0,0,0
2026,1890597,SERVICIO LOCAL DE EDUCACIÓN PÚBLICA DE ANDALIÉN COSTA,Biobío,,46,39,6690507035,6690507035,0,6690507035,0,0,0,0,0
2025,1620745,CENTRO DE FORMACION TECNICA DE LA REGION DE TARAPACA,Tarapacá,,32,10,5036493675,5036493675,0,4984017914,0,52475761,0,0,0
2026,1620745,CENTRO DE FORMACION TECNICA DE LA REGION DE TARAPACA,Tarapacá,,63,6,5535389814,5535389814,0,5535389814,0,0,0,0,0
2025,119270,I MUNICIPALIDAD DE PUCHUNCAVI,Valparaíso,Municipalidades,97,12,5641201000,5641201000,0,5628201000,13000000,0,0,0,0
2026,119270,I MUNICIPALIDAD DE PUCHUNCAVI,Valparaíso,Municipalidades,100,2,4929925000,4929925000,0,3635500000,1294425000,0,0,0,0
2025,1890640,SERVICIO LOCAL DE EDUCACIÓN PÚBLICA SANTA ROSA,Metropolitana de Santiago,,101,22,6310766166,6310766166,0,5855512338,387824828,67429000,0,0,0
2026,1890640,SERVICIO LOCAL DE EDUCACIÓN PÚBLICA SANTA ROSA,Metropolitana de Santiago,,105,15,4221253922,4221253922,0,4221253922,0,0,0,0,0
2025,114398,I MUNICIPALIDAD DE LICANTEN,Maule,Municipalidades,521,171,5498730761,5498730761,0,3732634761,1428476000,337620000,0,0,0
2026,114398,I MUNICIPALIDAD DE LICANTEN,Maule,Municipalidades,454,163,4999798138,4999798138,0,4349508138,315600000,334690000,0,0,0
2025,1971699,ASOCIACION DE MUNICIPALIDADES PARA LA SEGURIDAD CIUDADANA EN LA ZONA ORIENTE,Metropolitana de Santiago,,128,5,3675596468,3675596468,0,2875103188,347859497,452633783,0,0,0
2026,1971699,ASOCIACION DE MUNICIPALIDADES PARA LA SEGURIDAD CIUDADANA EN LA ZONA ORIENTE,Metropolitana de Santiago,,92,1,6735136582,6735136582,0,4927440524,1483476548,324219510,0,0,0
2025,7192,SUPERINTENDENCIA DE SERVICIOS SANITARIOS,Metropolitana de Santiago,Obras,62,59,7525435378,7525435378,0,7410910378,8000000,106525000,0,0,0
2026,7192,SUPERINTENDENCIA DE SERVICIOS SANITARIOS,Metropolitana de Santiago,Obras,106,11,2847784858,2847784858,0,2042475334,700859524,104450000,0,0,0
2025,118096,I MUNICIPALIDAD DE LEBU,Biobío,Municipalidades,195,58,5803707682,5803707682,0,3373566682,942726000,1487415000,0,0,0
2026,118096,I MUNICIPALIDAD DE LEBU,Biobío,Municipalidades,240,127,4510045708,4510045708,0,3184387306,1088658402,237000000,0,0,0
2025,98452,I MUNICIPALIDAD DE ANCUD,Los Lagos,Municipalidades,105,35,1812631220,1812631220,0,1242296060,563000000,7335160,0,0,0
2026,98452,I MUNICIPALIDAD DE ANCUD,Los Lagos,Municipalidades,126,42,8472792465,8472792465,0,7347238553,647626787,477927125,0,0,0
2025,7223,GOBIERNO REGIONAL VII REGION,Maule,Interior,65,2,4230472431,4230472431,0,4025972431,15000000,189500000,0,0,0
2026,7223,GOBIERNO REGIONAL VII REGION,Maule,Interior,80,2,6052100244,6052100244,0,5567462244,163138000,321500000,0,0,0
2025,115186,I MUNICIPALIDAD DE CARAHUE,La Araucanía,Municipalidades,403,83,4283710200,4283710200,0,4240519276,0,43190924,0,0,0
2026,115186,I MUNICIPALIDAD DE CARAHUE,La Araucanía,Municipalidades,545,113,5970288672,5970288672,0,4888000540,801116132,281172000,0,0,0
2025,1803814,CORP MUNICIPAL PARA EL DESARROLLO SOCIAL,Valparaíso,,5300,41,6050750770,6050750770,0,6050750770,0,0,0,0,0
2026,1803814,CORP MUNICIPAL PARA EL DESARROLLO SOCIAL,Valparaíso,,1312,21,4172605139,4172605139,0,4172605139,0,0,0,0,0
2025,119273,I MUNICIPALIDAD DE OLIVAR,Libertador Gral. Bernardo O'Higgins,Municipalidades,95,17,5642286000,5642286000,0,4004826000,1038360000,599100000,0,0,0
2026,119273,I MUNICIPALIDAD DE OLIVAR,Libertador Gral. Bernardo O'Higgins,Municipalidades,91,3,4569824000,4569824000,0,4409824000,160000000,0,0,0,0
2025,113255,I MUNICIPALIDAD DE LA CRUZ,Valparaíso,Municipalidades,189,169,3044357331,3044357331,0,2618289277,301818054,124250000,0,0,0
2026,113255,I MUNICIPALIDAD DE LA CRUZ,Valparaíso,Municipalidades,175,161,7055498075,7055498075,0,6762980075,253518000,39000000,0,0,0
2025,115468,I MUNICIPALIDAD DE NOGALES,Valparaíso,Municipalidades,338,336,5007134637,5007134637,0,4862207637,144927000,0,0,0,0
2026,115468,I MUNICIPALIDAD DE NOGALES,Valparaíso,Municipalidades,317,175,5090934582,5090934582,0,5090934582,0,0,0,0,0
2025,257227,UNIVERSIDAD DE MAGALLANES,Magallanes y de la Antártica Chilena,Universidades,18,18,945649200,945649200,0,643649200,302000000,0,0,0,0
2026,257227,UNIVERSIDAD DE MAGALLANES,Magallanes y de la Antártica Chilena,Universidades,52,30,9146472604,9146472604,0,6883472604,2133000000,130000000,0,0,0
2025,118620,I MUNICIPALIDAD DE LOS ALAMOS DEPTO COMUNAL,Biobío,Municipalidades,189,3,4812883000,4812883000,0,4135493000,640060000,37330000,0,0,0
2026,118620,I MUNICIPALIDAD DE LOS ALAMOS DEPTO COMUNAL,Biobío,Municipalidades,168,3,5256463920,5256463920,0,4493613916,618050004,144800000,0,0,0
2025,7238,PRESIDENCIA DE LA REPUBLICA,Metropolitana de Santiago,Gobierno Central,203,17,6551097154,6551097154,0,6551097154,0,0,0,0,0
2026,7238,PRESIDENCIA DE LA REPUBLICA,Metropolitana de Santiago,Gobierno Central,45,11,3490095000,3490095000,0,3430837000,14500000,44758000,0,0,0
2025,1717135,SERVICIO LOCAL DE EDUCACION PUBLICA DE COLCHAGUA,Libertador Gral. Bernardo O'Higgins,,85,2,3008868329,3008868329,0,2769407366,199128888,40332075,0,0,0
2026,1717135,SERVICIO LOCAL DE EDUCACION PUBLICA DE COLCHAGUA,Libertador Gral. Bernardo O'Higgins,,102,2,6942454161,6942454161,0,6942454161,0,0,0,0,0
2025,7363,I MUNICIPALIDAD DE VILLA ALEGRE,Maule,Municipalidades,448,42,5464778644,5464778644,0,3292171537,1855484811,317122296,0,0,0
2026,7363,I MUNICIPALIDAD DE VILLA ALEGRE,Maule,Municipalidades,547,25,4397000476,4397000476,0,2702031805,1575759539,119209132,0,0,0
2025,7434,SERVICIO DE SALUD BIO BIO HOSPITAL DE MULCHEN,Biobío,Hospitales,116,33,5364306000,5364306000,0,4179706000,1184600000,0,0,0,0
2026,7434,SERVICIO DE SALUD BIO BIO HOSPITAL DE MULCHEN,Biobío,Hospitales,91,35,4490782550,4490782550,0,4161932550,326250000,2600000,0,0,0
2025,7405,SERVICIO DE SALUD SUR HOSPITAL SAN LUIS,Metropolitana de Santiago,Hospitales,52,42,5861899000,5861899000,0,4341499000,1520400000,0,0,0,0
2026,7405,SERVICIO DE SALUD SUR HOSPITAL SAN LUIS,Metropolitana de Santiago,Hospitales,49,49,3863220000,3863220000,0,2424820000,1438400000,0,0,0,0
2025,7213,Comisión Nacional de Investigación Científica y Tecnológicas - CONICYT,Metropolitana de Santiago,Gobierno Central,16,8,4486466247,4486466247,0,4486466247,0,0,0,0,0
2026,7213,Comisión Nacional de Investigación Científica y Tecnológicas - CONICYT,Metropolitana de Santiago,Gobierno Central,25,12,5224077144,5224077144,0,5132396344,56680800,35000000,0,0,0
2025,1999048,CORP MUNICIPAL DE DESARROLLO SOCIAL DE IQUIQUE,Tarapacá,,3015,49,4222658528,4222658528,0,4190554329,32104199,0,0,0,0
2026,1999048,CORP MUNICIPAL DE DESARROLLO SOCIAL DE IQUIQUE,Tarapacá,,50,23,5451000000,5451000000,0,5451000000,0,0,0,0,0
2025,113738,I MUNICIPALIDAD DE MARIA ELENA,Antofagasta,Municipalidades,52,11,5777410509,5777410509,0,5770410509,0,7000000,0,0,0
2026,113738,I MUNICIPALIDAD DE MARIA ELENA,Antofagasta,Municipalidades,45,10,3883795950,3883795950,0,3883795950,0,0,0,0,0
2025,7219,Comisión Chilena de Energía Nuclear,Metropolitana de Santiago,Gobierno Central,238,12,4491870914,4491870914,0,4335120914,156750000,0,0,0,0
2026,7219,Comisión Chilena de Energía Nuclear,Metropolitana de Santiago,Gobierno Central,330,15,5143593021,5143593021,0,5143593021,0,0,0,0,0
2025,118069,I MUNICIPALIDAD DE BULNES,Ñuble,Municipalidades,483,26,4597608816,4597608816,0,3968896014,593712802,35000000,0,0,0
2026,118069,I MUNICIPALIDAD DE BULNES,Ñuble,Municipalidades,422,23,5031095263,5031095263,0,3827890143,781033990,422171130,0,0,0
2025,1224636,AGENCIA CHILENA DE EFICIENCIA ENERGETICA,Metropolitana de Santiago,Gobierno Central,188,10,7129073116,7129073116,0,6366549808,348274004,414249304,0,0,0
2026,1224636,AGENCIA CHILENA DE EFICIENCIA ENERGETICA,Metropolitana de Santiago,Gobierno Central,93,11,2466051185,2466051185,0,2022481728,378545457,65024000,0,0,0
2025,1890618,SERVICIO LOCAL DE EDUCACIÓN PÚBLICA DE COSTA CENTRAL,Valparaíso,,97,37,2780628876,2780628876,0,970682568,376635757,1433310551,0,0,0
2026,1890618,SERVICIO LOCAL DE EDUCACIÓN PÚBLICA DE COSTA CENTRAL,Valparaíso,,32,28,6699999000,6699999000,0,6021169000,612830000,66000000,0,0,0
2025,115313,I MUNICIPALIDAD DE SAAVEDRA,La Araucanía,Municipalidades,190,38,4625605207,4625605207,0,3426083656,992271552,207249999,0,0,0
2026,115313,I MUNICIPALIDAD DE SAAVEDRA,La Araucanía,Municipalidades,145,32,4726585158,4726585158,0,2962181052,1747283390,17120716,0,0,0
2025,118623,I MUNICIPALIDAD DE SANTA JUANA,Biobío,Municipalidades,92,92,4295997000,4295997000,0,3541962000,730035000,24000000,0,0,0
2026,118623,I MUNICIPALIDAD DE SANTA JUANA,Biobío,Municipalidades,151,110,5005705000,5005705000,0,3788710000,908585000,308410000,0,0,0
2025,87373,I MUNICIPALIDAD DE LO PRADO,Metropolitana de Santiago,Municipalidades,37,11,903374410,903374410,0,903374410,0,0,0,0,0
2026,87373,I MUNICIPALIDAD DE LO PRADO,Metropolitana de Santiago,Municipalidades,169,21,8381794571,8381794571,0,8381794571,0,0,0,0,0
2025,106880,I MUNICIPALIDAD DE FUTRONO,Los Ríos,Municipalidades,168,3,4673389459,4673389459,0,4325499459,289090000,58800000,0,0,0
2026,106880,I MUNICIPALIDAD DE FUTRONO,Los Ríos,Municipalidades,151,3,4609109000,4609109000,0,4013734000,560175000,35200000,0,0,0
2025,7127,DIRECCION GENERAL DE MOVILIZACIONN NACIONAL,Metropolitana de Santiago,Gobierno Central,130,111,4621993832,4621993832,0,4125005028,128592323,368396481,0,0,0
2026,7127,DIRECCION GENERAL DE MOVILIZACIONN NACIONAL,Metropolitana de Santiago,Gobierno Central,105,85,4631184961,4631184961,0,4631184961,0,0,0,0,0
2025,142575,I MUNICIPALIDAD DE PENCO,Biobío,Municipalidades,110,9,4080900000,4080900000,0,3317093000,306344000,457463000,0,0,0
2026,142575,I MUNICIPALIDAD DE PENCO,Biobío,Municipalidades,123,8,5130967000,5130967000,0,4588904000,503863000,38200000,0,0,0
2025,116404,I MUNICIPALIDAD DE CHIMBARONGO,Libertador Gral. Bernardo O'Higgins,Municipalidades,467,107,6962797000,6962797000,0,6793647000,166150000,3000000,0,0,0
2026,116404,I MUNICIPALIDAD DE CHIMBARONGO,Libertador Gral. Bernardo O'Higgins,Municipalidades,95,8,2201942569,2201942569,0,1751900569,434400000,15642000,0,0,0
2025,1689493,"SUBSECRETARIA DE CIENCIA, TECNOLOGIA, CONOCIMIENTO E INNOVACION",Metropolitana de Santiago,Gobierno Central,135,7,4536818730,4536818730,0,3958575193,475568548,102674989,0,0,0
2026,1689493,"SUBSECRETARIA DE CIENCIA, TECNOLOGIA, CONOCIMIENTO E INNOVACION",Metropolitana de Santiago,Gobierno Central,197,22,4580919783,4580919783,0,4461299979,77469804,42150000,0,0,0
2025,7158,I MUNICIPALIDAD DE SAN NICOLAS,Ñuble,Municipalidades,127,3,4547258000,4547258000,0,2663600000,1793658000,90000000,0,0,0
2026,7158,I MUNICIPALIDAD DE SAN NICOLAS,Ñuble,Municipalidades,149,3,4442550000,4442550000,0,4302550000,0,140000000,0,0,0
2025,109196,I MUNICIPALIDAD DE CHANARAL,Atacama,Municipalidades,50,3,4107583845,4107583845,0,3956583845,141000000,10000000,0,0,0
2026,109196,I MUNICIPALIDAD DE CHANARAL,Atacama,Municipalidades,52,3,4874650180,4874650180,0,4792650180,82000000,0,0,0,0
2025,116750,I MUNICIPALIDAD DE NANCAGUA,Libertador Gral. Bernardo O'Higgins,Municipalidades,61,61,3007841498,3007841498,0,2201418936,806422562,0,0,0,0
2026,116750,I MUNICIPALIDAD DE NANCAGUA,Libertador Gral. Bernardo O'Higgins,Municipalidades,266,77,5902194377,5902194377,0,4913125196,988969181,100000,0,0,0
2025,117582,Ilustre Municipalidad de Tolten,La Araucanía,Municipalidades,420,59,4182874298,4182874298,0,3812952868,0,369921430,0,0,0
2026,117582,Ilustre Municipalidad de Tolten,La Araucanía,Municipalidades,421,34,4718136845,4718136845,0,2825134681,0,1893002164,0,0,0
2025,1189679,INSTITUTO NACIONAL DE DERECHOS HUMANOS,Metropolitana de Santiago,,93,4,6293622000,6293622000,0,5170278280,1030843720,92500000,0,0,0
2026,1189679,INSTITUTO NACIONAL DE DERECHOS HUMANOS,Metropolitana de Santiago,,54,4,2564326000,2564326000,0,1855926000,681400000,27000000,0,0,0
2025,116733,I MUNICIPALIDAD DE HIJUELAS,Valparaíso,Municipalidades,316,73,3717916119,3717916119,0,2873021599,788372670,56521850,0,0,0
2026,116733,I MUNICIPALIDAD DE HIJUELAS,Valparaíso,Municipalidades,445,57,5084212968,5084212968,0,3843640143,1225703241,14869584,0,0,0
2025,113428,I MUNICIPALIDAD DE SAN PEDRO DE ATACAMA,Antofagasta,Municipalidades,114,48,3644430031,3644430031,0,3352893579,201936452,89600000,0,0,0
2026,113428,I MUNICIPALIDAD DE SAN PEDRO DE ATACAMA,Antofagasta,Municipalidades,166,63,5140672683,5140672683,0,4274390683,791482000,74800000,0,0,0
2025,118089,I MUNICIPALIDAD DE FREIRE,La Araucanía,Municipalidades,188,115,3318806199,3318806199,0,2767273199,423577000,127956000,0,0,0
2026,118089,I MUNICIPALIDAD DE FREIRE,La Araucanía,Municipalidades,472,194,5454453984,5454453984,0,4903074651,417770739,133608594,0,0,0
2025,115185,I MUNICIPALIDAD DE LA CALERA,Valparaíso,Municipalidades,326,137,3952673235,3952673235,0,1755360738,2167312497,30000000,0,0,0
2026,115185,I MUNICIPALIDAD DE LA CALERA,Valparaíso,Municipalidades,369,209,4809510359,4809510359,0,3264568800,1305241559,239700000,0,0,0
2025,118860,I MUNICIPALIDAD DE SANTA BARBARA,Biobío,Municipalidades,618,184,2910232530,2910232530,0,2683532530,131200000,95500000,0,0,0
2026,118860,I MUNICIPALIDAD DE SANTA BARBARA,Biobío,Municipalidades,816,182,5841052040,5841052040,0,5383240695,288839345,168972000,0,0,0
2025,1890634,SERVICIO LOCAL DE EDUCACIÓN PÚBLICA LOS LIBERTADORES,Metropolitana de Santiago,,40,4,3346173677,3346173677,0,2857529477,30000000,458644200,0,0,0
2026,1890634,SERVICIO LOCAL DE EDUCACIÓN PÚBLICA LOS LIBERTADORES,Metropolitana de Santiago,,105,6,5333513227,5333513227,0,4641982224,323332686,368198317,0,0,0
2025,224045,ILUSTRE MUNICIPALIDAD DE TIMAUKEL,Magallanes y de la Antártica Chilena,Municipalidades,212,118,4002055340,4002055340,0,3799256844,177782840,25015656,0,0,0
2026,224045,ILUSTRE MUNICIPALIDAD DE TIMAUKEL,Magallanes y de la Antártica Chilena,Municipalidades,287,162,4663261920,4663261920,0,4472548240,169313680,21400000,0,0,0
2025,116219,I MUNICIPALIDAD DE CALERA DE TANGO,Metropolitana de Santiago,Municipalidades,1046,153,6832095216,6832095216,0,6083566537,519001469,229527210,0,0,0
2026,116219,I MUNICIPALIDAD DE CALERA DE TANGO,Metropolitana de Santiago,Municipalidades,1280,77,1780689917,1780689917,0,442534020,1319295897,18860000,0,0,0
2025,121617,ILUSTRE MUNICIPALIDAD MELIPEUCO,La Araucanía,Municipalidades,263,36,3340621875,3340621875,0,3106936805,131335074,102349996,0,0,0
2026,121617,ILUSTRE MUNICIPALIDAD MELIPEUCO,La Araucanía,Municipalidades,285,35,5244821947,5244821947,0,4876135087,242086860,126600000,0,0,0
2025,1682711,INSTITUTO NACIONAL DE DESARROLLO SUSTENTABLE DE LA PESCA ARTESANAL Y A,Valparaíso,,72,5,5030868402,5030868402,0,4366471901,133710176,530686325,0,0,0
2026,1682711,INSTITUTO NACIONAL DE DESARROLLO SUSTENTABLE DE LA PESCA ARTESANAL Y A,Valparaíso,,49,5,3503665951,3503665951,0,2463170000,794495951,246000000,0,0,0
2025,1246426,CORP MUNICIPAL DE DESARROLLO SOCIAL DE SN JOAQUIN,Metropolitana de Santiago,,186,154,3460814267,3460814267,0,3368614267,200000,92000000,0,0,0
2026,1246426,CORP MUNICIPAL DE DESARROLLO SOCIAL DE SN JOAQUIN,Metropolitana de Santiago,,132,128,5056182280,5056182280,0,3190580116,1865602164,0,0,0,0
2025,94315,ILUSTRE MUNICIPALIDAD DE POZO ALMONTE,Tarapacá,Municipalidades,995,19,8498814470,8498814470,0,8398488510,0,100325960,0,0,0
2026,94315,ILUSTRE MUNICIPALIDAD DE POZO ALMONTE,Tarapacá,Municipalidades,0,0,0,0,0,0,0,0,0,0,0
2025,1549752,Centro Metropolitano de Atención Prehospitalaria,Metropolitana de Santiago,,265,40,3729961906,3729961906,0,3573201906,33400000,123360000,0,0,0
2026,1549752,Centro Metropolitano de Atención Prehospitalaria,Metropolitana de Santiago,,243,11,4724925186,4724925186,0,3736910559,55014627,933000000,0,0,0
2025,1595472,CENTRO DE FORMACION TECNICA DE LA REGION DE COQUIMBO,Coquimbo,,8,1,4320190927,4320190927,0,4262065927,58125000,0,0,0,0
2026,1595472,CENTRO DE FORMACION TECNICA DE LA REGION DE COQUIMBO,Coquimbo,,8,1,4054918305,4054918305,0,4000718305,54200000,0,0,0,0
2025,1856940,CORPORACION MUNICIPAL DE DESARROLLO SOCIAL DE MACUL,Metropolitana de Santiago,,90,13,4631671000,4631671000,0,3957709000,673962000,0,0,0,0
2026,1856940,CORPORACION MUNICIPAL DE DESARROLLO SOCIAL DE MACUL,Metropolitana de Santiago,,86,12,3737168000,3737168000,0,3231500000,430668000,75000000,0,0,0
2025,1824441,ASOCIACION DE MUNICIPIOS METROPOLITANOS PARA LA SEGURIDAD CIUDADANA,Metropolitana de Santiago,Gobierno Central,586,4,4119814913,4119814913,0,2111910479,1050468414,957436020,0,0,0
2026,1824441,ASOCIACION DE MUNICIPIOS METROPOLITANOS PARA LA SEGURIDAD CIUDADANA,Metropolitana de Santiago,Gobierno Central,162,3,4191151974,4191151974,0,3689856656,294818465,206476853,0,0,0
2025,7473,SERVICIO DE SALUD CONCEPCION ARAUCO CONS,Biobío,Hospitales,53,53,3428818368,3428818368,0,2667378368,761440000,0,0,0,0
2026,7473,SERVICIO DE SALUD CONCEPCION ARAUCO CONS,Biobío,Hospitales,70,54,4865344300,4865344300,0,4865344300,0,0,0,0,0
2025,1155673,SUBSECRETARIA DE ENERGIA,Metropolitana de Santiago,Gobierno Central,162,20,5219766721,5219766721,0,3960883000,890125721,368758000,0,0,0
2026,1155673,SUBSECRETARIA DE ENERGIA,Metropolitana de Santiago,Gobierno Central,135,19,3003504988,3003504988,0,2052408821,670394667,280701500,0,0,0
2025,130972,UNIVERSIDAD DE PLAYA ANCHA DE CIENCIAS DE LA EDUCACION,Valparaíso,Universidades,41,41,2862187930,2862187930,0,2862187930,0,0,0,0,0
2026,130972,UNIVERSIDAD DE PLAYA ANCHA DE CIENCIAS DE LA EDUCACION,Valparaíso,Universidades,58,58,5354000000,5354000000,0,5346000000,8000000,0,0,0,0
2025,117589,I MUNICIPALIDAD DE RAUCO,Maule,Municipalidades,164,52,3352556992,3352556992,0,3208356992,52000000,92200000,0,0,0
2026,117589,I MUNICIPALIDAD DE RAUCO,Maule,Municipalidades,187,56,4793469952,4793469952,0,4291669952,441500000,60300000,0,0,0
2025,7135,I MUNICIPALIDAD SAN JOAQUIN,Metropolitana de Santiago,Municipalidades,428,358,3726708319,3726708319,0,2385834743,214926186,1125947390,0,0,0
2026,7135,I MUNICIPALIDAD SAN JOAQUIN,Metropolitana de Santiago,Municipalidades,446,405,4380144713,4380144713,0,3400382650,898274923,81487140,0,0,0
2025,1890625,SERVICIO LOCAL DE EDUCACIÓN PÚBLICA DEL ELQUI,Coquimbo,,127,48,2472348161,2472348161,0,2338491000,133857161,0,0,0,0
2026,1890625,SERVICIO LOCAL DE EDUCACIÓN PÚBLICA DEL ELQUI,Coquimbo,,52,52,5554504039,5554504039,0,5554504039,0,0,0,0,0
2025,116729,I MUNICIPALIDAD DE PELARCO,Maule,Municipalidades,181,53,3252775615,3252775615,0,1569941616,1552833999,130000000,0,0,0
2026,116729,I MUNICIPALIDAD DE PELARCO,Maule,Municipalidades,198,73,4754873000,4754873000,0,1708116000,3046757000,0,0,0,0
2025,7032,SERVICIO NACIONAL DEL ADULTO MAYOR,Metropolitana de Santiago,Gobierno Central,204,16,4294124883,4294124883,0,3679286924,411216009,203621950,0,0,0
2026,7032,SERVICIO NACIONAL DEL ADULTO MAYOR,Metropolitana de Santiago,Gobierno Central,480,18,3678325053,3678325053,0,2923794582,610327491,144202980,0,0,0
2025,118077,I MUNICIPALIDAD DE PICA,Tarapacá,Municipalidades,150,7,5632888419,5632888419,0,4979266894,475639229,177982296,0,0,0
2026,118077,I MUNICIPALIDAD DE PICA,Tarapacá,Municipalidades,79,2,2299150000,2299150000,0,1670550000,519600000,109000000,0,0,0
2025,7222,GOBIERNO REGIONAL REGION METROPOLITANA,Metropolitana de Santiago,Interior,178,25,4049346599,4049346599,0,3495219399,431077200,123050000,0,0,0
2026,7222,GOBIERNO REGIONAL REGION METROPOLITANA,Metropolitana de Santiago,Interior,211,25,3855780512,3855780512,0,3205839657,512806890,137133965,0,0,0
2025,1808595,Corporación de Desarrollo de La Reina,Metropolitana de Santiago,,5582,28,3094904844,3094904844,0,3094904844,0,0,0,0,0
2026,1808595,Corporación de Desarrollo de La Reina,Metropolitana de Santiago,,32,24,4788934229,4788934229,0,4788934229,0,0,0,0,0
2025,6948,SERVICIO NACIONAL DE LA MUJER Y LA EQUIDAD DE GENERO,Metropolitana de Santiago,Gobierno Central,643,34,4046323145,4046323145,0,1893663236,2071744891,80915018,0,0,0
2026,6948,SERVICIO NACIONAL DE LA MUJER Y LA EQUIDAD DE GENERO,Metropolitana de Santiago,Gobierno Central,486,35,3747020297,3747020297,0,2120203297,1248686720,378130280,0,0,0
2025,117588,I MUNICIPALIDAD DE PUNITAQUI,Coquimbo,Municipalidades,322,19,2980960354,2980960354,0,2308360354,616300000,56300000,0,0,0
2026,117588,I MUNICIPALIDAD DE PUNITAQUI,Coquimbo,Municipalidades,416,19,4756579547,4756579547,0,3894129547,735800000,126650000,0,0,0
2025,2029471,SUBSECRETARIA DE SEGURIDAD PUBLICA,Metropolitana de Santiago,,154,5,3952751315,3952751315,0,2483191286,1201375099,268184930,0,0,0
2026,2029471,SUBSECRETARIA DE SEGURIDAD PUBLICA,Metropolitana de Santiago,,341,6,3756665489,3756665489,0,1783932853,1136911696,835820940,0,0,0
2025,148507,I MUNICIPALIDAD DE GRANEROS,Libertador Gral. Bernardo O'Higgins,Municipalidades,101,2,3570408099,3570408099,0,3570408099,0,0,0,0,0
2026,148507,I MUNICIPALIDAD DE GRANEROS,Libertador Gral. Bernardo O'Higgins,Municipalidades,108,2,4101576991,4101576991,0,4101576991,0,0,0,0,0
2025,7230,Servicio Nacional del Consumidor - SERNAC,Metropolitana de Santiago,Gobierno Central,77,77,1948138699,1948138699,0,1852519810,43520160,52098729,0,0,0
2026,7230,Servicio Nacional del Consumidor - SERNAC,Metropolitana de Santiago,Gobierno Central,69,69,5701222647,5701222647,0,5542869074,449820,157903753,0,0,0
2025,7468,SERVICIO DE SALUD COQUIMBO HOSPITAL DR. HUMBERTO ELORZA CORTES,Coquimbo,Hospitales,38,23,4215916213,4215916213,0,4032597601,183318612,0,0,0,0
2026,7468,SERVICIO DE SALUD COQUIMBO HOSPITAL DR. HUMBERTO ELORZA CORTES,Coquimbo,Hospitales,14,14,3387500472,3387500472,0,3387500472,0,0,0,0,0
2025,92414,I MUNICIPALIDAD DE CHEPICA,Libertador Gral. Bernardo O'Higgins,Municipalidades,148,3,2425056907,2425056907,0,2245286907,166770000,13000000,0,0,0
2026,92414,I MUNICIPALIDAD DE CHEPICA,Libertador Gral. Bernardo O'Higgins,Municipalidades,149,3,5113281331,5113281331,0,4831281598,0,281999733,0,0,0
2025,7189,SUBSECRETARIA DEL MINISTERIO DE AGRICULT,Metropolitana de Santiago,Gobierno Central,345,134,3985097321,3985097321,0,3494479911,0,490617410,0,0,0
2026,7189,SUBSECRETARIA DEL MINISTERIO DE AGRICULT,Metropolitana de Santiago,Gobierno Central,204,204,3526216732,3526216732,0,2952770377,311080321,262366034,0,0,0
2025,1890635,SERVICIO LOCAL DE EDUCACIÓN PÚBLICA DE MARGA MARGA,Valparaíso,,60,60,355472000,355472000,0,137986000,217486000,0,0,0,0
2026,1890635,SERVICIO LOCAL DE EDUCACIÓN PÚBLICA DE MARGA MARGA,Valparaíso,,75,75,7144701607,7144701607,0,6584639240,191662367,368400000,0,0,0
2025,1959836,SERVICIO LOCAL DE EDUCACIÓN PÚBLICA VALLE DIGUILLÍN,Ñuble,,0,0,0,0,0,0,0,0,0,0,0
2026,1959836,SERVICIO LOCAL DE EDUCACIÓN PÚBLICA VALLE DIGUILLÍN,Ñuble,,42,25,7500076058,7500076058,0,7072854058,427222000,0,0,0,0
2025,1812422,CORP MUNICIP ANCUD PARA LA EDUCAC SALUD,Los Lagos,Gobierno Central,12,12,3617320991,3617320991,0,3617320991,0,0,0,0,0
2026,1812422,CORP MUNICIP ANCUD PARA LA EDUCAC SALUD,Los Lagos,Gobierno Central,52,8,3851399940,3851399940,0,3851399940,0,0,0,0,0
2025,7477,Hospital Sanatorio San José de Maipo,Metropolitana de Santiago,Hospitales,760,15,2208972403,2208972403,0,2208972403,0,0,0,0,0
2026,7477,Hospital Sanatorio San José de Maipo,Metropolitana de Santiago,Hospitales,45,45,5257000000,5257000000,0,5257000000,0,0,0,0,0
2025,114918,I MUNICIPALIDAD DE RINCONADA,Valparaíso,Municipalidades,401,56,4391225502,4391225502,0,4033186923,284338579,73700000,0,0,0
2026,114918,I MUNICIPALIDAD DE RINCONADA,Valparaíso,Municipalidades,237,36,3073781725,3073781725,0,2601489924,367291801,105000000,0,0,0
2025,1216633,HOSPITAL PSIQUIATRICO DR. PHILIPPE PINEL PUTAENDO,Valparaíso,Hospitales,42,12,3713100000,3713100000,0,3019300000,693800000,0,0,0,0
2026,1216633,HOSPITAL PSIQUIATRICO DR. PHILIPPE PINEL PUTAENDO,Valparaíso,Hospitales,43,13,3700500000,3700500000,0,3447700000,252800000,0,0,0,0
2025,1818194,Corporación Comunal de Desarrollo Quinta Normal,Metropolitana de Santiago,,85,6,4388455500,4388455500,0,3169241823,1212430257,6783420,0,0,0
2026,1818194,Corporación Comunal de Desarrollo Quinta Normal,Metropolitana de Santiago,,74,8,2986263070,2986263070,0,2530945868,287914104,167403098,0,0,0
2025,7080,SUBSECRETARIA DEL MINISTERIO DE JUSTICIA,Metropolitana de Santiago,Gobierno Central,282,27,3941895543,3941895543,0,2116434510,1221289579,604171454,0,0,0
2026,7080,SUBSECRETARIA DEL MINISTERIO DE JUSTICIA,Metropolitana de Santiago,Gobierno Central,349,1,3408996202,3408996202,0,2378162010,888393230,142440962,0,0,0
2025,87167,I MUNICIPALIDAD DE RANCAGUA,Libertador Gral. Bernardo O'Higgins,Municipalidades,100,65,4911033910,4911033910,0,4523532954,387500956,0,0,0,0
2026,87167,I MUNICIPALIDAD DE RANCAGUA,Libertador Gral. Bernardo O'Higgins,Municipalidades,55,37,2409247776,2409247776,0,2085618515,323629261,0,0,0,0
2025,7304,I MUNICIPALIDAD DE LOS MUERMOS,Los Lagos,Municipalidades,92,47,3412788600,3412788600,0,3194536616,0,218251984,0,0,0
2026,7304,I MUNICIPALIDAD DE LOS MUERMOS,Los Lagos,Municipalidades,114,3,3886314452,3886314452,0,3195791408,619443046,71079998,0,0,0
2025,7262,SERVICIO DE SALUD DEL MAULE HOSPITAL SAN JAVIER,Maule,Hospitales,69,69,3126000000,3126000000,0,3094000000,0,32000000,0,0,0
2026,7262,SERVICIO DE SALUD DEL MAULE HOSPITAL SAN JAVIER,Maule,Hospitales,76,76,4122800000,4122800000,0,3506800000,0,616000000,0,0,0
2025,7365,I MUNICIPALIDAD DE LITUECHE,Libertador Gral. Bernardo O'Higgins,Municipalidades,293,36,2596589250,2596589250,0,2341505250,146410000,108674000,0,0,0
2026,7365,I MUNICIPALIDAD DE LITUECHE,Libertador Gral. Bernardo O'Higgins,Municipalidades,358,50,4574780920,4574780920,0,4413756920,15000000,146024000,0,0,0
2025,1959828,SERVICIO LOCAL DE EDUCACIÓN PÚBLICA LOS ANDES,Valparaíso,,80,30,749109441,749109441,0,734986068,0,14123373,0,0,0
2026,1959828,SERVICIO LOCAL DE EDUCACIÓN PÚBLICA LOS ANDES,Valparaíso,,105,4,6403688934,6403688934,0,6403688934,0,0,0,0,0
2025,6976,SERVICIO DE SALUD ARAUCO,Biobío,Gobierno Central,47,44,4954101152,4954101152,0,4894601152,59500000,0,0,0,0
2026,6976,SERVICIO DE SALUD ARAUCO,Biobío,Gobierno Central,31,30,2137181037,2137181037,0,2127381042,0,9799995,0,0,0
2025,138454,I MUNICIPALIDAD DE QUINTERO,Valparaíso,Municipalidades,0,0,0,0,0,0,0,0,0,0,0
2026,138454,I MUNICIPALIDAD DE QUINTERO,Valparaíso,Municipalidades,54,2,7052908000,7052908000,0,7052908000,0,0,0,0,0
2025,118087,I MUNICIPALIDAD DE PLACILLA,Libertador Gral. Bernardo O'Higgins,Municipalidades,359,76,3376906608,3376906608,0,2873570608,483336000,20000000,0,0,0
2026,118087,I MUNICIPALIDAD DE PLACILLA,Libertador Gral. Bernardo O'Higgins,Municipalidades,147,35,3641977807,3641977807,0,3197081807,406896000,38000000,0,0,0
2025,120791,I MUNICIPALIDAD DE MAULLIN,Los Lagos,Municipalidades,907,64,3297145354,3297145354,0,3181917271,0,115228083,0,0,0
2026,120791,I MUNICIPALIDAD DE MAULLIN,Los Lagos,Municipalidades,1151,40,3716548883,3716548883,0,2978258295,520942292,217348296,0,0,0
2025,116299,I MUNICIPALIDAD DE TENO,Maule,Municipalidades,417,115,3283344762,3283344762,0,1904208724,1248166188,130969850,0,0,0
2026,116299,I MUNICIPALIDAD DE TENO,Maule,Municipalidades,569,168,3709781945,3709781945,0,3090163551,596334424,23283970,0,0,0
2025,7327,SERVICIO DE SALUD OSORNO HOSPITAL PURRANQUE,Los Lagos,Hospitales,48,48,3561447898,3561447898,0,3401447890,0,160000008,0,0,0
2026,7327,SERVICIO DE SALUD OSORNO HOSPITAL PURRANQUE,Los Lagos,Hospitales,52,52,3360945097,3360945097,0,3360945097,0,0,0,0,0
2025,1968268,SERVICIO DE BIODIVERSIDAD Y ÁREAS PROTEGIDAS,Metropolitana de Santiago,,53,3,3636578681,3636578681,0,2319952003,1285366678,31260000,0,0,0
2026,1968268,SERVICIO DE BIODIVERSIDAD Y ÁREAS PROTEGIDAS,Metropolitana de Santiago,,86,2,3242858359,3242858359,0,2163936690,731571989,347349680,0,0,0
2025,165106,I MUNICIPALIDAD DE CODEGUA,Libertador Gral. Bernardo O'Higgins,Municipalidades,159,143,3901734009,3901734009,0,2708858005,1080876004,112000000,0,0,0
2026,165106,I MUNICIPALIDAD DE CODEGUA,Libertador Gral. Bernardo O'Higgins,Municipalidades,155,153,2977097016,2977097016,0,1221902003,1712907010,42288003,0,0,0
2025,6934,SUBSECRETARIA DE TELECOMUNICACIONES,Metropolitana de Santiago,Gobierno Central,145,4,4179149840,4179149840,0,4026640686,0,152509154,0,0,0
2026,6934,SUBSECRETARIA DE TELECOMUNICACIONES,Metropolitana de Santiago,Gobierno Central,74,4,2675284200,2675284200,0,2616684200,0,58600000,0,0,0
2025,7012,DIRECCION DE PRESUPUESTOS MINISTERIO DE,Metropolitana de Santiago,Gobierno Central,70,16,3500352000,3500352000,0,2653542000,182763000,664047000,0,0,0
2026,7012,DIRECCION DE PRESUPUESTOS MINISTERIO DE,Metropolitana de Santiago,Gobierno Central,71,15,3342785000,3342785000,0,1764166000,164768000,1413851000,0,0,0
2025,105334,I MUNICIPALIDAD DE PUYEHUE,Los Lagos,Municipalidades,140,3,3411650000,3411650000,0,3108900000,167150000,135600000,0,0,0
2026,105334,I MUNICIPALIDAD DE PUYEHUE,Los Lagos,Municipalidades,133,3,3411699856,3411699856,0,3169950866,166248990,75500000,0,0,0
2025,115311,I MUNICIPALIDAD DE MULCHEN,Biobío,Municipalidades,148,40,5449157997,5449157997,0,5376631997,65900000,6626000,0,0,0
2026,115311,I MUNICIPALIDAD DE MULCHEN,Biobío,Municipalidades,111,24,1358885840,1358885840,0,1284994840,70200000,3691000,0,0,0
2025,119639,I MUNICIPALIDAD DE ANDACOLLO,Coquimbo,Municipalidades,80,73,5360212631,5360212631,0,5190220041,0,169992590,0,0,0
2026,119639,I MUNICIPALIDAD DE ANDACOLLO,Coquimbo,Municipalidades,31,31,1414735153,1414735153,0,1357779508,56955645,0,0,0,0
2025,1801205,CORP MUNICIPAL SAN FERNANDO PARA LA ATENCION MENORES Y LAS A DE E Y S,Libertador Gral. Bernardo O'Higgins,,677,19,3778103940,3778103940,0,2854004712,671099228,253000000,0,0,0
2026,1801205,CORP MUNICIPAL SAN FERNANDO PARA LA ATENCION MENORES Y LAS A DE E Y S,Libertador Gral. Bernardo O'Higgins,,706,32,2940851927,2940851927,0,2088083641,852768286,0,0,0,0
2025,1959833,SERVICIO LOCAL DE EDUCACIÓN PÚBLICA SANTIAGO CENTRO,Metropolitana de Santiago,,28,1,440278548,440278548,0,91382000,335596548,13300000,0,0,0
2026,1959833,SERVICIO LOCAL DE EDUCACIÓN PÚBLICA SANTIAGO CENTRO,Metropolitana de Santiago,,76,2,6215323426,6215323426,0,5600923426,480000000,134400000,0,0,0
2025,115010,I MUNICIPALIDAD DE QUINTA DE TILCOCO,Libertador Gral. Bernardo O'Higgins,Municipalidades,107,4,3383638828,3383638828,0,2900708862,313729966,169200000,0,0,0
2026,115010,I MUNICIPALIDAD DE QUINTA DE TILCOCO,Libertador Gral. Bernardo O'Higgins,Municipalidades,105,4,3251766664,3251766664,0,1810707536,1441059128,0,0,0,0
2025,142855,I MUNICIPALIDAD DE SAN PEDRO,Metropolitana de Santiago,Municipalidades,112,42,3156138478,3156138478,0,2890208478,224930000,41000000,0,0,0
2026,142855,I MUNICIPALIDAD DE SAN PEDRO,Metropolitana de Santiago,Municipalidades,213,12,3440266424,3440266424,0,2359189809,906509039,174567576,0,0,0
2025,1629281,CENTRO DE FORMACION TECNICA ESTATAL DE LA REGION DE LOS RIOS,Los Ríos,,64,18,3038595731,3038595731,0,2121437743,899157988,18000000,0,0,0
2026,1629281,CENTRO DE FORMACION TECNICA ESTATAL DE LA REGION DE LOS RIOS,Los Ríos,,74,19,3547306451,3547306451,0,2829025911,718280540,0,0,0,0
2025,7053,SERVICIO DE SALUD NUBLE HOSPITAL DE YUNG,Ñuble,Hospitales,111,23,2879042984,2879042984,0,2863915940,0,15127044,0,0,0
2026,7053,SERVICIO DE SALUD NUBLE HOSPITAL DE YUNG,Ñuble,Hospitales,90,24,3693163982,3693163982,0,3693163982,0,0,0,0,0
2025,7004,INSTITUTO ANTARTICO CHILENO,Magallanes y de la Antártica Chilena,Gobierno Central,127,6,3282618123,3282618123,0,1707039620,252533503,1323045000,0,0,0
2026,7004,INSTITUTO ANTARTICO CHILENO,Magallanes y de la Antártica Chilena,Gobierno Central,85,6,3261963614,3261963614,0,1843583335,320438279,1097942000,0,0,0
2025,7029,SERVICIO SALUD METROPOLITANO OCCIDENTE,Metropolitana de Santiago,Gobierno Central,620,21,527282618,527282618,0,40000000,487282618,0,0,0,0
2026,7029,SERVICIO SALUD METROPOLITANO OCCIDENTE,Metropolitana de Santiago,Gobierno Central,459,11,6016407410,6016407410,0,5390532410,23316000,602559000,0,0,0
2025,7475,SERVICIO NACIONAL DE SALUD HOSPITAL DE FLORIDA,Biobío,Hospitales,42,3,3460915602,3460915602,0,3460915602,0,0,0,0,0
2026,7475,SERVICIO NACIONAL DE SALUD HOSPITAL DE FLORIDA,Biobío,Hospitales,59,3,3058584161,3058584161,0,2778248663,280335498,0,0,0,0
2025,114724,I MUNICIPALIDAD DE OLMUE,Valparaíso,Municipalidades,214,131,3423919002,3423919002,0,2330319000,1093600002,0,0,0,0
2026,114724,I MUNICIPALIDAD DE OLMUE,Valparaíso,Municipalidades,175,100,2989787000,2989787000,0,2427987000,561800000,0,0,0,0
2025,93096,SUPERINTENDENCIA DE PENSIONES,Metropolitana de Santiago,Gobierno Central,247,162,3257071646,3257071646,0,2047534597,773734700,435802349,0,0,0
2026,93096,SUPERINTENDENCIA DE PENSIONES,Metropolitana de Santiago,Gobierno Central,146,134,3148277877,3148277877,0,2168642831,394418679,585216367,0,0,0
2025,1959829,SERVICIO LOCAL DE EDUCACIÓN PÚBLICA LOS PARQUES,Metropolitana de Santiago,,37,21,531895075,531895075,0,447845075,0,84050000,0,0,0
2026,1959829,SERVICIO LOCAL DE EDUCACIÓN PÚBLICA LOS PARQUES,Metropolitana de Santiago,,45,5,5845381971,5845381971,0,5822881971,22500000,0,0,0,0
2025,7385,SERVICIO DE SALUD ANTOFAGASTA HOSPITAL M,Antofagasta,Hospitales,116,116,3210337843,3210337843,0,3033192767,175088876,2056200,0,0,0
2026,7385,SERVICIO DE SALUD ANTOFAGASTA HOSPITAL M,Antofagasta,Hospitales,104,104,3145140080,3145140080,0,2754997500,390142580,0,0,0,0
2025,115798,I.MUNICIPALIDAD DE PORVENIR,Magallanes y de la Antártica Chilena,Municipalidades,247,100,3477076877,3477076877,0,3476711877,0,365000,0,0,0
2026,115798,I.MUNICIPALIDAD DE PORVENIR,Magallanes y de la Antártica Chilena,Municipalidades,114,68,2867174000,2867174000,0,2867174000,0,0,0,0,0
2025,116402,I MUNICIPALIDAD DE PUMANQUE,Libertador Gral. Bernardo O'Higgins,Municipalidades,276,33,3663412041,3663412041,0,3644012041,400000,19000000,0,0,0
2026,116402,I MUNICIPALIDAD DE PUMANQUE,Libertador Gral. Bernardo O'Higgins,Municipalidades,355,35,2664541316,2664541316,0,2132061316,502480000,30000000,0,0,0
2025,2007449,AGENCIA NACIONAL DE CIBERSEGURIDAD,Metropolitana de Santiago,,99,2,4225157758,4225157758,0,3951749873,257847000,15560885,0,0,0
2026,2007449,AGENCIA NACIONAL DE CIBERSEGURIDAD,Metropolitana de Santiago,,25,2,2078592760,2078592760,0,2024762760,49830000,4000000,0,0,0
2025,115165,I MUNICIPALIDAD DE DALCAHUE,Los Lagos,Municipalidades,894,64,878638100,878638100,0,732482969,117871946,28283185,0,0,0
2026,115165,I MUNICIPALIDAD DE DALCAHUE,Los Lagos,Municipalidades,903,141,5400270786,5400270786,0,4946417747,324551067,129301972,0,0,0
2025,7462,SERVICIO SALUD ARAUCANIA HOSPITAL DE COLLIPULLI,La Araucanía,Hospitales,91,52,3095032793,3095032793,0,2818537298,0,276495495,0,0,0
2026,7462,SERVICIO SALUD ARAUCANIA HOSPITAL DE COLLIPULLI,La Araucanía,Hospitales,110,57,3168091947,3168091947,0,2871762532,0,296329415,0,0,0
2025,7194,SECRETARIA GENERAL DE GOBIERNO,Metropolitana de Santiago,Gobierno Central,516,44,3381284588,3381284588,0,2157059604,1020662782,203562202,0,0,0
2026,7194,SECRETARIA GENERAL DE GOBIERNO,Metropolitana de Santiago,Gobierno Central,394,37,2842951502,2842951502,0,1792786491,871612011,178553000,0,0,0
2025,7483,CORP MUNICIPAL DE PANGUIPULLI,Los Ríos,Municipalidades,120,2,3371550000,3371550000,0,3371550000,0,0,0,0,0
2026,7483,CORP MUNICIPAL DE PANGUIPULLI,Los Ríos,Municipalidades,88,2,2852042822,2852042822,0,2852042822,0,0,0,0,0
2025,7348,HOSPITAL ADRIANA COUSINO DE QUINTERO,Valparaíso,Hospitales,487,47,2933874642,2933874642,0,2933874642,0,0,0,0,0
2026,7348,HOSPITAL ADRIANA COUSINO DE QUINTERO,Valparaíso,Hospitales,1417,45,3206644173,3206644173,0,2797278879,0,409365294,0,0,0
2025,114916,I MUNICIPALIDAD DE PURRANQUE,Los Lagos,Municipalidades,164,157,2801000244,2801000244,0,2322122266,15806000,463071978,0,0,0
2026,114916,I MUNICIPALIDAD DE PURRANQUE,Los Lagos,Municipalidades,183,170,3328330941,3328330941,0,2604486965,329123000,394720976,0,0,0
2025,1968861,CORP CULTURAL DE LAS CONDES,Metropolitana de Santiago,,76,76,2224814576,2224814576,0,1820907166,337107410,66800000,0,0,0
2026,1968861,CORP CULTURAL DE LAS CONDES,Metropolitana de Santiago,,143,143,3903548674,3903548674,0,3551955498,217012606,134580570,0,0,0
2025,7464,SERVICIO DE SALUD BIO BIO HOSPITAL DE LAJA,Biobío,Hospitales,66,1,3097857427,3097857427,0,2812179176,221176523,64501728,0,0,0
2026,7464,SERVICIO DE SALUD BIO BIO HOSPITAL DE LAJA,Biobío,Hospitales,66,1,3018346819,3018346819,0,3018346819,0,0,0,0,0
2025,7402,SERVICIO NACIONAL DE SALUD HOSPITAL DE LEBU,Biobío,Hospitales,45,25,3089042363,3089042363,0,3089042363,0,0,0,0,0
2026,7402,SERVICIO NACIONAL DE SALUD HOSPITAL DE LEBU,Biobío,Hospitales,45,16,3018985742,3018985742,0,3010698242,0,8287500,0,0,0
2025,114925,I MUNICIPALIDAD DE COBQUECURA,Ñuble,Municipalidades,90,73,1102465544,1102465544,0,723965552,92999992,285500000,0,0,0
2026,114925,I MUNICIPALIDAD DE COBQUECURA,Ñuble,Municipalidades,123,101,5004473961,5004473961,0,4318675571,489298390,196500000,0,0,0
2025,1598310,CENTRO DE FORMACION TECNICA ESTATAL DE LA REGION DE LOS LAGOS,Los Lagos,,50,21,2732037412,2732037412,0,2698487412,0,33550000,0,0,0
2026,1598310,CENTRO DE FORMACION TECNICA ESTATAL DE LA REGION DE LOS LAGOS,Los Lagos,,58,19,3350975480,3350975480,0,3350975480,0,0,0,0,0
2025,262897,COMISION NACIONAL DE ACREDITACION,Metropolitana de Santiago,Gobierno Central,101,25,3776958815,3776958815,0,3547023773,223935042,6000000,0,0,0
2026,262897,COMISION NACIONAL DE ACREDITACION,Metropolitana de Santiago,Gobierno Central,88,27,2281622337,2281622337,0,1362150610,906489999,12981728,0,0,0
2025,7211,SUBSECRETARIA DE PESCA Y ACUICULTURA,Valparaíso,Gobierno Central,34,19,3167658812,3167658812,0,2008629183,1092029629,67000000,0,0,0
2026,7211,SUBSECRETARIA DE PESCA Y ACUICULTURA,Valparaíso,Gobierno Central,71,27,2879749353,2879749353,0,2239648238,491642459,148458656,0,0,0
2025,6975,SERVICIO DE VIVIENDA Y URBANIZACION III REGION,Atacama,Obras,11,11,2780167000,2780167000,0,2780167000,0,0,0,0,0
2026,6975,SERVICIO DE VIVIENDA Y URBANIZACION III REGION,Atacama,Obras,12,12,3177400000,3177400000,0,3177400000,0,0,0,0,0
2025,7285,SERVICIO NACIONAL DE SALUD HOSPITAL DE COELEMU,Ñuble,Sin sector,106,46,3280950000,3280950000,0,3258950000,22000000,0,0,0,0
2026,7285,SERVICIO NACIONAL DE SALUD HOSPITAL DE COELEMU,Ñuble,Sin sector,111,46,2672291905,2672291905,0,2533611905,138680000,0,0,0,0
2025,7218,SERVICIO DE EVALUACION AMBIENTAL,Metropolitana de Santiago,Gobierno Central,367,34,3076775465,3076775465,0,2425900349,622521338,28353778,0,0,0
2026,7218,SERVICIO DE EVALUACION AMBIENTAL,Metropolitana de Santiago,Gobierno Central,273,86,2876326593,2876326593,0,1433442610,697474967,745409016,0,0,0
2025,115464,I MUNICIPALIDAD DE MAFIL,Los Ríos,Municipalidades,147,75,3327606959,3327606959,0,3033051840,204377326,90177793,0,0,0
2026,115464,I MUNICIPALIDAD DE MAFIL,Los Ríos,Municipalidades,144,72,2619999812,2619999812,0,2371925867,163053945,85020000,0,0,0
2025,94459,I MUNICIPALIDAD DE PARRAL,Maule,Municipalidades,119,52,3045201000,3045201000,0,3002801000,35900000,6500000,0,0,0
2026,94459,I MUNICIPALIDAD DE PARRAL,Maule,Municipalidades,53,13,2840904998,2840904998,0,2840904998,0,0,0,0,0
2025,1874800,CORPORACION CULTURAL DE LO BARNECHEA,Metropolitana de Santiago,,287,10,2797972331,2797972331,0,1876602262,718838238,202531831,0,0,0
2026,1874800,CORPORACION CULTURAL DE LO BARNECHEA,Metropolitana de Santiago,,311,7,3055869688,3055869688,0,1778200000,736903628,540766060,0,0,0
2025,7152,Corporación de Asistencia Judicial RM,Metropolitana de Santiago,"Contraloría, Congreso y Poder judicial",47,47,2715160000,2715160000,0,2674930000,0,40230000,0,0,0
2026,7152,Corporación de Asistencia Judicial RM,Metropolitana de Santiago,"Contraloría, Congreso y Poder judicial",52,14,3133400041,3133400041,0,2803500037,35900000,294000004,0,0,0
2025,7455,SERVICIO DE SALUD METROPOLITANO OCCIDENTE HOSPITAL DE CURACAVI,Metropolitana de Santiago,Hospitales,1879,9,2716861657,2716861657,0,2716861657,0,0,0,0,0
2026,7455,SERVICIO DE SALUD METROPOLITANO OCCIDENTE HOSPITAL DE CURACAVI,Metropolitana de Santiago,Hospitales,1670,8,3115762170,3115762170,0,3115762170,0,0,0,0,0
2025,115609,I MUNICIPALIDAD DE MALLOA,Libertador Gral. Bernardo O'Higgins,Municipalidades,215,181,2639626346,2639626346,0,2318826346,118300000,202500000,0,0,0
2026,115609,I MUNICIPALIDAD DE MALLOA,Libertador Gral. Bernardo O'Higgins,Municipalidades,241,187,3178982823,3178982823,0,3068982823,2000000,108000000,0,0,0
2025,1659065,SUBSECRETARIA DE LA NIÑEZ,Metropolitana de Santiago,,82,6,2966193693,2966193693,0,2721611760,172490933,72091000,0,0,0
2026,1659065,SUBSECRETARIA DE LA NIÑEZ,Metropolitana de Santiago,,59,6,2769743781,2769743781,0,2486568953,64954828,218220000,0,0,0
2025,7291,SERVICIO SALUD ARAUCANIA SUR HOSPIT DR EDUARDO GONZALEZ GALENO CUNCO,La Araucanía,Hospitales,97,10,2203584572,2203584572,0,1783528384,420056188,0,0,0,0
2026,7291,SERVICIO SALUD ARAUCANIA SUR HOSPIT DR EDUARDO GONZALEZ GALENO CUNCO,La Araucanía,Hospitales,99,10,3522860989,3522860989,0,3514760989,0,8100000,0,0,0
2025,7067,MINISTERIO DE OBRAS PUBLICAS DIREC CION GRAL DE OO PP DCYF,Metropolitana de Santiago,Obras,603,29,4956207501,4956207501,0,4587196259,348434789,20576453,0,0,0
2026,7067,MINISTERIO DE OBRAS PUBLICAS DIREC CION GRAL DE OO PP DCYF,Metropolitana de Santiago,Obras,378,25,769759264,769759264,0,657819231,75215751,36724282,0,0,0
2025,7259,SERVICIO DE SALUD DEL MAULE HOSPITAL DE PARRAL,Maule,Hospitales,492,22,2062813305,2062813305,0,2062813305,0,0,0,0,0
2026,7259,SERVICIO DE SALUD DEL MAULE HOSPITAL DE PARRAL,Maule,Hospitales,509,58,3640961092,3640961092,0,3640961092,0,0,0,0,0
2025,7266,ESTADO MAYOR CONJUNTO,Metropolitana de Santiago,Gobierno Central,259,136,3635903687,3635903687,0,2821818796,368496151,445588740,0,0,0
2026,7266,ESTADO MAYOR CONJUNTO,Metropolitana de Santiago,Gobierno Central,163,135,2031645048,2031645048,0,1043988918,957656130,30000000,0,0,0
2025,1145766,CORP MUNICIPAL DE ISLA DE MAIPO PARA L,Metropolitana de Santiago,,138,4,3815483228,3815483228,0,2828520993,986962235,0,0,0,0
2026,1145766,CORP MUNICIPAL DE ISLA DE MAIPO PARA L,Metropolitana de Santiago,,113,4,1835616393,1835616393,0,256082000,1579534393,0,0,0,0
2025,7144,CONSULTORIO GENERAL URBANO VIOLETA PARRA,Ñuble,Hospitales,679,15,2855805157,2855805157,0,2855805157,0,0,0,0,0
2026,7144,CONSULTORIO GENERAL URBANO VIOLETA PARRA,Ñuble,Hospitales,705,15,2789390083,2789390083,0,2037973699,751416384,0,0,0,0
2025,1593363,DIRECCION DE EDUCACION PUBLICA,Metropolitana de Santiago,,131,126,3359298800,3359298800,0,1943191272,165000000,1251107528,0,0,0
2026,1593363,DIRECCION DE EDUCACION PUBLICA,Metropolitana de Santiago,,67,67,2273883642,2273883642,0,2160315450,0,113568192,0,0,0
2025,100072,I MUNICIPALIDAD DE PIRQUE,Metropolitana de Santiago,Municipalidades,73,59,2579800000,2579800000,0,2520600000,59200000,0,0,0,0
2026,100072,I MUNICIPALIDAD DE PIRQUE,Metropolitana de Santiago,Municipalidades,90,46,3036059000,3036059000,0,3036059000,0,0,0,0,0
2025,7186,COMISION NACIONAL DE RIEGO,Metropolitana de Santiago,Gobierno Central,0,0,0,0,0,0,0,0,0,0,0
2026,7186,COMISION NACIONAL DE RIEGO,Metropolitana de Santiago,Gobierno Central,65,5,5611451869,5611451869,0,5438327464,173124405,0,0,0,0
2025,113252,ILUSTRE MUNICIPALIDAD DE RETIRO,Maule,Municipalidades,116,51,4291807731,4291807731,0,4139699991,146107740,6000000,0,0,0
2026,113252,ILUSTRE MUNICIPALIDAD DE RETIRO,Maule,Municipalidades,45,21,1274236984,1274236984,0,1227496984,46740000,0,0,0,0
2025,1606467,CONSEJO NACIONAL DE TELEVISION,Metropolitana de Santiago,,287,11,4169419017,4169419017,0,3525387247,271581446,372450324,0,0,0
2026,1606467,CONSEJO NACIONAL DE TELEVISION,Metropolitana de Santiago,,115,10,1380773031,1380773031,0,1053517200,146609231,180646600,0,0,0
2025,120002,I MUNICIPALIDAD RIO IBANEZ,Aysén del Gral. Carlos Ibáñez del Campo,Municipalidades,77,26,1548364148,1548364148,0,1343105958,205258190,0,0,0,0
2026,120002,I MUNICIPALIDAD RIO IBANEZ,Aysén del Gral. Carlos Ibáñez del Campo,Municipalidades,375,44,3957172345,3957172345,0,3138976325,766049178,52146842,0,0,0
2025,7214,DELEGACIÓN PRESIDENCIAL REGIONAL DE MAGALLANES Y DE LA ANTÁRTICA CHILE,Magallanes y de la Antártica Chilena,Interior,110,74,2442393710,2442393710,0,923568592,0,1518825118,0,0,0
2026,7214,DELEGACIÓN PRESIDENCIAL REGIONAL DE MAGALLANES Y DE LA ANTÁRTICA CHILE,Magallanes y de la Antártica Chilena,Interior,86,77,3049625938,3049625938,0,892515546,672350000,1484760392,0,0,0
2025,7182,FONDO DE SOLIDARIDAD E INVERSION SOCIAL,Metropolitana de Santiago,Gobierno Central,293,26,2985221651,2985221651,0,1259224797,978185654,747811200,0,0,0
2026,7182,FONDO DE SOLIDARIDAD E INVERSION SOCIAL,Metropolitana de Santiago,Gobierno Central,258,24,2499580167,2499580167,0,1204172395,655069884,640337888,0,0,0
2025,116744,I MUNICIPALIDAD DE PAILLACO,Los Ríos,Municipalidades,76,46,2705579264,2705579264,0,2635879264,69500000,200000,0,0,0
2026,116744,I MUNICIPALIDAD DE PAILLACO,Los Ríos,Municipalidades,76,47,2765002954,2765002954,0,2433926954,298300000,32776000,0,0,0
2025,7384,SERVICIO DE SALUD ARAUCANIA HOSPITAL DE TRAIGUEN,La Araucanía,Hospitales,60,60,2557295008,2557295008,0,1599617000,957678008,0,0,0,0
2026,7384,SERVICIO DE SALUD ARAUCANIA HOSPITAL DE TRAIGUEN,La Araucanía,Hospitales,60,60,2912012536,2912012536,0,1717787916,1194224620,0,0,0,0
2025,7430,INSTITUTO NACIONAL DE GERIATRIA PRESIDENTE EDO FREI MONTALVA,Metropolitana de Santiago,Hospitales,46,28,2590935600,2590935600,0,1903155600,537780000,150000000,0,0,0
2026,7430,INSTITUTO NACIONAL DE GERIATRIA PRESIDENTE EDO FREI MONTALVA,Metropolitana de Santiago,Hospitales,44,10,2869961500,2869961500,0,2485961500,259500000,124500000,0,0,0
2025,114914,I MUNICIPALIDAD DE VICHUQUEN,Maule,Municipalidades,79,28,1391871000,1391871000,0,1330171000,61700000,0,0,0,0
2026,114914,I MUNICIPALIDAD DE VICHUQUEN,Maule,Municipalidades,91,27,4034550000,4034550000,0,3814470000,133450000,86630000,0,0,0
2025,116223,I MUNICIPALIDAD DE PETORCA,Valparaíso,Municipalidades,104,80,5423422421,5423422421,0,5204872421,163000000,55550000,0,0,0
2026,116223,I MUNICIPALIDAD DE PETORCA,Valparaíso,Municipalidades,0,0,0,0,0,0,0,0,0,0,0
2025,138211,Ilustre Municipalidad de Lumaco,La Araucanía,Municipalidades,161,21,5347658289,5347658289,0,4619718289,19100000,708840000,0,0,0
2026,138211,Ilustre Municipalidad de Lumaco,La Araucanía,Municipalidades,0,0,0,0,0,0,0,0,0,0,0
2025,125066,I MUNICIPALIDAD DE QUEMCHI,Los Lagos,Municipalidades,46,46,1685819999,1685819999,0,1497819999,182000000,6000000,0,0,0
2026,125066,I MUNICIPALIDAD DE QUEMCHI,Los Lagos,Municipalidades,110,89,3654355000,3654355000,0,2833455000,808900000,12000000,0,0,0
2025,7303,SERVICIO DE SALUD NUBLE HOSPITAL DE QUIRIHUE,Ñuble,Hospitales,13,12,2778152236,2778152236,0,357526248,2420625988,0,0,0,0
2026,7303,SERVICIO DE SALUD NUBLE HOSPITAL DE QUIRIHUE,Ñuble,Hospitales,66,35,2519356964,2519356964,0,2519356964,0,0,0,0,0
2025,123784,Ilustre Municipalidad de El Carmen,Ñuble,Municipalidades,158,52,2418673000,2418673000,0,2418673000,0,0,0,0,0
2026,123784,Ilustre Municipalidad de El Carmen,Ñuble,Municipalidades,147,78,2873343000,2873343000,0,2873343000,0,0,0,0,0
2025,1722523,SERVICIO LOCAL DE EDUCACION PUBLICA DE VALPARAISO,Valparaíso,,56,42,2052898098,2052898098,0,1975488098,0,77410000,0,0,0
2026,1722523,SERVICIO LOCAL DE EDUCACION PUBLICA DE VALPARAISO,Valparaíso,,56,54,3236960500,3236960500,0,3218460500,0,18500000,0,0,0
2025,113254,I MUNICIPALIDAD DE COINCO,Libertador Gral. Bernardo O'Higgins,Municipalidades,51,18,3018814000,3018814000,0,2593814000,425000000,0,0,0,0
2026,113254,I MUNICIPALIDAD DE COINCO,Libertador Gral. Bernardo O'Higgins,Municipalidades,56,18,2249131000,2249131000,0,2175731000,73400000,0,0,0,0
2025,114393,I MUNICIPALIDAD DE CURACO DE VELEZ,Los Lagos,Municipalidades,69,47,2481900008,2481900008,0,2434300008,0,47600000,0,0,0
2026,114393,I MUNICIPALIDAD DE CURACO DE VELEZ,Los Lagos,Municipalidades,82,35,2731531043,2731531043,0,2559931043,15000000,156600000,0,0,0
2025,1802401,CONSULTORIO EXTERNO VALDIVIA,Los Ríos,,1954,14,2833781609,2833781609,0,1280458744,1553322865,0,0,0,0
2026,1802401,CONSULTORIO EXTERNO VALDIVIA,Los Ríos,,615,8,2373139809,2373139809,0,1821005240,552134569,0,0,0,0
2025,7471,SERVICIO DE SALUD COQUIMBO HOSPITAL DE LOS VILOS,Coquimbo,Hospitales,30,1,2511600000,2511600000,0,2180359935,331240065,0,0,0,0
2026,7471,SERVICIO DE SALUD COQUIMBO HOSPITAL DE LOS VILOS,Coquimbo,Hospitales,54,1,2686182000,2686182000,0,1817526798,850542702,18112500,0,0,0
2025,115301,ILUSTRE MUNICIPALIDAD DE RIO VERDE,Magallanes y de la Antártica Chilena,Municipalidades,82,29,1327545000,1327545000,0,1283682000,0,43863000,0,0,0
2026,115301,ILUSTRE MUNICIPALIDAD DE RIO VERDE,Magallanes y de la Antártica Chilena,Municipalidades,128,28,3869476000,3869476000,0,1417689000,0,2451787000,0,0,0
2025,119996,I MUNICIPALIDAD DE OLLAGUE,Antofagasta,Municipalidades,111,16,2489810000,2489810000,0,1958381000,0,531429000,0,0,0
2026,119996,I MUNICIPALIDAD DE OLLAGUE,Antofagasta,Municipalidades,105,15,2692996000,2692996000,0,2433717000,0,259279000,0,0,0
2025,7364,I MUNICIPALIDAD DE CALDERA,Atacama,Municipalidades,65,64,2496637964,2496637964,0,2482637964,0,14000000,0,0,0
2026,7364,I MUNICIPALIDAD DE CALDERA,Atacama,Municipalidades,76,76,2648120000,2648120000,0,2434120000,199000000,15000000,0,0,0
2025,84478,I MUNICIPALIDAD DE FRUTILLAR,Los Lagos,Municipalidades,99,99,2819152110,2819152110,0,1888500035,922252075,8400000,0,0,0
2026,84478,I MUNICIPALIDAD DE FRUTILLAR,Los Lagos,Municipalidades,93,75,2306091936,2306091936,0,1334899934,969991990,1200012,0,0,0
2025,111960,I MUNICIPALIDAD DE SAN PABLO,Los Lagos,Municipalidades,92,3,2458304183,2458304183,0,2019513183,356102000,82689000,0,0,0
2026,111960,I MUNICIPALIDAD DE SAN PABLO,Los Lagos,Municipalidades,90,3,2598673000,2598673000,0,2503873000,88500000,6300000,0,0,0
2025,1821127,CORPORACION CULTURAL DE VITACURA,Metropolitana de Santiago,,57,9,1461511658,1461511658,0,1282011246,71674412,107826000,0,0,0
2026,1821127,CORPORACION CULTURAL DE VITACURA,Metropolitana de Santiago,,113,10,3585127512,3585127512,0,3359727350,116446000,108954162,0,0,0
2025,106876,I MUNICIPALIDAD DE LANCO,Los Ríos,Municipalidades,114,102,2034126000,2034126000,0,1603666000,0,430460000,0,0,0
2026,106876,I MUNICIPALIDAD DE LANCO,Los Ríos,Municipalidades,175,92,2980228000,2980228000,0,2646240000,45860000,288128000,0,0,0
2025,115302,I MUNICIPALIDAD DE PAPUDO,Valparaíso,Municipalidades,92,3,2745105000,2745105000,0,2066175000,483900000,195030000,0,0,0
2026,115302,I MUNICIPALIDAD DE PAPUDO,Valparaíso,Municipalidades,46,1,2243473000,2243473000,0,2243473000,0,0,0,0,0
2025,118068,I MUNICIPALIDAD DE FUTALEUFU,Los Lagos,Municipalidades,260,10,3635384847,3635384847,0,3601829460,0,33555387,0,0,0
2026,118068,I MUNICIPALIDAD DE FUTALEUFU,Los Lagos,Municipalidades,324,9,1323488606,1323488606,0,1081206723,75150000,167131883,0,0,0
2025,118861,I MUNICIPALIDAD DE PEUMO,Libertador Gral. Bernardo O'Higgins,Municipalidades,105,3,2859600203,2859600203,0,987878207,44000000,1827721996,0,0,0
2026,118861,I MUNICIPALIDAD DE PEUMO,Libertador Gral. Bernardo O'Higgins,Municipalidades,112,3,2095916042,2095916042,0,1937239366,113726680,44949996,0,0,0
2025,110102,Ilustre Municipalidad De Quellón,Los Lagos,Municipalidades,16,1,2294382000,2294382000,0,1828389000,0,465993000,0,0,0
2026,110102,Ilustre Municipalidad De Quellón,Los Lagos,Municipalidades,16,1,2655147000,2655147000,0,2101147000,0,554000000,0,0,0
2025,7404,SERVICIO DE SALUD BIO BIO HOSPITAL SANTA BARBARA,Biobío,Hospitales,78,78,2274482520,2274482520,0,2274482520,0,0,0,0,0
2026,7404,SERVICIO DE SALUD BIO BIO HOSPITAL SANTA BARBARA,Biobío,Hospitales,73,73,2644627092,2644627092,0,70575744,2574051348,0,0,0,0
2025,116408,I MUNICIPALIDAD DE LOS SAUCES,La Araucanía,Municipalidades,99,3,1252540000,1252540000,0,1252040000,0,500000,0,0,0
2026,116408,I MUNICIPALIDAD DE LOS SAUCES,La Araucanía,Municipalidades,218,6,3652999968,3652999968,0,3642099968,0,10900000,0,0,0
2025,7427,Hospital Psiquiátrico El Peral,Metropolitana de Santiago,Hospitales,62,29,2081150000,2081150000,0,1989950000,0,91200000,0,0,0
2026,7427,Hospital Psiquiátrico El Peral,Metropolitana de Santiago,Hospitales,64,31,2818520104,2818520104,0,2638629104,0,179891000,0,0,0
2025,1512218,MINISTERIO DE LA MUJER Y LA EQUIDAD DE GÉNERO,Metropolitana de Santiago,,18,18,2707027332,2707027332,0,2707027332,0,0,0,0,0
2026,1512218,MINISTERIO DE LA MUJER Y LA EQUIDAD DE GÉNERO,Metropolitana de Santiago,,110,110,2179477619,2179477619,0,2078865919,0,100611700,0,0,0
2025,1959832,SERVICIO LOCAL DE EDUCACIÓN PÚBLICA PUELCHE,Biobío,,0,0,0,0,0,0,0,0,0,0,0
2026,1959832,SERVICIO LOCAL DE EDUCACIÓN PÚBLICA PUELCHE,Biobío,,108,28,4870764999,4870764999,0,4629999732,240765267,0,0,0,0
2025,7388,SERVICIO SALUD BIO BIO HOSPITAL NACIMIENTO,Biobío,Hospitales,42,10,1974970123,1974970123,0,1958518123,16452000,0,0,0,0
2026,7388,SERVICIO SALUD BIO BIO HOSPITAL NACIMIENTO,Biobío,Hospitales,46,13,2888561399,2888561399,0,2215411592,673149807,0,0,0,0
2025,133311,Ilustre Municipalidad de Curepto,Maule,Municipalidades,327,95,2485783294,2485783294,0,2145008269,162465009,178310016,0,0,0
2026,133311,Ilustre Municipalidad de Curepto,Maule,Municipalidades,367,103,2369880043,2369880043,0,1411170038,530960001,427750004,0,0,0
2025,183037,I MUNICIPALIDAD DE TIRUA,Biobío,Municipalidades,4104,47,1697871599,1697871599,0,1697871599,0,0,0,0,0
2026,183037,I MUNICIPALIDAD DE TIRUA,Biobío,Municipalidades,4144,81,3142711950,3142711950,0,2304341742,832187514,6182694,0,0,0
2025,7354,CORPORACION DE ASISTENCIA JUDICIAL DE LA REGION DEL BIO BIO,Biobío,"Contraloría, Congreso y Poder judicial",287,247,1631034151,1631034151,0,772593251,803940900,54500000,0,0,0
2026,7354,CORPORACION DE ASISTENCIA JUDICIAL DE LA REGION DEL BIO BIO,Biobío,"Contraloría, Congreso y Poder judicial",591,501,3197681889,3197681889,0,1782893408,1350028481,64760000,0,0,0
2025,6930,SUPERINTENDENCIA DE SALUD,Metropolitana de Santiago,Gobierno Central,88,27,2765397000,2765397000,0,1891198000,54522000,819677000,0,0,0
2026,6930,SUPERINTENDENCIA DE SALUD,Metropolitana de Santiago,Gobierno Central,78,30,2045358000,2045358000,0,1448858000,138660000,457840000,0,0,0
2025,7489,SERVICIO DE SALUD VINA DEL MAR QUILLOTA,Valparaíso,Hospitales,66,30,2295534000,2295534000,0,2295534000,0,0,0,0,0
2026,7489,SERVICIO DE SALUD VINA DEL MAR QUILLOTA,Valparaíso,Hospitales,1463,24,2511001099,2511001099,0,2505115099,0,5886000,0,0,0
2025,7232,SUPERINTENDENCIA DE ELECTRICIDAD Y COMBUSTIBLES,Metropolitana de Santiago,Gobierno Central,83,42,3256432017,3256432017,0,2212054496,0,1044377521,0,0,0
2026,7232,SUPERINTENDENCIA DE ELECTRICIDAD Y COMBUSTIBLES,Metropolitana de Santiago,Gobierno Central,40,40,1534070785,1534070785,0,1345732161,11000000,177338624,0,0,0
2025,119484,I MUNICIPALIDAD DE ANTUCO,Biobío,Municipalidades,107,43,1833797744,1833797744,0,1766197744,67600000,0,0,0,0
2026,119484,I MUNICIPALIDAD DE ANTUCO,Biobío,Municipalidades,101,52,2947495909,2947495909,0,2763235908,143760000,40500001,0,0,0
2025,7328,ILUSTRE MUNICIPALIDAD DE ALTO DEL CARMEN,Atacama,Municipalidades,61,2,2235927600,2235927600,0,2137000000,94500000,4427600,0,0,0
2026,7328,ILUSTRE MUNICIPALIDAD DE ALTO DEL CARMEN,Atacama,Municipalidades,79,2,2526770114,2526770114,0,2172231000,354539114,0,0,0,0
2025,7115,DELEGACIÓN PRESIDENCIAL REGIONAL DE ATACAMA,Atacama,Interior,58,58,3605403861,3605403861,0,3600907861,0,4496000,0,0,0
2026,7115,DELEGACIÓN PRESIDENCIAL REGIONAL DE ATACAMA,Atacama,Interior,72,72,1094625582,1094625582,0,1093375586,0,1249996,0,0,0
2025,118073,I MUNICIPALIDAD DE RENAICO,La Araucanía,Municipalidades,128,41,2657890992,2657890992,0,2277490992,0,380400000,0,0,0
2026,118073,I MUNICIPALIDAD DE RENAICO,La Araucanía,Municipalidades,88,21,2041300500,2041300500,0,1976300500,0,65000000,0,0,0
2025,115280,ILUSTRE MUNICIPALIDAD TEODORO SCHMIDT,La Araucanía,Municipalidades,1719,40,1972143891,1972143891,0,847423828,1113800000,10920063,0,0,0
2026,115280,ILUSTRE MUNICIPALIDAD TEODORO SCHMIDT,La Araucanía,Municipalidades,1809,40,2672061382,2672061382,0,2672061382,0,0,0,0,0
2025,1163882,CORPORACION MUNIC DE EDUC SALUD ATENCION,Metropolitana de Santiago,,23,23,2126889677,2126889677,0,2126889677,0,0,0,0,0
2026,1163882,CORPORACION MUNIC DE EDUC SALUD ATENCION,Metropolitana de Santiago,,25,25,2504340650,2504340650,0,2504340650,0,0,0,0,0
2025,108932,I MUNICIPALIDAD DE JUAN FERNANDEZ,Valparaíso,Municipalidades,334,21,2015293163,2015293163,0,1951184608,5000000,59108555,0,0,0
2026,108932,I MUNICIPALIDAD DE JUAN FERNANDEZ,Valparaíso,Municipalidades,322,22,2602473729,2602473729,0,2602473729,0,0,0,0,0
2025,1803817,CORPORACION MUNICIPAL DE DEPORTES DE PUENTE ALTO,Metropolitana de Santiago,,21,5,1926975388,1926975388,0,332347334,1594628054,0,0,0,0
2026,1803817,CORPORACION MUNICIPAL DE DEPORTES DE PUENTE ALTO,Metropolitana de Santiago,,83,9,2679913519,2679913519,0,1417632799,1262280720,0,0,0,0
2025,6950,SERVICIO DE COOPERACION TECNICA,Metropolitana de Santiago,Gobierno Central,167,28,3117332918,3117332918,0,2164405612,818055306,134872000,0,0,0
2026,6950,SERVICIO DE COOPERACION TECNICA,Metropolitana de Santiago,Gobierno Central,129,23,1475604071,1475604071,0,632207434,666360320,177036317,0,0,0
2025,7191,SUBSECRETARIA DE PREVISION SOCIAL,Metropolitana de Santiago,Gobierno Central,60,53,2401987971,2401987971,0,2251297994,99585057,51104920,0,0,0
2026,7191,SUBSECRETARIA DE PREVISION SOCIAL,Metropolitana de Santiago,Gobierno Central,70,50,2125386496,2125386496,0,1714197280,396868941,14320275,0,0,0
2025,113258,I MUNICIPALIDAD DE LOLOL,Libertador Gral. Bernardo O'Higgins,Municipalidades,400,63,2089726484,2089726484,0,1778770984,260140000,50815500,0,0,0
2026,113258,I MUNICIPALIDAD DE LOLOL,Libertador Gral. Bernardo O'Higgins,Municipalidades,431,68,2413450997,2413450997,0,2185368497,170574500,57508000,0,0,0
2025,1577422,CENTRO DE FORMACION TECNICA DE LA REGION DEL MAULE,Maule,,53,19,1991171649,1991171649,0,1725724679,232446970,33000000,0,0,0
2026,1577422,CENTRO DE FORMACION TECNICA DE LA REGION DEL MAULE,Maule,,69,17,2499332274,2499332274,0,1660555774,801776500,37000000,0,0,0
2025,1842551,CORPORACION DE DESARROLLO DE LA COMUNA DE SAN VICENTE,Libertador Gral. Bernardo O'Higgins,,48,12,2032500000,2032500000,0,1891000000,139000000,2500000,0,0,0
2026,1842551,CORPORACION DE DESARROLLO DE LA COMUNA DE SAN VICENTE,Libertador Gral. Bernardo O'Higgins,,124,42,2450814840,2450814840,0,2084967809,357333818,8513213,0,0,0
2025,7443,SERVICIO DE SALUD HOSPITAL DE SAN VICENTE DE TAGUA TAGUA,Libertador Gral. Bernardo O'Higgins,Hospitales,44,1,2039716084,2039716084,0,1883548419,57433105,98734560,0,0,0
2026,7443,SERVICIO DE SALUD HOSPITAL DE SAN VICENTE DE TAGUA TAGUA,Libertador Gral. Bernardo O'Higgins,Hospitales,39,1,2443333986,2443333986,0,2243659662,6171324,193503000,0,0,0
2025,1890644,SERVICIO LOCAL DE EDUCACIÓN PÚBLICA TAMARUGAL,Tarapacá,,125,1,568177969,568177969,0,440543012,101314957,26320000,0,0,0
2026,1890644,SERVICIO LOCAL DE EDUCACIÓN PÚBLICA TAMARUGAL,Tarapacá,,166,3,3897922816,3897922816,0,1323457154,2509203862,65261800,0,0,0
2025,123526,I MUNICIPALIDAD DE PALMILLA,Libertador Gral. Bernardo O'Higgins,Municipalidades,158,147,2716576150,2716576150,0,1878655777,292523600,545396773,0,0,0
2026,123526,I MUNICIPALIDAD DE PALMILLA,Libertador Gral. Bernardo O'Higgins,Municipalidades,48,44,1741011262,1741011262,0,1609188000,4403000,127420262,0,0,0
2025,115294,I MUNICIPALIDAD DE YUNGAY,Ñuble,Municipalidades,128,3,2000334809,2000334809,0,1769267809,215067000,16000000,0,0,0
2026,115294,I MUNICIPALIDAD DE YUNGAY,Ñuble,Municipalidades,104,2,2381305072,2381305072,0,1510564050,242929000,627812022,0,0,0
2025,7139,SERVICIO DE SALUD NUBLE HOSPITAL DE EL C,Ñuble,Hospitales,67,10,2402153942,2402153942,0,2402153942,0,0,0,0,0
2026,7139,SERVICIO DE SALUD NUBLE HOSPITAL DE EL C,Ñuble,Hospitales,54,10,1956766722,1956766722,0,1956766722,0,0,0,0,0
2025,7403,Hospital  Lonquimay,La Araucanía,Hospitales,36,2,1602040001,1602040001,0,102000000,1,1500040000,0,0,0
2026,7403,Hospital  Lonquimay,La Araucanía,Hospitales,47,2,2741194001,2741194001,0,211997001,0,2529197000,0,0,0
2025,136421,I MUNICIPALIDAD DE SAN ROSENDO,Biobío,Municipalidades,272,34,2826372524,2826372524,0,2699469143,91049711,35853670,0,0,0
2026,136421,I MUNICIPALIDAD DE SAN ROSENDO,Biobío,Municipalidades,346,31,1506671751,1506671751,0,971342018,479311669,56018064,0,0,0
2025,1842168,CORPORACION MUNICIPAL DE MARÍA PINTO,Metropolitana de Santiago,,41,41,2336918552,2336918552,0,2085418552,250000000,1500000,0,0,0
2026,1842168,CORPORACION MUNICIPAL DE MARÍA PINTO,Metropolitana de Santiago,,44,44,1982305204,1982305204,0,1982305204,0,0,0,0,0
2025,7424,SERVICIO DE SALUD VALDIVIA HOSPITAL LANC,Los Ríos,Hospitales,64,37,1951000000,1951000000,0,1951000000,0,0,0,0,0
2026,7424,SERVICIO DE SALUD VALDIVIA HOSPITAL LANC,Los Ríos,Hospitales,70,37,2348589663,2348589663,0,2348589663,0,0,0,0,0
2025,6949,MINISTERIO SECRETARIA GENERAL DE LA PRESIDENCIA DE LA REPUBLICA,Metropolitana de Santiago,Gobierno Central,115,6,2666852085,2666852085,0,2306600259,352670541,7581285,0,0,0
2026,6949,MINISTERIO SECRETARIA GENERAL DE LA PRESIDENCIA DE LA REPUBLICA,Metropolitana de Santiago,Gobierno Central,114,2,1629080167,1629080167,0,1061790182,548154985,19135000,0,0,0
2025,135567,I MUNICIPALIDAD DE FREIRINA,Atacama,Municipalidades,131,4,4285925183,4285925183,0,4163675183,2000000,120250000,0,0,0
2026,135567,I MUNICIPALIDAD DE FREIRINA,Atacama,Municipalidades,0,0,0,0,0,0,0,0,0,0,0
2025,116407,Ilustre Municipalidad de Cabo de Hornos,Magallanes y de la Antártica Chilena,Municipalidades,52,52,2615256538,2615256538,0,1920649579,650606959,44000000,0,0,0
2026,116407,Ilustre Municipalidad de Cabo de Hornos,Magallanes y de la Antártica Chilena,Municipalidades,49,47,1667620000,1667620000,0,490080000,1129540000,48000000,0,0,0
2025,1088974,CORP MUNICIPAL DE CASTRO PARA LA EDUCACION SALUD Y ATENCION AL MENOR,Los Lagos,Aplicación Auditoria,501,19,1619601777,1619601777,0,1274198480,336021020,9382277,0,0,0
2026,1088974,CORP MUNICIPAL DE CASTRO PARA LA EDUCACION SALUD Y ATENCION AL MENOR,Los Lagos,Aplicación Auditoria,170,16,2623732546,2623732546,0,1686904980,410240600,526586966,0,0,0
2025,7371,DIRECCION NACIONAL DEL SERVICIO CIVIL,Metropolitana de Santiago,Gobierno Central,107,15,3026750006,3026750006,0,2793100006,233650000,0,0,0,0
2026,7371,DIRECCION NACIONAL DEL SERVICIO CIVIL,Metropolitana de Santiago,Gobierno Central,120,14,1210545980,1210545980,0,620060000,549740755,40745225,0,0,0
2025,119651,I MUNICIPALIDAD DE FRESIA,Los Lagos,Municipalidades,77,2,1937368000,1937368000,0,1906368000,0,31000000,0,0,0
2026,119651,I MUNICIPALIDAD DE FRESIA,Los Lagos,Municipalidades,81,2,2284562000,2284562000,0,1928352000,176210000,180000000,0,0,0
2025,7299,Departamento de Salud Parral,Maule,Municipalidades,35,6,2397252000,2397252000,0,2397252000,0,0,0,0,0
2026,7299,Departamento de Salud Parral,Maule,Municipalidades,32,6,1821811982,1821811982,0,1821811982,0,0,0,0,0
2025,7389,SERVICIO DE SALUD BIO BIO HOSPITAL DE HU,Biobío,Gobierno Central,87,23,2199677833,2199677833,0,2111773971,87903862,0,0,0,0
2026,7389,SERVICIO DE SALUD BIO BIO HOSPITAL DE HU,Biobío,Gobierno Central,59,13,1997524123,1997524123,0,1607114473,390409650,0,0,0,0
2025,123788,I MUNICIPALIDAD DE DONIHUE,Libertador Gral. Bernardo O'Higgins,Municipalidades,0,0,0,0,0,0,0,0,0,0,0
2026,123788,I MUNICIPALIDAD DE DONIHUE,Libertador Gral. Bernardo O'Higgins,Municipalidades,93,3,4125123711,4125123711,0,4097123711,0,28000000,0,0,0
2025,2110341,CORP CULTURAL DE LA ILUSTRE MUNICIPALIDAD DE SANTIAGO,Metropolitana de Santiago,Sin sector,0,0,0,0,0,0,0,0,0,0,0
2026,2110341,CORP CULTURAL DE LA ILUSTRE MUNICIPALIDAD DE SANTIAGO,Metropolitana de Santiago,Sin sector,58,5,4043363249,4043363249,0,3993690061,26907869,22765319,0,0,0
2025,114075,I MUNICIPALIDAD DE RIO HURTADO,Coquimbo,Municipalidades,65,50,983026539,983026539,0,954069539,0,28957000,0,0,0
2026,114075,I MUNICIPALIDAD DE RIO HURTADO,Coquimbo,Municipalidades,106,67,3055296424,3055296424,0,3052296420,0,3000004,0,0,0
2025,7199,GOBIERNO REGIONAL DE ANTOFAGASTA,Antofagasta,Interior,81,4,2835310877,2835310877,0,2757010877,0,78300000,0,0,0
2026,7199,GOBIERNO REGIONAL DE ANTOFAGASTA,Antofagasta,Interior,125,9,1172624770,1172624770,0,992253482,90517688,89853600,0,0,0
2025,6938,Comisión Nacional de Energía,Metropolitana de Santiago,Gobierno Central,78,19,1781658060,1781658060,0,1340366045,199062015,242230000,0,0,0
2026,6938,Comisión Nacional de Energía,Metropolitana de Santiago,Gobierno Central,79,24,2172201003,2172201003,0,1652531000,223690003,295980000,0,0,0
2025,1959831,SERVICIO LOCAL DE EDUCACIÓN PÚBLICA PETORCA,Valparaíso,,0,0,0,0,0,0,0,0,0,0,0
2026,1959831,SERVICIO LOCAL DE EDUCACIÓN PÚBLICA PETORCA,Valparaíso,,99,68,3942257243,3942257243,0,3591027212,351230031,0,0,0,0
2025,115285,I MUNICIPALIDAD DE FLORIDA,Biobío,Municipalidades,92,8,1935645259,1935645259,0,1547374273,9000000,379270986,0,0,0
2026,115285,I MUNICIPALIDAD DE FLORIDA,Biobío,Municipalidades,68,5,1996261779,1996261779,0,1763561780,132999999,99700000,0,0,0
2025,7480,SERVICIO NACIONAL DE SALUD HOSPITAL DE COCHRANE,Aysén del Gral. Carlos Ibáñez del Campo,Hospitales,68,57,1821958112,1821958112,0,1451007112,370951000,0,0,0,0
2026,7480,SERVICIO NACIONAL DE SALUD HOSPITAL DE COCHRANE,Aysén del Gral. Carlos Ibáñez del Campo,Hospitales,112,50,2099401645,2099401645,0,1002099862,228077976,869223807,0,0,0
2025,1060064,CONSEJO PARA LA TRANSPARENCIA,Metropolitana de Santiago,Gobierno Central,28,4,565361350,565361350,0,565361350,0,0,0,0,0
2026,1060064,CONSEJO PARA LA TRANSPARENCIA,Metropolitana de Santiago,Gobierno Central,26,7,3347932000,3347932000,0,3336332000,0,11600000,0,0,0
2025,1674041,SUBSECRETARIA DE RELACIONES ECONOMICAS INTERNACIONALES,Metropolitana de Santiago,Gobierno Central,132,61,1474823812,1474823812,0,747975187,0,726848625,0,0,0
2026,1674041,SUBSECRETARIA DE RELACIONES ECONOMICAS INTERNACIONALES,Metropolitana de Santiago,Gobierno Central,199,89,2425281761,2425281761,0,1665835663,0,759446098,0,0,0
2025,7018,SUBSECRETARIA DEL MINISTERIO DE MINERIA,Metropolitana de Santiago,Gobierno Central,195,142,2365296142,2365296142,0,1644091108,621220420,99984614,0,0,0
2026,7018,SUBSECRETARIA DEL MINISTERIO DE MINERIA,Metropolitana de Santiago,Gobierno Central,191,1,1500659437,1500659437,0,809916351,539819181,150923905,0,0,0
2025,7323,SERVICIO SALUD COQUIMBO HOSP DE SALAMANC,Coquimbo,Hospitales,569,42,2009988765,2009988765,0,2009988765,0,0,0,0,0
2026,7323,SERVICIO SALUD COQUIMBO HOSP DE SALAMANC,Coquimbo,Hospitales,574,38,1847449820,1847449820,0,1847449820,0,0,0,0,0
2025,7433,SERVICIO SALUD ARAUCANIA NORTE HOSPITAL CURACAUTIN,La Araucanía,Hospitales,42,21,1699578415,1699578415,0,1693778415,0,5800000,0,0,0
2026,7433,SERVICIO SALUD ARAUCANIA NORTE HOSPITAL CURACAUTIN,La Araucanía,Hospitales,48,21,2154883180,2154883180,0,2154883180,0,0,0,0,0
2025,7436,SERVICIO DE SALUD HOSPITAL DE PICHILEMU,Libertador Gral. Bernardo O'Higgins,Hospitales,1495,19,1864720812,1864720812,0,1864720812,0,0,0,0,0
2026,7436,SERVICIO DE SALUD HOSPITAL DE PICHILEMU,Libertador Gral. Bernardo O'Higgins,Hospitales,59,23,1984496526,1984496526,0,1984496526,0,0,0,0,0
2025,7277,Hospital de Constitución,Maule,Hospitales,92,18,1734340710,1734340710,0,1313797398,418826312,1717000,0,0,0
2026,7277,Hospital de Constitución,Maule,Hospitales,297,36,2111347950,2111347950,0,1567644045,541786143,1917762,0,0,0
2025,7064,I MUNICIPALIDAD DE LLANQUIHUE,Los Lagos,Municipalidades,158,71,2119054512,2119054512,0,1098570512,830979000,189505000,0,0,0
2026,7064,I MUNICIPALIDAD DE LLANQUIHUE,Los Lagos,Municipalidades,114,33,1704415000,1704415000,0,1541165000,6000000,157250000,0,0,0
2025,115167,I MUNICIPALIDAD DE TOCOPILLA,Antofagasta,Municipalidades,221,164,3785585342,3785585342,0,3523609342,261976000,0,0,0,0
2026,115167,I MUNICIPALIDAD DE TOCOPILLA,Antofagasta,Municipalidades,0,0,0,0,0,0,0,0,0,0,0
2025,1203668,Superintendencia del Medio Ambiente,Metropolitana de Santiago,,125,54,2330376116,2330376116,0,1951516845,51200000,327659271,0,0,0
2026,1203668,Superintendencia del Medio Ambiente,Metropolitana de Santiago,,107,41,1449843829,1449843829,0,674735890,294732346,480375593,0,0,0
2025,7344,HOSPITAL DR MARIO SANCHEZ VERGARA LA CALERA,Valparaíso,Hospitales,1055,38,1841822274,1841822274,0,1824822274,17000000,0,0,0,0
2026,7344,HOSPITAL DR MARIO SANCHEZ VERGARA LA CALERA,Valparaíso,Hospitales,1205,42,1934890021,1934890021,0,1934890021,0,0,0,0,0
2025,124198,Ilustre Municipalidad de Quirihue,Ñuble,Municipalidades,263,21,1785849800,1785849800,0,1384559800,187900000,213390000,0,0,0
2026,124198,Ilustre Municipalidad de Quirihue,Ñuble,Municipalidades,114,9,1975116881,1975116881,0,1585026881,298540000,91550000,0,0,0
2025,7159,I MUNICIPALIDAD DE LOS LAGOS,Los Ríos,Municipalidades,0,0,0,0,0,0,0,0,0,0,0
2026,7159,I MUNICIPALIDAD DE LOS LAGOS,Los Ríos,Municipalidades,47,2,3733902901,3733902901,0,3682085901,1817000,50000000,0,0,0
2025,7131,SERVICIO DE SALUD ARAUCANIA SUR HOSPITAL CARAHUE,La Araucanía,Hospitales,167,11,2986391743,2986391743,0,2986391743,0,0,0,0,0
2026,7131,SERVICIO DE SALUD ARAUCANIA SUR HOSPITAL CARAHUE,La Araucanía,Hospitales,62,13,721650823,721650823,0,718549379,1873220,1228224,0,0,0
2025,1700248,CENTRO DE FORMACION TECNICA ESTATAL DE MAGALLANES Y ANTARTICA CHILENA,Magallanes y de la Antártica Chilena,Gobierno Central,18,17,1914167356,1914167356,0,1914167356,0,0,0,0,0
2026,1700248,CENTRO DE FORMACION TECNICA ESTATAL DE MAGALLANES Y ANTARTICA CHILENA,Magallanes y de la Antártica Chilena,Gobierno Central,67,67,1757720543,1757720543,0,1653963051,90761117,12996375,0,0,0
2025,1860541,"CORPORACIÓN MUNICIPAL DE EDUCACIÓN, SALUD Y ATENCIÓN DE MENORES CHONCHI",Los Lagos,,37,21,2456219163,2456219163,0,2382219163,69000000,5000000,0,0,0
2026,1860541,"CORPORACIÓN MUNICIPAL DE EDUCACIÓN, SALUD Y ATENCIÓN DE MENORES CHONCHI",Los Lagos,,24,24,1212800000,1212800000,0,1157800000,0,55000000,0,0,0
2025,7367,I MUNICIPALIDAD DE RIO NEGRO,Los Lagos,Municipalidades,488,131,3661337958,3661337958,0,3430669623,116873135,113795200,0,0,0
2026,7367,I MUNICIPALIDAD DE RIO NEGRO,Los Lagos,Municipalidades,0,0,0,0,0,0,0,0,0,0,0
2025,7487,HOSPITAL SAN AGUSTIN DE LA LIGUA,Valparaíso,Hospitales,40,40,1810714490,1810714490,0,1372299811,114711632,323703047,0,0,0
2026,7487,HOSPITAL SAN AGUSTIN DE LA LIGUA,Valparaíso,Hospitales,39,39,1848124526,1848124526,0,1485661179,0,362463347,0,0,0
2025,7243,MINISTERIO DE OBRAS PUBLICAS DIREC CION GRAL DE OO PP DCYF,Metropolitana de Santiago,Obras,230,101,2394332104,2394332104,0,1853817418,474361986,66152700,0,0,0
2026,7243,MINISTERIO DE OBRAS PUBLICAS DIREC CION GRAL DE OO PP DCYF,Metropolitana de Santiago,Obras,155,75,1256137131,1256137131,0,1149411981,61695150,45030000,0,0,0
2025,115979,I MUNICIPALIDAD DE QUILLECO,Biobío,Municipalidades,72,36,3640450840,3640450840,0,3619432840,0,21018000,0,0,0
2026,115979,I MUNICIPALIDAD DE QUILLECO,Biobío,Municipalidades,0,0,0,0,0,0,0,0,0,0,0
2025,115304,I MUNICIPALIDAD DE MARCHIGUE,Libertador Gral. Bernardo O'Higgins,Municipalidades,81,3,1851511406,1851511406,0,592041361,295450114,964019931,0,0,0
2026,115304,I MUNICIPALIDAD DE MARCHIGUE,Libertador Gral. Bernardo O'Higgins,Municipalidades,79,3,1766586584,1766586584,0,1012032389,296864092,457690103,0,0,0
2025,7441,SERVICIO DE SALUD HOSPITAL DE CHIMBARONGO,Libertador Gral. Bernardo O'Higgins,Hospitales,131,31,1796318846,1796318846,0,388898992,1406554924,864930,0,0,0
2026,7441,SERVICIO DE SALUD HOSPITAL DE CHIMBARONGO,Libertador Gral. Bernardo O'Higgins,Hospitales,134,31,1806405769,1806405769,0,1806405769,0,0,0,0,0
2025,116946,ILUSTRE MUNICIPALIDAD DE HUARA,Tarapacá,Municipalidades,266,5,1780472144,1780472144,0,1586249569,178700575,15522000,0,0,0
2026,116946,ILUSTRE MUNICIPALIDAD DE HUARA,Tarapacá,Municipalidades,152,4,1805084288,1805084288,0,808449996,996634292,0,0,0,0
2025,1550588,SUBSECRETARIA DE DERECHOS HUMANOS,Metropolitana de Santiago,,88,8,1692394863,1692394863,0,1147978524,351607435,192808904,0,0,0
2026,1550588,SUBSECRETARIA DE DERECHOS HUMANOS,Metropolitana de Santiago,,72,14,1876202000,1876202000,0,1043552000,769432000,63218000,0,0,0
2025,1808599,Corporación Municipal de Deporte  de Vitacura,Metropolitana de Santiago,,112,65,1539751977,1539751977,0,1539751977,0,0,0,0,0
2026,1808599,Corporación Municipal de Deporte  de Vitacura,Metropolitana de Santiago,,116,101,2024145652,2024145652,0,2024145652,0,0,0,0,0
2025,7353,MOP Dirección General de Concesiones,Metropolitana de Santiago,Obras,121,5,2039365370,2039365370,0,1124954780,786935328,127475262,0,0,0
2026,7353,MOP Dirección General de Concesiones,Metropolitana de Santiago,Obras,85,5,1486073905,1486073905,0,201360000,1217237163,67476742,0,0,0
2025,121613,I MUNICIPALIDAD DE CURACAUTIN,La Araucanía,Municipalidades,118,4,3518335027,3518335027,0,3500735027,0,17600000,0,0,0
2026,121613,I MUNICIPALIDAD DE CURACAUTIN,La Araucanía,Municipalidades,0,0,0,0,0,0,0,0,0,0,0
2025,118085,Ilustre Municipalidad de San Juan de la Costa,Los Lagos,Municipalidades,231,87,2142444148,2142444148,0,1523570693,545731015,73142440,0,0,0
2026,118085,Ilustre Municipalidad de San Juan de la Costa,Los Lagos,Municipalidades,134,88,1352872000,1352872000,0,796346000,555526000,1000000,0,0,0
2025,7241,I MUNICIPALIDAD DE CERRILLOS,Metropolitana de Santiago,Municipalidades,912,38,3471100899,3471100899,0,3168657975,302142924,300000,0,0,0
2026,7241,I MUNICIPALIDAD DE CERRILLOS,Metropolitana de Santiago,Municipalidades,0,0,0,0,0,0,0,0,0,0,0
2025,116940,I MUNICIPALIDAD DE QUILACO,Biobío,Municipalidades,52,5,1066773000,1066773000,0,1001933000,7580000,57260000,0,0,0
2026,116940,I MUNICIPALIDAD DE QUILACO,Biobío,Municipalidades,89,2,2371439000,2371439000,0,2371439000,0,0,0,0,0
2025,7423,SERVICIO DE SALUD VALDIVIA HOSPITAL DE R,Los Ríos,Hospitales,798,41,1570643108,1570643108,0,1569453108,0,1190000,0,0,0
2026,7423,SERVICIO DE SALUD VALDIVIA HOSPITAL DE R,Los Ríos,Hospitales,878,45,1850266632,1850266632,0,1850266632,0,0,0,0,0
2025,7432,INSTITUTO NACIONAL DE REHABILITACION PEDRO AGUIRRE CERDA,Metropolitana de Santiago,Hospitales,1113,16,1809574316,1809574316,0,1446872584,361996692,705040,0,0,0
2026,7432,INSTITUTO NACIONAL DE REHABILITACION PEDRO AGUIRRE CERDA,Metropolitana de Santiago,Hospitales,493,17,1606457046,1606457046,0,1248749884,357707162,0,0,0,0
2025,7156,SERVICIO DE SALUD DE LA ARAUCANIA SUR HOSPITAL LONCOCHE,La Araucanía,Hospitales,26,18,1673617000,1673617000,0,1456063158,217553842,0,0,0,0
2026,7156,SERVICIO DE SALUD DE LA ARAUCANIA SUR HOSPITAL LONCOCHE,La Araucanía,Hospitales,35,13,1727250029,1727250029,0,1727250029,0,0,0,0,0
2025,7329,SERVICIO DE SALUD COQUIMBO HOSPITAL VICUNA,Coquimbo,Hospitales,99,21,1700796351,1700796351,0,1690696351,0,10100000,0,0,0
2026,7329,SERVICIO DE SALUD COQUIMBO HOSPITAL VICUNA,Coquimbo,Hospitales,79,21,1689881720,1689881720,0,1689881720,0,0,0,0,0
2025,7391,SERVICIO DE SALUD ANTOFAGASTA HOSPITAL 21 DE MAYO TALTAL,Antofagasta,Hospitales,1144,85,1277720231,1277720231,0,558425577,719294654,0,0,0,0
2026,7391,SERVICIO DE SALUD ANTOFAGASTA HOSPITAL 21 DE MAYO TALTAL,Antofagasta,Hospitales,1311,84,2080950719,2080950719,0,1386550313,694400406,0,0,0,0
2025,6933,Consejo de Defensa del Estado,Metropolitana de Santiago,Gobierno Central,148,10,1462068885,1462068885,0,686990986,224055217,551022682,0,0,0
2026,6933,Consejo de Defensa del Estado,Metropolitana de Santiago,Gobierno Central,164,7,1886115572,1886115572,0,700504718,82253210,1103357644,0,0,0
2025,1772424,CENTRO DE FORMACIÓN TÉCNICA ESTATAL DE LA REGIÓN DEL LIBERTADOR GENERA,Libertador Gral. Bernardo O'Higgins,Gobierno Central,15,4,3339508979,3339508979,0,3263606422,75902557,0,0,0,0
2026,1772424,CENTRO DE FORMACIÓN TÉCNICA ESTATAL DE LA REGIÓN DEL LIBERTADOR GENERA,Libertador Gral. Bernardo O'Higgins,Gobierno Central,0,0,0,0,0,0,0,0,0,0,0
2025,7282,DELEGACIÓN PRESIDENCIAL PROVINCIAL DE LINARES,Maule,Interior,18,11,2059450000,2059450000,0,2059450000,0,0,0,0,0
2026,7282,DELEGACIÓN PRESIDENCIAL PROVINCIAL DE LINARES,Maule,Interior,30,16,1251500000,1251500000,0,1251500000,0,0,0,0,0
2025,165285,I MUNICIPALIDAD DE LA ESTRELLA,Libertador Gral. Bernardo O'Higgins,Municipalidades,144,6,1903354010,1903354010,0,1620250000,228030000,55074010,0,0,0
2026,165285,I MUNICIPALIDAD DE LA ESTRELLA,Libertador Gral. Bernardo O'Higgins,Municipalidades,118,6,1407136295,1407136295,0,1000350000,204086295,202700000,0,0,0
2025,1216382,SUBSECRETARIA PARA LAS FUERZAS ARMADAS,Metropolitana de Santiago,,105,15,1552603341,1552603341,0,1131382341,224904000,196317000,0,0,0
2026,1216382,SUBSECRETARIA PARA LAS FUERZAS ARMADAS,Metropolitana de Santiago,,104,16,1753943379,1753943379,0,1301326080,396417299,56200000,0,0,0
2025,116738,Ilustre Municipalidad de Yerbas Buenas,Maule,Municipalidades,10,10,463540000,463540000,0,72000000,50000000,341540000,0,0,0
2026,116738,Ilustre Municipalidad de Yerbas Buenas,Maule,Municipalidades,11,10,2842148495,2842148495,0,2842148495,0,0,0,0,0
2025,7280,SERVICIO DE SALUD DEL MAULE HOSPITAL DE MOLINA,Maule,Hospitales,39,21,1486757642,1486757642,0,1228647642,0,258110000,0,0,0
2026,7280,SERVICIO DE SALUD DEL MAULE HOSPITAL DE MOLINA,Maule,Hospitales,77,26,1808656480,1808656480,0,1258684480,0,549972000,0,0,0
2025,132741,I MUNICIPALIDAD DE ERCILLA,La Araucanía,Municipalidades,188,33,1263864524,1263864524,0,1183864524,80000000,0,0,0,0
2026,132741,I MUNICIPALIDAD DE ERCILLA,La Araucanía,Municipalidades,312,52,2031422009,2031422009,0,2031422009,0,0,0,0,0
2025,7350,DELEGACIÓN PRESIDENCIAL PROVINCIAL DE PARINACOTA,Arica y Parinacota,Interior,46,4,1672509958,1672509958,0,1516553942,49836661,106119355,0,0,0
2026,7350,DELEGACIÓN PRESIDENCIAL PROVINCIAL DE PARINACOTA,Arica y Parinacota,Interior,29,4,1608584194,1608584194,0,1529341156,22696494,56546544,0,0,0
2025,89591,I MUNICIPALIDAD DE RIO CLARO,Maule,Municipalidades,77,3,2212910958,2212910958,0,1409509966,648390992,155010000,0,0,0
2026,89591,I MUNICIPALIDAD DE RIO CLARO,Maule,Municipalidades,60,3,1063389984,1063389984,0,878589984,134800000,50000000,0,0,0
2025,142508,I MUNICIPALIDAD DE NEGRETE,Biobío,Municipalidades,85,3,1494385050,1494385050,0,1221720050,151665000,121000000,0,0,0
2026,142508,I MUNICIPALIDAD DE NEGRETE,Biobío,Municipalidades,89,3,1778325000,1778325000,0,1363700000,414625000,0,0,0,0
2025,115299,I MUNICIPALIDAD DE PORTEZUELO,Ñuble,Municipalidades,111,111,1527137992,1527137992,0,766034004,585233988,175870000,0,0,0
2026,115299,I MUNICIPALIDAD DE PORTEZUELO,Ñuble,Municipalidades,128,124,1739535000,1739535000,0,794040000,871475000,74020000,0,0,0
2025,133899,I MUNICIPALIDAD DE PERQUENCO,La Araucanía,Municipalidades,274,94,1838233929,1838233929,0,1802633929,0,35600000,0,0,0
2026,133899,I MUNICIPALIDAD DE PERQUENCO,La Araucanía,Municipalidades,257,91,1393393559,1393393559,0,1319569571,0,73823988,0,0,0
2025,1546095,HOSPITAL SANTA ELISA DE SAN JOSE DE LA MARIQUINA,Los Ríos,,54,50,1417238319,1417238319,0,1414518340,2719979,0,0,0,0
2026,1546095,HOSPITAL SANTA ELISA DE SAN JOSE DE LA MARIQUINA,Los Ríos,,57,51,1785603228,1785603228,0,1782103228,3500000,0,0,0,0
2025,118855,I MUNICIPALIDAD DE HUALANE,Maule,Municipalidades,68,7,1261807988,1261807988,0,1230977988,0,30830000,0,0,0
2026,118855,I MUNICIPALIDAD DE HUALANE,Maule,Municipalidades,68,17,1907246000,1907246000,0,1720296000,0,186950000,0,0,0
2025,154782,I MUNICIPALIDAD DE CHILE CHICO,Aysén del Gral. Carlos Ibáñez del Campo,Municipalidades,55,1,3076056996,3076056996,0,2971984000,35711000,68361996,0,0,0
2026,154782,I MUNICIPALIDAD DE CHILE CHICO,Aysén del Gral. Carlos Ibáñez del Campo,Municipalidades,72,1,74613534,74613534,0,72203562,30000,2379972,0,0,0
2025,106000,ILUSTRE MUNICIPALIDAD DE TORRES DEL PAIN,Magallanes y de la Antártica Chilena,Municipalidades,89,84,1792208009,1792208009,0,534205410,406100005,851902594,0,0,0
2026,106000,ILUSTRE MUNICIPALIDAD DE TORRES DEL PAIN,Magallanes y de la Antártica Chilena,Municipalidades,84,61,1282165995,1282165995,0,565149999,0,717015996,0,0,0
2025,7197,INSTITUTO NACIONAL DE LA JUVENTUD,Metropolitana de Santiago,Gobierno Central,193,8,1933873042,1933873042,0,1813838818,48461337,71572887,0,0,0
2026,7197,INSTITUTO NACIONAL DE LA JUVENTUD,Metropolitana de Santiago,Gobierno Central,168,7,1135409469,1135409469,0,845967482,264321980,25120007,0,0,0
2025,7400,SERVICIO DE SALUD CONCEPCION ARAUCO HOSPITAL DE CONTULMO,Biobío,Hospitales,978,17,1879575000,1879575000,0,1833475001,0,46099999,0,0,0
2026,7400,SERVICIO DE SALUD CONCEPCION ARAUCO HOSPITAL DE CONTULMO,Biobío,Hospitales,562,6,1137296999,1137296999,0,1047155999,0,90141000,0,0,0
2025,1820138,CORPORACION MUNICIPAL DE FOMENTO   PRODUCTIVO DE ARICA,Arica y Parinacota,,141,3,1240526013,1240526013,0,1165699961,31553789,43272263,0,0,0
2026,1820138,CORPORACION MUNICIPAL DE FOMENTO   PRODUCTIVO DE ARICA,Arica y Parinacota,,75,12,1762298057,1762298057,0,894744385,539410461,328143211,0,0,0
2025,118859,Ilustre Municipalidad de General Lagos,Arica y Parinacota,Municipalidades,21,1,584000000,584000000,0,342400000,205200000,36400000,0,0,0
2026,118859,Ilustre Municipalidad de General Lagos,Arica y Parinacota,Municipalidades,33,4,2387281898,2387281898,0,2164101900,223179998,0,0,0,0
2025,117210,I MUNICIPALIDAD DE SANTA MARIA,Valparaíso,Municipalidades,66,18,1218137997,1218137997,0,415100000,803007997,30000,0,0,0
2026,117210,I MUNICIPALIDAD DE SANTA MARIA,Valparaíso,Municipalidades,73,18,1742200092,1742200092,0,243000000,1499200092,0,0,0,0
2025,7397,SERVICIO DE SALUD BIO BIO HOSPITAL DE YU,Biobío,Hospitales,450,67,2315617109,2315617109,0,2258528475,0,57088634,0,0,0
2026,7397,SERVICIO DE SALUD BIO BIO HOSPITAL DE YU,Biobío,Hospitales,98,31,629875000,629875000,0,551175000,77300000,1400000,0,0,0
2025,7235,CORP DE ASISTENCIA JUDICIAL DE LA REGION DE VALPARAISO,Valparaíso,"Contraloría, Congreso y Poder judicial",84,62,1527578995,1527578995,0,1162654400,297731838,67192757,0,0,0
2026,7235,CORP DE ASISTENCIA JUDICIAL DE LA REGION DE VALPARAISO,Valparaíso,"Contraloría, Congreso y Poder judicial",78,42,1415972505,1415972505,0,724205013,547667492,144100000,0,0,0
2025,1675231,SERVICIO LOCAL DE EDUCACION PUBLICA DE GABRIELA MISTRAL,Metropolitana de Santiago,,56,2,1368707600,1368707600,0,1086995600,91412000,190300000,0,0,0
2026,1675231,SERVICIO LOCAL DE EDUCACION PUBLICA DE GABRIELA MISTRAL,Metropolitana de Santiago,,45,2,1560608995,1560608995,0,1273005995,183453000,104150000,0,0,0
2025,1191967,SUBSECRETARIA DE DEFENSA,Metropolitana de Santiago,,73,2,1612033764,1612033764,0,928677635,586556129,96800000,0,0,0
2026,1191967,SUBSECRETARIA DE DEFENSA,Metropolitana de Santiago,,69,10,1297250411,1297250411,0,923111413,374138998,0,0,0,0
2025,1824423,FUNDACION MUNICIPAL DE CULTURA DE PROVIDENCIA,Metropolitana de Santiago,Gobierno Central,14,3,1312262028,1312262028,0,606634884,47421000,658206144,0,0,0
2026,1824423,FUNDACION MUNICIPAL DE CULTURA DE PROVIDENCIA,Metropolitana de Santiago,Gobierno Central,17,4,1587619712,1587619712,0,629613992,720054084,237951636,0,0,0
2025,7071,I MUNICIPALIDAD DE COYHAIQUE,Aysén del Gral. Carlos Ibáñez del Campo,Municipalidades,0,0,0,0,0,0,0,0,0,0,0
2026,7071,I MUNICIPALIDAD DE COYHAIQUE,Aysén del Gral. Carlos Ibáñez del Campo,Municipalidades,66,2,2864900594,2864900594,0,2574245358,290655236,0,0,0,0
2025,7472,SERVICIO DE SALUD COQUIMBO HOSPITAL DE ANDACOLLO,Coquimbo,Hospitales,78,18,1285245290,1285245290,0,1279900290,5345000,0,0,0,0
2026,7472,SERVICIO DE SALUD COQUIMBO HOSPITAL DE ANDACOLLO,Coquimbo,Hospitales,260,40,1573847384,1573847384,0,299521180,1269006204,5320000,0,0,0
2025,119999,I MUNICIPALIDAD DE LAGUNA BLANCA,Magallanes y de la Antártica Chilena,Municipalidades,128,34,869612531,869612531,0,746452579,109159952,14000000,0,0,0
2026,119999,I MUNICIPALIDAD DE LAGUNA BLANCA,Magallanes y de la Antártica Chilena,Municipalidades,217,49,1977800240,1977800240,0,1889117896,57268622,31413722,0,0,0
2025,1577943,CENTRO DE FORMACION TECNICA DE LA REGION DE LA ARAUCANIA,La Araucanía,,23,7,1059789665,1059789665,0,972547615,86912050,330000,0,0,0
2026,1577943,CENTRO DE FORMACION TECNICA DE LA REGION DE LA ARAUCANIA,La Araucanía,,22,7,1779859349,1779859349,0,1714703749,64106600,1049000,0,0,0
2025,117585,I MUNICIPALIDAD DE PRIMAVERA,Magallanes y de la Antártica Chilena,Municipalidades,168,8,1340166000,1340166000,0,1295266000,36900000,8000000,0,0,0
2026,117585,I MUNICIPALIDAD DE PRIMAVERA,Magallanes y de la Antártica Chilena,Municipalidades,689,9,1497701949,1497701949,0,1389721949,103880000,4100000,0,0,0
2025,7043,Comité de Seguros del Agro,Metropolitana de Santiago,Gobierno Central,30,1,1135419996,1135419996,0,1095650000,34769996,5000000,0,0,0
2026,7043,Comité de Seguros del Agro,Metropolitana de Santiago,Gobierno Central,30,1,1676171999,1676171999,0,1636600000,39571999,0,0,0,0
2025,1216200,SERVICIO NACIONAL DE SALUD HOSPITAL DE LLAY LLAY,Valparaíso,,57,32,1632136828,1632136828,0,1632136828,0,0,0,0,0
2026,1216200,SERVICIO NACIONAL DE SALUD HOSPITAL DE LLAY LLAY,Valparaíso,,54,50,1166076115,1166076115,0,1166076115,0,0,0,0,0
2025,1971712,CORP MUNICIPAL DE EDUCACION Y SERVICIOS RAMON FREIRE,Los Lagos,,37,1,1178959563,1178959563,0,1178959563,0,0,0,0,0
2026,1971712,CORP MUNICIPAL DE EDUCACION Y SERVICIOS RAMON FREIRE,Los Lagos,,30,1,1599434489,1599434489,0,1599434489,0,0,0,0,0
2025,1999101,CORPORACIÓN DESARROLLA BIOBÍO,Biobío,,13,1,452179242,452179242,0,409495720,42683522,0,0,0,0
2026,1999101,CORPORACIÓN DESARROLLA BIOBÍO,Biobío,,18,1,2290580132,2290580132,0,2177570183,113009949,0,0,0,0
2025,7414,SERVICIO SALUD ATACAMA HOSPITAL DE HUASCO,Atacama,Hospitales,26,1,1327415631,1327415631,0,1090415627,221000004,16000000,0,0,0
2026,7414,SERVICIO SALUD ATACAMA HOSPITAL DE HUASCO,Atacama,Hospitales,30,1,1389954903,1389954903,0,1089054911,64900000,235999992,0,0,0
2025,7370,HOSPITAL DE MEJILLONES,Antofagasta,Hospitales,850,20,1397385407,1397385407,0,1179482394,147803013,70100000,0,0,0
2026,7370,HOSPITAL DE MEJILLONES,Antofagasta,Hospitales,195,26,1302547847,1302547847,0,1133535710,153655337,15356800,0,0,0
2025,275314,DELEGACIÓN PRESIDENCIAL PROVINCIAL DEL TAMARUGAL,Tarapacá,Interior,52,10,1377035376,1377035376,0,1202252745,69222523,105560108,0,0,0
2026,275314,DELEGACIÓN PRESIDENCIAL PROVINCIAL DEL TAMARUGAL,Tarapacá,Interior,46,11,1321395779,1321395779,0,662890698,273700000,384805081,0,0,0
2025,7274,SERVICIO DE SALUD METROPOLITANO NORTE HOSPITAL DE TIL TIL,Metropolitana de Santiago,Hospitales,85,49,1254405046,1254405046,0,1254405046,0,0,0,0,0
2026,7274,SERVICIO DE SALUD METROPOLITANO NORTE HOSPITAL DE TIL TIL,Metropolitana de Santiago,Hospitales,81,49,1443664867,1443664867,0,1443664867,0,0,0,0,0
2025,1800776,CORP MUNICIPAL DE DESARROLLO SOCIAL DE POZO ALMONTE,Tarapacá,Gobierno Central,801,71,2664398668,2664398668,0,2059357548,557781120,47260000,0,0,0
2026,1800776,CORP MUNICIPAL DE DESARROLLO SOCIAL DE POZO ALMONTE,Tarapacá,Gobierno Central,0,0,0,0,0,0,0,0,0,0,0
2025,1771237,CENTRO DE FORMACIÓN TÉCNICA DE LA REGIÓN DE AYSÉN DEL GENERAL CARLOS I,Aysén del Gral. Carlos Ibáñez del Campo,,26,6,309380000,309380000,0,255780000,29600000,24000000,0,0,0
2026,1771237,CENTRO DE FORMACIÓN TÉCNICA DE LA REGIÓN DE AYSÉN DEL GENERAL CARLOS I,Aysén del Gral. Carlos Ibáñez del Campo,,28,6,2353486753,2353486753,0,2353486753,0,0,0,0,0
2025,119487,ILUSTRE MUNICIPALIDAD DE CAMINA,Tarapacá,Municipalidades,162,4,1534388000,1534388000,0,1447001000,42600000,44787000,0,0,0
2026,119487,ILUSTRE MUNICIPALIDAD DE CAMINA,Tarapacá,Municipalidades,107,3,1111265244,1111265244,0,1066265244,45000000,0,0,0,0
2025,7426,SERVICIO DE SALUD VALDIVIA HOSPITAL DE C,Los Ríos,Hospitales,349,34,1010616355,1010616355,0,1010616355,0,0,0,0,0
2026,7426,SERVICIO DE SALUD VALDIVIA HOSPITAL DE C,Los Ríos,Hospitales,354,50,1619408460,1619408460,0,1619408460,0,0,0,0,0
2025,113259,I MUNICIPALIDAD DE LOTA,Biobío,Municipalidades,22,1,1294959940,1294959940,0,1294959940,0,0,0,0,0
2026,113259,I MUNICIPALIDAD DE LOTA,Biobío,Municipalidades,22,22,1307617860,1307617860,0,1307617860,0,0,0,0,0
2025,7196,DELEGACIÓN PRESIDENCIAL REGIONAL DE VALPARAÍSO,Valparaíso,Interior,47,6,1228900000,1228900000,0,1006000000,76267000,146633000,0,0,0
2026,7196,DELEGACIÓN PRESIDENCIAL REGIONAL DE VALPARAÍSO,Valparaíso,Interior,42,6,1344900000,1344900000,0,739400000,0,605500000,0,0,0
2025,1688781,CONSULTORIO GENERAL URBANO SAN FELIPE,Valparaíso,,50,2,1120743344,1120743344,0,1120743344,0,0,0,0,0
2026,1688781,CONSULTORIO GENERAL URBANO SAN FELIPE,Valparaíso,,58,2,1448308200,1448308200,0,977305582,433873694,37128924,0,0,0
2025,272303,CORP DE ASISTENCIA JUDICIAL DE LAS REG T,Tarapacá,"Contraloría, Congreso y Poder judicial",48,1,1762481107,1762481107,0,1241010931,513856176,7614000,0,0,0
2026,272303,CORP DE ASISTENCIA JUDICIAL DE LAS REG T,Tarapacá,"Contraloría, Congreso y Poder judicial",30,2,780178015,780178015,0,491010957,252517057,36650001,0,0,0
2025,116747,I MUNICIPALIDAD DE CISNES,Aysén del Gral. Carlos Ibáñez del Campo,Municipalidades,240,40,1095808771,1095808771,0,773568771,0,322240000,0,0,0
2026,116747,I MUNICIPALIDAD DE CISNES,Aysén del Gral. Carlos Ibáñez del Campo,Municipalidades,222,53,1425861131,1425861131,0,1323676735,0,102184396,0,0,0
2025,115795,ILUSTRE MUNICIPALIDAD DE SAN GREGORIO,Magallanes y de la Antártica Chilena,Municipalidades,87,2,1203720000,1203720000,0,850080000,332340000,21300000,0,0,0
2026,115795,ILUSTRE MUNICIPALIDAD DE SAN GREGORIO,Magallanes y de la Antártica Chilena,Municipalidades,99,2,1303520000,1303520000,0,1239620000,63900000,0,0,0,0
2025,192032,COMISION ADMINISTRADORA DEL SISTEMA DE CREDITOS P. ESTUDIOS SUPERIORES,Metropolitana de Santiago,Gobierno Central,61,1,1647000833,1647000833,0,1647000833,0,0,0,0,0
2026,192032,COMISION ADMINISTRADORA DEL SISTEMA DE CREDITOS P. ESTUDIOS SUPERIORES,Metropolitana de Santiago,Gobierno Central,23,1,850815331,850815331,0,850815331,0,0,0,0,0
2025,7465,SERVICIO NACIONAL DE SALUD HOSPITAL PUREN,La Araucanía,Hospitales,41,16,1045741680,1045741680,0,915941680,129800000,0,0,0,0
2026,7465,SERVICIO NACIONAL DE SALUD HOSPITAL PUREN,La Araucanía,Hospitales,42,16,1432356840,1432356840,0,1432356840,0,0,0,0,0
2025,1818181,CORPORACION MUNICIPAL DE CULTURA DE TALCA,Maule,,128,10,1154884953,1154884953,0,936199796,214885157,3800000,0,0,0
2026,1818181,CORPORACION MUNICIPAL DE CULTURA DE TALCA,Maule,,93,12,1316986500,1316986500,0,858076000,388910500,70000000,0,0,0
2025,115463,I MUNICIPALIDAD DE O HIGGINS,Aysén del Gral. Carlos Ibáñez del Campo,Municipalidades,105,23,1637546542,1637546542,0,1260370092,352786450,24390000,0,0,0
2026,115463,I MUNICIPALIDAD DE O HIGGINS,Aysén del Gral. Carlos Ibáñez del Campo,Municipalidades,123,20,817932170,817932170,0,418900000,353432170,45600000,0,0,0
2025,7501,I MUNICIPALIDAD DE CHANCO,Maule,Municipalidades,75,57,1235616261,1235616261,0,1141566262,91999999,2050000,0,0,0
2026,7501,I MUNICIPALIDAD DE CHANCO,Maule,Municipalidades,81,80,1217767190,1217767190,0,1213712190,2000000,2055000,0,0,0
2025,7005,OFICINA DE ESTUDIOS Y POLITICAS AGRARIAS,Metropolitana de Santiago,Gobierno Central,95,12,1419052025,1419052025,0,997558733,130946764,290546528,0,0,0
2026,7005,OFICINA DE ESTUDIOS Y POLITICAS AGRARIAS,Metropolitana de Santiago,Gobierno Central,38,8,1029773688,1029773688,0,920539506,82350000,26884182,0,0,0
2025,1623817,SUBSECRETARIA DEL PATRIMONIO CULTURAL,Metropolitana de Santiago,,39,27,1015029017,1015029017,0,734693724,98021437,182313856,0,0,0
2026,1623817,SUBSECRETARIA DEL PATRIMONIO CULTURAL,Metropolitana de Santiago,,59,27,1410502509,1410502509,0,1080515811,172824698,157162000,0,0,0
2025,117587,I MUNICIPALIDAD DE PEMUCO,Ñuble,Municipalidades,65,11,924800000,924800000,0,734850000,0,189950000,0,0,0
2026,117587,I MUNICIPALIDAD DE PEMUCO,Ñuble,Municipalidades,72,11,1500350000,1500350000,0,1254850000,0,245500000,0,0,0
2025,7415,SERVICIO DE SALUD ATACAMA HOSPITAL FLORENCIO VARGAS DIAZ,Atacama,Hospitales,97,33,1401602001,1401602001,0,304089014,853763969,243749018,0,0,0
2026,7415,SERVICIO DE SALUD ATACAMA HOSPITAL FLORENCIO VARGAS DIAZ,Atacama,Hospitales,47,40,1017114000,1017114000,0,818141000,198973000,0,0,0,0
2025,1959810,SERVICIO LOCAL DE EDUCACIÓN PÚBLICA ANTOFAGASTA,Antofagasta,,90,27,1061211990,1061211990,0,858628891,202583099,0,0,0,0
2026,1959810,SERVICIO LOCAL DE EDUCACIÓN PÚBLICA ANTOFAGASTA,Antofagasta,,161,27,1344865602,1344865602,0,1020879000,323986602,0,0,0,0
2025,7330,SERVICIO DE SALUD COQUIMBO HOSPITAL COMB,Coquimbo,Hospitales,39,31,1206007000,1206007000,0,1206007000,0,0,0,0,0
2026,7330,SERVICIO DE SALUD COQUIMBO HOSPITAL COMB,Coquimbo,Hospitales,98,24,1197543264,1197543264,0,1197543264,0,0,0,0,0
2025,1828274,CORPORACION SOCIAL Y CULTURA DE CONCEPCION - SEMCO,Biobío,,195,7,1325078096,1325078096,0,928809760,296424803,99843533,0,0,0
2026,1828274,CORPORACION SOCIAL Y CULTURA DE CONCEPCION - SEMCO,Biobío,,166,7,1074070268,1074070268,0,659639499,393730769,20700000,0,0,0
2025,7261,SERVICIO DE SALUD DEL MAULE HOSPITAL DE TENO,Maule,Hospitales,55,52,1442100019,1442100019,0,1442100019,0,0,0,0,0
2026,7261,SERVICIO DE SALUD DEL MAULE HOSPITAL DE TENO,Maule,Hospitales,54,52,955138507,955138507,0,955138507,0,0,0,0,0
2025,7077,GOBIERNO REGIONAL DE ATACAMA,Atacama,Interior,687,44,1594869541,1594869541,0,775608963,760545635,58714943,0,0,0
2026,7077,GOBIERNO REGIONAL DE ATACAMA,Atacama,Interior,442,50,765927545,765927545,0,365209837,358685704,42032004,0,0,0
2025,1688783,CONSULTORIO GENERAL N°2 DE LOS ANDES,Valparaíso,,27,1,1218558637,1218558637,0,1218558637,0,0,0,0,0
2026,1688783,CONSULTORIO GENERAL N°2 DE LOS ANDES,Valparaíso,,24,1,1141929957,1141929957,0,1141929957,0,0,0,0,0
2025,116410,I MUNICIPALIDAD DE LA HIGUERA,Coquimbo,Municipalidades,57,4,1499992000,1499992000,0,821192000,257800000,421000000,0,0,0
2026,116410,I MUNICIPALIDAD DE LA HIGUERA,Coquimbo,Municipalidades,33,3,856709000,856709000,0,722359000,58950000,75400000,0,0,0
2025,182336,ILUSTRE MUNICIPALIDAD DE ALTO BIOBIO,Biobío,Municipalidades,112,4,1578546000,1578546000,0,1578546000,0,0,0,0,0
2026,182336,ILUSTRE MUNICIPALIDAD DE ALTO BIOBIO,Biobío,Municipalidades,52,2,765045362,765045362,0,765045362,0,0,0,0,0
2025,118071,I MUNICIPALIDAD DE PINTO,Ñuble,Municipalidades,42,13,425974810,425974810,0,296124810,0,129850000,0,0,0
2026,118071,I MUNICIPALIDAD DE PINTO,Ñuble,Municipalidades,122,56,1910075203,1910075203,0,1065095203,0,225600000,394380000,138000000,87000000
2025,116754,SERVICIO NACIONAL DE SALUD HOSPITAL DE C,Aysén del Gral. Carlos Ibáñez del Campo,Hospitales,62,14,1102417102,1102417102,0,1102417102,0,0,0,0,0
2026,116754,SERVICIO NACIONAL DE SALUD HOSPITAL DE C,Aysén del Gral. Carlos Ibáñez del Campo,Hospitales,49,11,1229361380,1229361380,0,899361380,330000000,0,0,0,0
2025,117586,Municipalidad de Gorbea,La Araucanía,Municipalidades,532,88,1115966669,1115966669,0,374766667,464658000,276542002,0,0,0
2026,117586,Municipalidad de Gorbea,La Araucanía,Municipalidades,438,91,1208497552,1208497552,0,458000552,689197000,61300000,0,0,0
2025,116218,I MUNICIPALIDAD DE TIL TIL,Metropolitana de Santiago,Municipalidades,223,49,933025000,933025000,0,568360000,364665000,0,0,0,0
2026,116218,I MUNICIPALIDAD DE TIL TIL,Metropolitana de Santiago,Municipalidades,63,51,1391049977,1391049977,0,409299989,977749988,4000000,0,0,0
2025,85017,UNIDAD DE ANALISIS FINANCIERO,Metropolitana de Santiago,Gobierno Central,82,13,1788770184,1788770184,0,1747294171,0,41476013,0,0,0
2026,85017,UNIDAD DE ANALISIS FINANCIERO,Metropolitana de Santiago,Gobierno Central,44,9,522745639,522745639,0,508462779,0,14282860,0,0,0
2025,7257,SERVICIO DE SALUD DEL MAULE HOSPITAL DE LICANTEN,Maule,Hospitales,633,39,878808578,878808578,0,374398485,16360900,488049193,0,0,0
2026,7257,SERVICIO DE SALUD DEL MAULE HOSPITAL DE LICANTEN,Maule,Hospitales,998,43,1414450422,1414450422,0,638542215,44508601,731399606,0,0,0
2025,7237,DELEGACIÓN PRESIDENCIAL PROVINCIAL DE EL LOA,Antofagasta,Interior,45,11,1165423894,1165423894,0,1147397930,7247200,10778764,0,0,0
2026,7237,DELEGACIÓN PRESIDENCIAL PROVINCIAL DE EL LOA,Antofagasta,Interior,25,25,1098759293,1098759293,0,1068854183,25100450,4804660,0,0,0
2025,141884,Ilustre Municipalidad de Contulmo,Biobío,Municipalidades,124,27,1361644300,1361644300,0,1169114300,0,192530000,0,0,0
2026,141884,Ilustre Municipalidad de Contulmo,Biobío,Municipalidades,96,21,890151640,890151640,0,681011879,99295761,109844000,0,0,0
2025,1857193,FUNDACION TEATRO MUNICIPAL DE LAS CONDES,Metropolitana de Santiago,Gobierno Central,27,10,922990300,922990300,0,770300000,56890300,95800000,0,0,0
2026,1857193,FUNDACION TEATRO MUNICIPAL DE LAS CONDES,Metropolitana de Santiago,Gobierno Central,43,13,1309904049,1309904049,0,913119770,167811764,228972515,0,0,0
2025,119479,ILUSTRE MUNICIPALIDAD DE PUTRE,Arica y Parinacota,Municipalidades,115,3,691507500,691507500,0,243348000,443159500,5000000,0,0,0
2026,119479,ILUSTRE MUNICIPALIDAD DE PUTRE,Arica y Parinacota,Municipalidades,213,3,1537300000,1537300000,0,441100000,1084700000,11500000,0,0,0
2025,1443597,CESFAM LIRQUEN,Biobío,,824,24,947577630,947577630,0,557214127,390363503,0,0,0,0
2026,1443597,CESFAM LIRQUEN,Biobío,,38,13,1278300000,1278300000,0,1183500000,94800000,0,0,0,0
2025,1688785,CENTRO DE SALUD FAMILIAR CESFAM LLAY LLAY,Valparaíso,,59,16,845036658,845036658,0,780506845,64529813,0,0,0,0
2026,1688785,CENTRO DE SALUD FAMILIAR CESFAM LLAY LLAY,Valparaíso,,63,18,1359155305,1359155305,0,1146159821,0,212995484,0,0,0
2025,1961066,LO BARNECHEA SERVICIOS,Metropolitana de Santiago,,0,0,0,0,0,0,0,0,0,0,0
2026,1961066,LO BARNECHEA SERVICIOS,Metropolitana de Santiago,,117,64,2183220249,2183220249,0,1458500000,639892900,84827349,0,0,0
2025,1396777,SUBSECRETARIA DEL DEPORTE,Metropolitana de Santiago,,73,7,1087655971,1087655971,0,717889719,332366252,37400000,0,0,0
2026,1396777,SUBSECRETARIA DEL DEPORTE,Metropolitana de Santiago,,88,8,1086964450,1086964450,0,704570010,303494440,78900000,0,0,0
2025,84473,I MUNICIPALIDAD DE CANELA,Coquimbo,Municipalidades,17,15,896597000,896597000,0,857097000,39500000,0,0,0,0
2026,84473,I MUNICIPALIDAD DE CANELA,Coquimbo,Municipalidades,34,24,1271804229,1271804229,0,1181304229,75500000,15000000,0,0,0
2025,7275,DELEGACIÓN PRESIDENCIAL PROVINCIAL DE MALLECO,La Araucanía,Interior,17,2,837666148,837666148,0,823866148,0,13800000,0,0,0
2026,7275,DELEGACIÓN PRESIDENCIAL PROVINCIAL DE MALLECO,La Araucanía,Interior,26,3,1318747502,1318747502,0,1286705542,23941960,8100000,0,0,0
2025,7454,ILUSTRE MUNICIPALIDAD DE DIEGO DE ALMAGRO,Atacama,Municipalidades,35,10,787059052,787059052,0,577799060,158659992,50600000,0,0,0
2026,7454,ILUSTRE MUNICIPALIDAD DE DIEGO DE ALMAGRO,Atacama,Municipalidades,120,84,1361172940,1361172940,0,834988866,421006082,105177992,0,0,0
2025,1860306,CENTRO DE SALUD FAMILIAR PUERTO AYSÉN,Aysén del Gral. Carlos Ibáñez del Campo,,24,1,2117477979,2117477979,0,559460727,863064000,694953252,0,0,0
2026,1860306,CENTRO DE SALUD FAMILIAR PUERTO AYSÉN,Aysén del Gral. Carlos Ibáñez del Campo,,0,0,0,0,0,0,0,0,0,0,0
2025,7255,SERVICIO DE SALUD DEL MAULE HOSPITAL DE HUALANE,Maule,Hospitales,39,17,1043122050,1043122050,0,1043122050,0,0,0,0,0
2026,7255,SERVICIO DE SALUD DEL MAULE HOSPITAL DE HUALANE,Maule,Hospitales,37,13,1049246170,1049246170,0,1039246170,10000000,0,0,0,0
2025,7422,SERVICIO DE SALUD VALDIVIA HOSPITAL DE P,Los Ríos,Hospitales,53,45,926309540,926309540,0,702115169,0,224194371,0,0,0
2026,7422,SERVICIO DE SALUD VALDIVIA HOSPITAL DE P,Los Ríos,Hospitales,46,40,1164049443,1164049443,0,1164049443,0,0,0,0,0
2025,1796821,CENTRO DE FORMACIÓN TÉCNICA ESTATAL DE LA REGIÓN DEL BIOBÍO,Biobío,Gobierno Central,27,10,1057553932,1057553932,0,160000000,228153932,669400000,0,0,0
2026,1796821,CENTRO DE FORMACIÓN TÉCNICA ESTATAL DE LA REGIÓN DEL BIOBÍO,Biobío,Gobierno Central,41,18,1016613369,1016613369,0,831160729,98970740,86481900,0,0,0
2025,113851,I MUNICIPALIDAD DE LONCOCHE,La Araucanía,Municipalidades,413,20,596587464,596587464,0,596587464,0,0,0,0,0
2026,113851,I MUNICIPALIDAD DE LONCOCHE,La Araucanía,Municipalidades,331,43,1475568436,1475568436,0,1025991987,442486449,7090000,0,0,0
2025,1821131,CORPORACION CULTURAL SOCIAL Y DEPORTIVA MUNICIPAL DE QUILICURA,Metropolitana de Santiago,,16,1,205190000,205190000,0,205190000,0,0,0,0,0
2026,1821131,CORPORACION CULTURAL SOCIAL Y DEPORTIVA MUNICIPAL DE QUILICURA,Metropolitana de Santiago,,55,1,1864002445,1864002445,0,1631804535,18743690,213454220,0,0,0
2025,7442,SERVICIO DE SALUD HOSPITAL DE MARCHIGUE,Libertador Gral. Bernardo O'Higgins,Hospitales,233,52,1249024441,1249024441,0,698824620,0,15417500,462965900,69097625,2718796
2026,7442,SERVICIO DE SALUD HOSPITAL DE MARCHIGUE,Libertador Gral. Bernardo O'Higgins,Hospitales,170,39,807942650,807942650,0,698508650,96000000,13434000,0,0,0
2025,128260,SUPERINTENDENCIA DE CASINOS DE JUEGO,Metropolitana de Santiago,Gobierno Central,47,8,1299571593,1299571593,0,1209652032,59518528,30401033,0,0,0
2026,128260,SUPERINTENDENCIA DE CASINOS DE JUEGO,Metropolitana de Santiago,Gobierno Central,35,8,756992138,756992138,0,637685744,41029394,78277000,0,0,0
2025,115163,MUNICIPALIDAD DE TRAIGUEN,La Araucanía,Municipalidades,37,3,1048200000,1048200000,0,608700000,394500000,45000000,0,0,0
2026,115163,MUNICIPALIDAD DE TRAIGUEN,La Araucanía,Municipalidades,48,3,1006350000,1006350000,0,719850000,286500000,0,0,0,0
2025,1736867,Fundación para la Innovación Agraria,Metropolitana de Santiago,Gobierno Central,0,0,0,0,0,0,0,0,0,0,0
2026,1736867,Fundación para la Innovación Agraria,Metropolitana de Santiago,Gobierno Central,112,1,2053722163,2053722163,0,2053722163,0,0,0,0,0
2025,7444,SERVICIO DE SALUD HOSPITAL DE PEUMO,Libertador Gral. Bernardo O'Higgins,Hospitales,73,22,1008291454,1008291454,0,1008291454,0,0,0,0,0
2026,7444,SERVICIO DE SALUD HOSPITAL DE PEUMO,Libertador Gral. Bernardo O'Higgins,Hospitales,124,27,1042128489,1042128489,0,1040915129,1213360,0,0,0,0
2025,7490,HOSPITAL GERIATRICO LA PAZ DE LA TARDE,Valparaíso,Hospitales,1769,37,1063589646,1063589646,0,1059589646,0,4000000,0,0,0
2026,7490,HOSPITAL GERIATRICO LA PAZ DE LA TARDE,Valparaíso,Hospitales,1966,43,984049399,984049399,0,895213109,88836290,0,0,0,0
2025,7318,Hospital Santa Juana,Biobío,Hospitales,53,1,1013078177,1013078177,0,1011078177,0,2000000,0,0,0
2026,7318,Hospital Santa Juana,Biobío,Hospitales,63,1,1034513992,1034513992,0,1034513992,0,0,0,0,0
2025,7476,SERVICIO NAC DE SALUD HOSPITAL DE PTO CISNES,Aysén del Gral. Carlos Ibáñez del Campo,Hospitales,80,12,1013000000,1013000000,0,843400000,55000000,114600000,0,0,0
2026,7476,SERVICIO NAC DE SALUD HOSPITAL DE PTO CISNES,Aysén del Gral. Carlos Ibáñez del Campo,Hospitales,93,19,973233514,973233514,0,972233514,0,1000000,0,0,0
2025,118628,DIRECCION SALUD RURAL,Aysén del Gral. Carlos Ibáñez del Campo,Hospitales,0,0,0,0,0,0,0,0,0,0,0
2026,118628,DIRECCION SALUD RURAL,Aysén del Gral. Carlos Ibáñez del Campo,Hospitales,42,16,1973230620,1973230620,0,1671377304,245453316,56400000,0,0,0
2025,7195,DELEGACIÓN PRESIDENCIAL REGIONAL METROPOLITANA DE SANTIAGO,Metropolitana de Santiago,Interior,97,36,934117899,934117899,0,349997769,224550142,359569988,0,0,0
2026,7195,DELEGACIÓN PRESIDENCIAL REGIONAL METROPOLITANA DE SANTIAGO,Metropolitana de Santiago,Interior,43,32,1024401601,1024401601,0,931500000,92501601,400000,0,0,0
2025,1821120,CORPORACION MUNICIPAL DE DEPORTES Y RECREACIÓN DE ANTOFAGASTA,Antofagasta,,146,1,880347886,880347886,0,657129728,223218158,0,0,0,0
2026,1821120,CORPORACION MUNICIPAL DE DEPORTES Y RECREACIÓN DE ANTOFAGASTA,Antofagasta,,49,1,1047185800,1047185800,0,1047185800,0,0,0,0,0
2025,120798,I MUNICIPALIDAD DE MARIA PINTO,Metropolitana de Santiago,Municipalidades,72,9,874073095,874073095,0,733710047,0,140363048,0,0,0
2026,120798,I MUNICIPALIDAD DE MARIA PINTO,Metropolitana de Santiago,Municipalidades,64,12,1021912128,1021912128,0,748376640,0,273535488,0,0,0
2025,116944,I MUNICIPALIDAD DE EMPEDRADO,Maule,Municipalidades,48,48,656500000,656500000,0,540000000,0,116500000,0,0,0
2026,116944,I MUNICIPALIDAD DE EMPEDRADO,Maule,Municipalidades,88,47,1219183172,1219183172,0,986183172,150000000,83000000,0,0,0
2025,7290,Hospital Galvarino,La Araucanía,Hospitales,56,10,642014000,642014000,0,128200000,484057000,29757000,0,0,0
2026,7290,Hospital Galvarino,La Araucanía,Hospitales,79,2,1233020450,1233020450,0,1232759750,100000,160700,0,0,0
2025,7087,GOBIERNO REGIONAL XII REGION MAGALLANES Y ANTARTICA CHILENA,Magallanes y de la Antártica Chilena,Interior,78,18,1036509684,1036509684,0,1012658000,0,23851684,0,0,0
2026,7087,GOBIERNO REGIONAL XII REGION MAGALLANES Y ANTARTICA CHILENA,Magallanes y de la Antártica Chilena,Interior,64,13,827170800,827170800,0,826770800,0,400000,0,0,0
2025,7425,SERVICIO DE SALUD VALDIVIA HOSPITAL DE L,Los Ríos,Hospitales,83,60,831410940,831410940,0,831410940,0,0,0,0,0
2026,7425,SERVICIO DE SALUD VALDIVIA HOSPITAL DE L,Los Ríos,Hospitales,96,57,1031247800,1031247800,0,909008000,101779800,20460000,0,0,0
2025,1801849,Corporación Cultural Municipal de Puente Alto,Metropolitana de Santiago,,75,9,853626761,853626761,0,162979959,667908792,22738010,0,0,0
2026,1801849,Corporación Cultural Municipal de Puente Alto,Metropolitana de Santiago,,137,12,995662929,995662929,0,339975028,634414994,21272907,0,0,0
2025,7049,HOSPITAL VILCUN,La Araucanía,Hospitales,36,36,907033000,907033000,0,330282532,576750468,0,0,0,0
2026,7049,HOSPITAL VILCUN,La Araucanía,Hospitales,24,9,935151000,935151000,0,178200000,756951000,0,0,0,0
2025,118093,ILUSTRE MUNICIPALIDAD DE CURARREHUE,La Araucanía,Municipalidades,104,3,904169000,904169000,0,845776000,42805000,15588000,0,0,0
2026,118093,ILUSTRE MUNICIPALIDAD DE CURARREHUE,La Araucanía,Municipalidades,95,3,934607262,934607262,0,934607262,0,0,0,0,0
2025,118627,CONSULTORIO GENERAL URBANO DR ALEJANDRO GUTIERREZ,Aysén del Gral. Carlos Ibáñez del Campo,Hospitales,31,1,672774376,672774376,0,482574376,0,190200000,0,0,0
2026,118627,CONSULTORIO GENERAL URBANO DR ALEJANDRO GUTIERREZ,Aysén del Gral. Carlos Ibáñez del Campo,Hospitales,26,1,1158399000,1158399000,0,289350000,869049000,0,0,0,0
2025,1625610,DEFENSORIA DE LOS DERECHOS DE LA NIÑEZ,Metropolitana de Santiago,,109,109,722025000,722025000,0,650185000,20840000,51000000,0,0,0
2026,1625610,DEFENSORIA DE LOS DERECHOS DE LA NIÑEZ,Metropolitana de Santiago,,131,22,1106843000,1106843000,0,846903000,190640000,69300000,0,0,0
2025,7449,SERVICIO DE SALUD HOSPITAL DE GRANEROS,Libertador Gral. Bernardo O'Higgins,Hospitales,232,43,757670890,757670890,0,231178966,526491924,0,0,0,0
2026,7449,SERVICIO DE SALUD HOSPITAL DE GRANEROS,Libertador Gral. Bernardo O'Higgins,Hospitales,1380,55,1064097242,1064097242,0,967587162,96510080,0,0,0,0
2025,1083414,UNIDAD ADMINISTRADORA DE LOS TRIBUNALES TRIBUTARIOS Y ADUANEROS,Metropolitana de Santiago,Aplicación Auditoria,102,66,1108514412,1108514412,0,832445412,233382200,42686800,0,0,0
2026,1083414,UNIDAD ADMINISTRADORA DE LOS TRIBUNALES TRIBUTARIOS Y ADUANEROS,Metropolitana de Santiago,Aplicación Auditoria,84,50,701511988,701511988,0,576004988,114387000,11120000,0,0,0
2025,7075,Comisión Chilena del Cobre - COCHILCO,Metropolitana de Santiago,Gobierno Central,148,15,1054343454,1054343454,0,619737937,67323007,367282510,0,0,0
2026,7075,Comisión Chilena del Cobre - COCHILCO,Metropolitana de Santiago,Gobierno Central,103,2,750113554,750113554,0,135554000,224739680,389819874,0,0,0
2025,270727,DELEGACIÓN PRESIDENCIAL REGIONAL DE ARICA Y PARINACOTA,Arica y Parinacota,Interior,14,14,917350000,917350000,0,914350000,3000000,0,0,0,0
2026,270727,DELEGACIÓN PRESIDENCIAL REGIONAL DE ARICA Y PARINACOTA,Arica y Parinacota,Interior,14,1,884650000,884650000,0,884650000,0,0,0,0,0
2025,7491,DR. VICTOR HUGO MOLL DE CABILDO,Valparaíso,Hospitales,44,1,1348321008,1348321008,0,640251008,470470000,237600000,0,0,0
2026,7491,DR. VICTOR HUGO MOLL DE CABILDO,Valparaíso,Hospitales,35,21,446252416,446252416,0,27000000,419252416,0,0,0,0
2025,7470,SERVICIO NACIONAL DE SALUD HOSPITAL DE RIO NEGRO,Los Lagos,Hospitales,88,29,821769092,821769092,0,821769092,0,0,0,0,0
2026,7470,SERVICIO NACIONAL DE SALUD HOSPITAL DE RIO NEGRO,Los Lagos,Hospitales,91,30,966888249,966888249,0,966888249,0,0,0,0,0
2025,7435,SERVICIO DE SALUD HOSPITAL DE PICHIDEGUA,Libertador Gral. Bernardo O'Higgins,Hospitales,34,1,966795293,966795293,0,837161071,78314222,51320000,0,0,0
2026,7435,SERVICIO DE SALUD HOSPITAL DE PICHIDEGUA,Libertador Gral. Bernardo O'Higgins,Hospitales,67,1,797108984,797108984,0,713578988,0,83529996,0,0,0
2025,7278,SERVICIO DE SALUD DEL MAULE HOSPITAL DE CUREPTO,Maule,Hospitales,783,33,933227530,933227530,0,901147530,32000000,80000,0,0,0
2026,7278,SERVICIO DE SALUD DEL MAULE HOSPITAL DE CUREPTO,Maule,Hospitales,50,49,817712215,817712215,0,817712215,0,0,0,0,0
2025,7047,SERVICIO DE SALUD ARAUCANIA SUR HOSPITAL DE GORBEA,La Araucanía,Hospitales,42,11,835291038,835291038,0,835291038,0,0,0,0,0
2026,7047,SERVICIO DE SALUD ARAUCANIA SUR HOSPITAL DE GORBEA,La Araucanía,Hospitales,45,10,912593000,912593000,0,649547528,0,263045472,0,0,0
2025,267799,GOBIERNO REGIONAL DE LOS RIOS,Los Ríos,Interior,85,41,838095856,838095856,0,654245872,167673984,16176000,0,0,0
2026,267799,GOBIERNO REGIONAL DE LOS RIOS,Los Ríos,Interior,85,55,908180329,908180329,0,609515000,288965329,9700000,0,0,0
2025,7439,Hospital de Litueche,Libertador Gral. Bernardo O'Higgins,Hospitales,226,61,671794939,671794939,0,474100033,0,197694906,0,0,0
2026,7439,Hospital de Litueche,Libertador Gral. Bernardo O'Higgins,Hospitales,217,54,1070564094,1070564094,0,1028111934,3600000,38852160,0,0,0
2025,1823994,CORPORACION MUNICIPAL DE FOMENTO AL DESARROLLO COMUNAL Y PRODUCTIVO DE LA FLORIDA,Metropolitana de Santiago,,72,6,1073456768,1073456768,0,983720958,89735810,0,0,0,0
2026,1823994,CORPORACION MUNICIPAL DE FOMENTO AL DESARROLLO COMUNAL Y PRODUCTIVO DE LA FLORIDA,Metropolitana de Santiago,,55,15,656303170,656303170,0,443699980,212603190,0,0,0,0
2025,1818198,Corporación Cultural de La Florida,Metropolitana de Santiago,,57,3,1159564298,1159564298,0,728800000,407764298,23000000,0,0,0
2026,1818198,Corporación Cultural de La Florida,Metropolitana de Santiago,,53,4,551025520,551025520,0,515525520,0,35500000,0,0,0
2025,7307,SERV SALUD ARAUC SUR HOSP DR ARTURO HILLERNS LARRANAGA DE PTO SAAVEDRA,La Araucanía,Hospitales,46,8,829824000,829824000,0,494303924,267017668,68502408,0,0,0
2026,7307,SERV SALUD ARAUC SUR HOSP DR ARTURO HILLERNS LARRANAGA DE PTO SAAVEDRA,La Araucanía,Hospitales,30,6,855549000,855549000,0,854999000,0,550000,0,0,0
2025,1703725,CENTRO DE FORMACION TECNICA DE LA REGION DE ANTOFAGASTA,Antofagasta,,108,6,1423718592,1423718592,0,1342557642,0,81160950,0,0,0
2026,1703725,CENTRO DE FORMACION TECNICA DE LA REGION DE ANTOFAGASTA,Antofagasta,,84,7,236526312,236526312,0,236526312,0,0,0,0,0
2025,1978388,ASOCIACION DE MUNICIPALIDADES BIO BIO CENTRO,Biobío,,20,5,828441290,828441290,0,828441290,0,0,0,0,0
2026,1978388,ASOCIACION DE MUNICIPALIDADES BIO BIO CENTRO,Biobío,,26,11,829951080,829951080,0,799000000,30951080,0,0,0,0
2025,2038652,CORPORACION CENTRO CULTURAL GABRIELA MISTRAL,Metropolitana de Santiago,,0,0,0,0,0,0,0,0,0,0,0
2026,2038652,CORPORACION CENTRO CULTURAL GABRIELA MISTRAL,Metropolitana de Santiago,,164,11,1657109399,1657109399,0,1029160732,134325341,493623326,0,0,0
2025,1215262,SERVICIO DE SALUD ACONCAGUA HOSPITAL DE PUTAENDO,Valparaíso,Hospitales,45,2,860502060,860502060,0,403375362,433067178,24059520,0,0,0
2026,1215262,SERVICIO DE SALUD ACONCAGUA HOSPITAL DE PUTAENDO,Valparaíso,Hospitales,39,1,795194259,795194259,0,507327712,269824031,18042516,0,0,0
2025,1812146,CORP MUNICIPAL DE DESARROLLO SOCIAL DE CALERA DE TANGO,Metropolitana de Santiago,Gobierno Central,60,25,1393233286,1393233286,0,1309542986,83690300,0,0,0,0
2026,1812146,CORP MUNICIPAL DE DESARROLLO SOCIAL DE CALERA DE TANGO,Metropolitana de Santiago,Gobierno Central,38,21,249949957,249949957,0,120442841,129507116,0,0,0,0
2025,7287,SERVICIO NACIONAL DE SALUD HOSPITAL DE PUERTO OCTAY,Los Lagos,Hospitales,79,8,760769433,760769433,0,760769433,0,0,0,0,0
2026,7287,SERVICIO NACIONAL DE SALUD HOSPITAL DE PUERTO OCTAY,Los Lagos,Hospitales,96,20,866593704,866593704,0,866593704,0,0,0,0,0
2025,299576,TRIBUNAL CONSTITUCIONAL,Metropolitana de Santiago,,157,8,978283426,978283426,0,578621855,217494375,182167196,0,0,0
2026,299576,TRIBUNAL CONSTITUCIONAL,Metropolitana de Santiago,,63,16,646921368,646921368,0,543408631,0,103512737,0,0,0
2025,7421,SERVICIO DE SALUD HOSPITAL COINCO,Libertador Gral. Bernardo O'Higgins,Hospitales,1398,7,645815296,645815296,0,0,645815296,0,0,0,0
2026,7421,SERVICIO DE SALUD HOSPITAL COINCO,Libertador Gral. Bernardo O'Higgins,Hospitales,1930,6,968762932,968762932,0,259231365,709419567,112000,0,0,0
2025,267965,GOBIERNO REGIONAL DE ARICA-PARINACOTA,Arica y Parinacota,Interior,37,3,567673988,567673988,0,287099999,280573989,0,0,0,0
2026,267965,GOBIERNO REGIONAL DE ARICA-PARINACOTA,Arica y Parinacota,Interior,73,6,1039530984,1039530984,0,507749999,417818989,113961996,0,0,0
2025,1806732,Defensoría del Contribuyente,Metropolitana de Santiago,Gobierno Central,155,24,772626988,772626988,0,517678696,221350664,33597628,0,0,0
2026,1806732,Defensoría del Contribuyente,Metropolitana de Santiago,Gobierno Central,131,19,828554106,828554106,0,569020950,160639777,98893379,0,0,0
2025,1986812,ASOCIACION DE MUNICIPALIDADES PARQUE CORDILLERA,Metropolitana de Santiago,,131,40,800549022,800549022,0,630497173,93055732,76996117,0,0,0
2026,1986812,ASOCIACION DE MUNICIPALIDADES PARQUE CORDILLERA,Metropolitana de Santiago,,132,38,798292783,798292783,0,555245949,223366443,19680391,0,0,0
2025,7486,HOSPITAL DE LA FAMILIA Y LA COMUNIDAD SANTO TOMAS DE LIMACHE,Valparaíso,Hospitales,1555,13,1596265303,1596265303,0,1255910753,340259550,95000,0,0,0
2026,7486,HOSPITAL DE LA FAMILIA Y LA COMUNIDAD SANTO TOMAS DE LIMACHE,Valparaíso,Hospitales,0,0,0,0,0,0,0,0,0,0,0
2025,118630,CONSULTORIO GENERAL URBANO VICTOR DOMINGO SILVA,Aysén del Gral. Carlos Ibáñez del Campo,Hospitales,38,38,708427987,708427987,0,521412987,0,187015000,0,0,0
2026,118630,CONSULTORIO GENERAL URBANO VICTOR DOMINGO SILVA,Aysén del Gral. Carlos Ibáñez del Campo,Hospitales,69,69,864977778,864977778,0,581538778,165510000,117929000,0,0,0
2025,115166,I MUNICIPALIDAD DE PENCAHUE,Maule,Municipalidades,214,56,1565740000,1565740000,0,972170000,285200000,308370000,0,0,0
2026,115166,I MUNICIPALIDAD DE PENCAHUE,Maule,Municipalidades,0,0,0,0,0,0,0,0,0,0,0
2025,1238659,HOSPITAL FUTA SRÜKA LAWENCHE KUNKO MAPU MO,Los Lagos,Hospitales,52,50,728599192,728599192,0,486399192,242200000,0,0,0,0
2026,1238659,HOSPITAL FUTA SRÜKA LAWENCHE KUNKO MAPU MO,Los Lagos,Hospitales,50,48,823328068,823328068,0,823328068,0,0,0,0,0
2025,116731,I MUNICIPALIDAD DE QUINCHAO,Los Lagos,Municipalidades,32,25,1214994288,1214994288,0,1214994288,0,0,0,0,0
2026,116731,I MUNICIPALIDAD DE QUINCHAO,Los Lagos,Municipalidades,27,22,311860000,311860000,0,288600000,23260000,0,0,0,0
2025,1806867,CORPORACIÓN MUNICIPAL PUEBLITO DE LAS VIZCACHAS,Metropolitana de Santiago,Gobierno Central,187,21,807189749,807189749,0,685620381,118635368,2934000,0,0,0
2026,1806867,CORPORACIÓN MUNICIPAL PUEBLITO DE LAS VIZCACHAS,Metropolitana de Santiago,Gobierno Central,92,16,703094910,703094910,0,625049540,11425370,66620000,0,0,0
2025,7220,DELEGACIÓN PRESIDENCIAL REGIONAL DE LA ARAUCANÍA,La Araucanía,Interior,48,41,781161556,781161556,0,150724000,2300000,628137556,0,0,0
2026,7220,DELEGACIÓN PRESIDENCIAL REGIONAL DE LA ARAUCANÍA,La Araucanía,Interior,52,1,710573068,710573068,0,706440948,3100000,1032120,0,0,0
2025,113913,I MUNICIPALIDAD DE SAN RAFAEL,Maule,Municipalidades,56,20,799819200,799819200,0,799819200,0,0,0,0,0
2026,113913,I MUNICIPALIDAD DE SAN RAFAEL,Maule,Municipalidades,59,15,656490000,656490000,0,656490000,0,0,0,0,0
2025,1824375,CORPORACION CULTURAL DE LA REINA,Metropolitana de Santiago,Gobierno Central,21,12,856408557,856408557,0,856408557,0,0,0,0,0
2026,1824375,CORPORACION CULTURAL DE LA REINA,Metropolitana de Santiago,Gobierno Central,17,15,593915636,593915636,0,498928968,94986668,0,0,0,0
2025,7250,MINISTERIO DE OBRAS PUBLICAS DIREC CION GRAL DE OO PP DCYF,Metropolitana de Santiago,Obras,40,35,840317971,840317971,0,571448000,212285971,56584000,0,0,0
2026,7250,MINISTERIO DE OBRAS PUBLICAS DIREC CION GRAL DE OO PP DCYF,Metropolitana de Santiago,Obras,29,26,607696000,607696000,0,263000000,157566000,187130000,0,0,0
2025,7380,CENTRO DE INFORMACION DE RECURSOS NATURALES,Metropolitana de Santiago,Gobierno Central,12,1,687575942,687575942,0,627118111,14299975,46157856,0,0,0
2026,7380,CENTRO DE INFORMACION DE RECURSOS NATURALES,Metropolitana de Santiago,Gobierno Central,18,1,743673524,743673524,0,704273192,39400332,0,0,0,0
2025,2004021,CORPORACION REGIONAL DE DESARROLLO PRODUCTIVO DE LA REGION DEL MAULE,Maule,,26,1,456580000,456580000,0,407980000,48600000,0,0,0,0
2026,2004021,CORPORACION REGIONAL DE DESARROLLO PRODUCTIVO DE LA REGION DEL MAULE,Maule,,39,1,951466000,951466000,0,558540000,377992000,14934000,0,0,0
2025,7283,DELEGACIÓN PRESIDENCIAL PROVINCIAL DE OSORNO,Los Lagos,Interior,68,7,1104702592,1104702592,0,499047999,599904593,5750000,0,0,0
2026,7283,DELEGACIÓN PRESIDENCIAL PROVINCIAL DE OSORNO,Los Lagos,Interior,55,7,298015498,298015498,0,156376842,137438656,4200000,0,0,0
2025,1976169,FUNDACION IMAGEN DE CHILE,Metropolitana de Santiago,,121,18,667151306,667151306,0,450363962,100055113,116732231,0,0,0
2026,1976169,FUNDACION IMAGEN DE CHILE,Metropolitana de Santiago,,12,12,731500000,731500000,0,731500000,0,0,0,0,0
2025,1824117,CORPORACION DEL DEPORTE DE LA FLORIDA,Metropolitana de Santiago,,101,25,850781040,850781040,0,839571268,6000000,5209772,0,0,0
2026,1824117,CORPORACION DEL DEPORTE DE LA FLORIDA,Metropolitana de Santiago,,55,14,546399968,546399968,0,522999968,23400000,0,0,0,0
2025,1883625,CORPORACION CULTURAL MUNICIPAL DE LA COMUNA DE CHILLAN,Ñuble,,53,4,593730971,593730971,0,514150547,0,79580424,0,0,0
2026,1883625,CORPORACION CULTURAL MUNICIPAL DE LA COMUNA DE CHILLAN,Ñuble,,65,8,794795678,794795678,0,686496728,0,108298950,0,0,0
2025,7068,MINISTERIO DE OBRAS PUBLICAS DIREC CION GRAL DE OO PP DCYF,Metropolitana de Santiago,Obras,270,17,731434928,731434928,0,707163734,22772647,1498547,0,0,0
2026,7068,MINISTERIO DE OBRAS PUBLICAS DIREC CION GRAL DE OO PP DCYF,Metropolitana de Santiago,Obras,192,17,646001802,646001802,0,79872888,195139512,370989402,0,0,0
2025,7187,Dirección Nacional de Fronteras y Límites del Estado,Metropolitana de Santiago,Gobierno Central,61,8,708799498,708799498,0,511734498,0,197065000,0,0,0
2026,7187,Dirección Nacional de Fronteras y Límites del Estado,Metropolitana de Santiago,Gobierno Central,70,7,662416897,662416897,0,238611000,199957396,223848501,0,0,0
2025,7076,FISCALIA NACIONAL ECONOMICA,Metropolitana de Santiago,Gobierno Central,83,58,510675169,510675169,0,312955492,42217760,155501917,0,0,0
2026,7076,FISCALIA NACIONAL ECONOMICA,Metropolitana de Santiago,Gobierno Central,79,17,860415692,860415692,0,498017098,29738763,332659831,0,0,0
2025,7245,MINISTERIO DE OBRAS PUBLICAS DIREC CION GRAL DE OO PP DCYF,Metropolitana de Santiago,Obras,144,18,831258998,831258998,0,443648932,357239061,30371005,0,0,0
2026,7245,MINISTERIO DE OBRAS PUBLICAS DIREC CION GRAL DE OO PP DCYF,Metropolitana de Santiago,Obras,132,18,537148142,537148142,0,210874268,309523874,16750000,0,0,0
2025,114392,I MUNICIPALIDAD DE CHAITEN,Los Lagos,Municipalidades,28,26,674600000,674600000,0,421000000,129600000,124000000,0,0,0
2026,114392,I MUNICIPALIDAD DE CHAITEN,Los Lagos,Municipalidades,29,27,693520000,693520000,0,480000000,213520000,0,0,0,0
2025,1317359,Asociación Chilena de Municipalidades,Metropolitana de Santiago,,13,13,869900016,869900016,0,590000004,204900012,75000000,0,0,0
2026,1317359,Asociación Chilena de Municipalidades,Metropolitana de Santiago,,11,11,488200000,488200000,0,200000000,288200000,0,0,0,0
2025,1085182,"Corporación de Ecuación, Salud y Menores de Puerto Natales",Magallanes y de la Antártica Chilena,Aplicación Auditoria,38,9,594415000,594415000,0,97500000,466915000,30000000,0,0,0
2026,1085182,"Corporación de Ecuación, Salud y Menores de Puerto Natales",Magallanes y de la Antártica Chilena,Aplicación Auditoria,42,10,753600000,753600000,0,753600000,0,0,0,0,0
2025,112919,I MUNICIPALIDAD DE QUEILEN,Los Lagos,Municipalidades,34,31,719740499,719740499,0,681340503,38099996,300000,0,0,0
2026,112919,I MUNICIPALIDAD DE QUEILEN,Los Lagos,Municipalidades,32,29,599391660,599391660,0,571341660,28050000,0,0,0,0
2025,1684746,SUBSECRETARIA DE EDUCACION SUPERIOR,Metropolitana de Santiago,,22,22,799405000,799405000,0,781405000,0,18000000,0,0,0
2026,1684746,SUBSECRETARIA DE EDUCACION SUPERIOR,Metropolitana de Santiago,,33,33,512840000,512840000,0,486840000,0,26000000,0,0,0
2025,7193,AGENCIA DE PROMOCION DE LA INVERSION EXTRANJERA,Metropolitana de Santiago,Gobierno Central,25,19,576769970,576769970,0,576769970,0,0,0,0,0
2026,7193,AGENCIA DE PROMOCION DE LA INVERSION EXTRANJERA,Metropolitana de Santiago,Gobierno Central,33,27,726899992,726899992,0,699499992,0,27400000,0,0,0
2025,182424,ILUSTRE MUNICIPALIDAD COCHAMO,Los Lagos,Municipalidades,59,21,584239602,584239602,0,273000000,49200000,262039602,0,0,0
2026,182424,ILUSTRE MUNICIPALIDAD COCHAMO,Los Lagos,Municipalidades,57,25,718609026,718609026,0,245200004,413255020,60154002,0,0,0
2025,7413,SERVICIO DE SALUD ATACAMA HOSPITAL DE CHANARAL,Atacama,Hospitales,76,29,570055870,570055870,0,235769100,249286770,85000000,0,0,0
2026,7413,SERVICIO DE SALUD ATACAMA HOSPITAL DE CHANARAL,Atacama,Hospitales,273,28,731455328,731455328,0,426663000,295388321,9404007,0,0,0
2025,7200,"GOBIERNO REGIONAL VI REGION DEL LI BERTADOR B O""HIGGINS",Libertador Gral. Bernardo O'Higgins,Interior,10,10,420500000,420500000,0,232000000,180000000,8500000,0,0,0
2026,7200,"GOBIERNO REGIONAL VI REGION DEL LI BERTADOR B O""HIGGINS",Libertador Gral. Bernardo O'Higgins,Interior,10,10,875114170,875114170,0,785014170,90100000,0,0,0,0
2025,7445,SERVICIO DE SALUD HOSPITAL DE NANCAGUA,Libertador Gral. Bernardo O'Higgins,Hospitales,288,27,646621881,646621881,0,544621881,102000000,0,0,0,0
2026,7445,SERVICIO DE SALUD HOSPITAL DE NANCAGUA,Libertador Gral. Bernardo O'Higgins,Hospitales,167,26,627063822,627063822,0,521152542,105911280,0,0,0,0
2025,1042394,INSTITUTO NACIONAL DE PROPIEDAD INDUSTRIAL,Metropolitana de Santiago,Aplicación Auditoria,57,6,674266688,674266688,0,561791688,0,112475000,0,0,0
2026,1042394,INSTITUTO NACIONAL DE PROPIEDAD INDUSTRIAL,Metropolitana de Santiago,Aplicación Auditoria,70,6,598613429,598613429,0,564121429,0,34492000,0,0,0
2025,1628819,CENTRO DE FORMACION TECNICA ESTATAL DE LA REGION DE VALPARAISO,Valparaíso,,60,2,552175578,552175578,0,362456256,127286575,62432747,0,0,0
2026,1628819,CENTRO DE FORMACION TECNICA ESTATAL DE LA REGION DE VALPARAISO,Valparaíso,,66,2,710390638,710390638,0,526597752,180432886,3360000,0,0,0
2025,1489605,SUBSECRETARIA DE EDUCACION PARVULARIA,Metropolitana de Santiago,,184,14,645743782,645743782,0,345752423,297961811,2029548,0,0,0
2026,1489605,SUBSECRETARIA DE EDUCACION PARVULARIA,Metropolitana de Santiago,,201,12,614685554,614685554,0,281401890,291073664,42210000,0,0,0
2025,165105,MUNICIPALIDAD DE CHOLCHOL,La Araucanía,Municipalidades,83,1,1224092377,1224092377,0,1224092377,0,0,0,0,0
2026,165105,MUNICIPALIDAD DE CHOLCHOL,La Araucanía,Municipalidades,25,1,25899999,25899999,0,16349999,9550000,0,0,0,0
2025,7062,SERVICIO SALUD ARAUCANIA SUR HOSPITAL TOLTEN,La Araucanía,Hospitales,58,9,604889627,604889627,0,362948980,232658401,9282246,0,0,0
2026,7062,SERVICIO SALUD ARAUCANIA SUR HOSPITAL TOLTEN,La Araucanía,Hospitales,62,12,626631811,626631811,0,626511811,0,120000,0,0,0
2025,294421,Ilustre Municipalidad de Camarones,Arica y Parinacota,Municipalidades,0,0,0,0,0,0,0,0,0,0,0
2026,294421,Ilustre Municipalidad de Camarones,Arica y Parinacota,Municipalidades,96,11,1224393996,1224393996,0,1086082396,0,138311600,0,0,0
2025,118971,I MUNICIPALIDAD DE PAREDONES,Libertador Gral. Bernardo O'Higgins,Municipalidades,0,0,0,0,0,0,0,0,0,0,0
2026,118971,I MUNICIPALIDAD DE PAREDONES,Libertador Gral. Bernardo O'Higgins,Municipalidades,53,53,1222196000,1222196000,0,1100196000,28000000,94000000,0,0,0
2025,7301,Ilustre Municipalidad de Tortel,Aysén del Gral. Carlos Ibáñez del Campo,Municipalidades,14,13,274904000,274904000,0,124904000,0,150000000,0,0,0
2026,7301,Ilustre Municipalidad de Tortel,Aysén del Gral. Carlos Ibáñez del Campo,Municipalidades,8,8,933426000,933426000,0,289451000,26775000,617200000,0,0,0
2025,114924,I MUNICIPALIDAD DE NUEVA IMPERIAL,La Araucanía,Municipalidades,674,11,460213890,460213890,0,460213890,0,0,0,0,0
2026,114924,I MUNICIPALIDAD DE NUEVA IMPERIAL,La Araucanía,Municipalidades,1241,23,742887866,742887866,0,736927630,0,5960236,0,0,0
2025,1238663,HOSPITAL DEL PERPETUO SOCORRO DE QUILACAHUIN,Los Lagos,Hospitales,48,26,552370844,552370844,0,552370844,0,0,0,0,0
2026,1238663,HOSPITAL DEL PERPETUO SOCORRO DE QUILACAHUIN,Los Lagos,Hospitales,83,30,650565116,650565116,0,363398584,287166532,0,0,0,0
2025,7133,Consultorio Miraflores,La Araucanía,Hospitales,28,6,533176002,533176002,0,390476000,142700002,0,0,0,0
2026,7133,Consultorio Miraflores,La Araucanía,Hospitales,25,8,653703981,653703981,0,470976000,182727981,0,0,0,0
2025,7447,Hospital de Lolol,Libertador Gral. Bernardo O'Higgins,Hospitales,79,22,584266365,584266365,0,193778781,389362584,1125000,0,0,0
2026,7447,Hospital de Lolol,Libertador Gral. Bernardo O'Higgins,Hospitales,96,23,579639656,579639656,0,260005469,177709187,141925000,0,0,0
2025,2013096,CORPORACION TEATRO REGIONAL DEL BIO-BIO,Biobío,,81,8,147222605,147222605,0,93344260,8475845,45402500,0,0,0
2026,2013096,CORPORACION TEATRO REGIONAL DEL BIO-BIO,Biobío,,91,48,1007375742,1007375742,0,756980795,0,250394947,0,0,0
2025,119089,MUNICIPALIDAD DE CORRAL,Los Ríos,Municipalidades,40,36,532394988,532394988,0,532394988,0,0,0,0,0
2026,119089,MUNICIPALIDAD DE CORRAL,Los Ríos,Municipalidades,31,31,602700000,602700000,0,526700000,0,76000000,0,0,0
2025,7381,DELEGACIÓN PRESIDENCIAL PROVINCIAL DE TIERRA DEL FUEGO,Magallanes y de la Antártica Chilena,Interior,47,2,588284376,588284376,0,336014560,245106516,7163300,0,0,0
2026,7381,DELEGACIÓN PRESIDENCIAL PROVINCIAL DE TIERRA DEL FUEGO,Magallanes y de la Antártica Chilena,Interior,45,1,544107140,544107140,0,302693840,234250000,7163300,0,0,0
2025,7263,DELEGACIÓN PRESIDENCIAL PROVINCIAL DE CURICÓ,Maule,Interior,0,0,0,0,0,0,0,0,0,0,0
2026,7263,DELEGACIÓN PRESIDENCIAL PROVINCIAL DE CURICÓ,Maule,Interior,8,3,1131929999,1131929999,0,1128169999,3360000,400000,0,0,0
2025,7176,INSTITUTO NACIONAL DE HIDRAULICA,Metropolitana de Santiago,Obras,97,6,606200623,606200623,0,589385887,0,16814736,0,0,0
2026,7176,INSTITUTO NACIONAL DE HIDRAULICA,Metropolitana de Santiago,Obras,77,7,504509300,504509300,0,490584300,0,13925000,0,0,0
2025,165107,I MUNICIPALIDAD DE LAS GUAITECAS,Aysén del Gral. Carlos Ibáñez del Campo,Municipalidades,151,72,317523000,317523000,0,213800000,103623000,100000,0,0,0
2026,165107,I MUNICIPALIDAD DE LAS GUAITECAS,Aysén del Gral. Carlos Ibáñez del Campo,Municipalidades,152,19,792116676,792116676,0,450865000,341251676,0,0,0,0
2025,7084,GOBIERNO REGIONAL DE TARAPACA,Tarapacá,Interior,85,13,526836360,526836360,0,491731360,35105000,0,0,0,0
2026,7084,GOBIERNO REGIONAL DE TARAPACA,Tarapacá,Interior,79,13,575140940,575140940,0,545141980,29998960,0,0,0,0
2025,134356,Ilustre Municipalidad de Ñiquen,Ñuble,Municipalidades,0,0,0,0,0,0,0,0,0,0,0
2026,134356,Ilustre Municipalidad de Ñiquen,Ñuble,Municipalidades,18,1,1096445000,1096445000,0,0,1096445000,0,0,0,0
2025,2007689,ASOCIACIÓN DE MUNICIPIOS PARA LA SEGURIDAD COMUNITARIA,Metropolitana de Santiago,,80,3,536902721,536902721,0,536027121,0,875600,0,0,0
2026,2007689,ASOCIACIÓN DE MUNICIPIOS PARA LA SEGURIDAD COMUNITARIA,Metropolitana de Santiago,,79,4,521149405,521149405,0,498269405,22880000,0,0,0,0
2025,7181,SUPERINTENDENCIA DE INSOLVENCIA Y REEMPRENDIMIENTO,Metropolitana de Santiago,Gobierno Central,51,22,563538208,563538208,0,477108168,67530032,18900008,0,0,0
2026,7181,SUPERINTENDENCIA DE INSOLVENCIA Y REEMPRENDIMIENTO,Metropolitana de Santiago,Gobierno Central,77,31,490398120,490398120,0,306834693,148001427,35562000,0,0,0
2025,2077784,FUND CENTRO CULTURAL PALACIO DE LA MONEDA,Metropolitana de Santiago,,0,0,0,0,0,0,0,0,0,0,0
2026,2077784,FUND CENTRO CULTURAL PALACIO DE LA MONEDA,Metropolitana de Santiago,,272,21,987295444,987295444,0,526456402,313483251,147355791,0,0,0
2025,1688788,CENTRO SALUD MENTAL COMUNITARIA LOS ANDES,Valparaíso,,28,1,297862631,297862631,0,297862631,0,0,0,0,0
2026,1688788,CENTRO SALUD MENTAL COMUNITARIA LOS ANDES,Valparaíso,,63,3,688688156,688688156,0,428242517,260445639,0,0,0,0
2025,1812443,CORP CULTURAL DE OSORNO,Los Lagos,Gobierno Central,85,9,586100549,586100549,0,547027092,0,39073457,0,0,0
2026,1812443,CORP CULTURAL DE OSORNO,Los Lagos,Gobierno Central,95,6,399242370,399242370,0,305786400,93205970,250000,0,0,0
2025,2004239,CORPORACION REGIONAL DE DESARROLLO DE LA REGION DE TARAPACA,Tarapacá,,22,2,549773078,549773078,0,365973094,151999992,31799992,0,0,0
2026,2004239,CORPORACION REGIONAL DE DESARROLLO DE LA REGION DE TARAPACA,Tarapacá,,24,9,394583832,394583832,0,323883824,65700004,5000004,0,0,0
2025,7229,DELEGACIÓN PRESIDENCIAL REGIONAL DE AYSÉN DEL GENERAL CARLOS IBÁÑEZ DE,Aysén del Gral. Carlos Ibáñez del Campo,Interior,20,1,371955944,371955944,0,359455944,0,12500000,0,0,0
2026,7229,DELEGACIÓN PRESIDENCIAL REGIONAL DE AYSÉN DEL GENERAL CARLOS IBÁÑEZ DE,Aysén del Gral. Carlos Ibáñez del Campo,Interior,55,55,566284690,566284690,0,566284690,0,0,0,0,0
2025,1616398,CENTRO DE ESPECIALIDAD  DE ATENCION PREHOSPITALARIA SAMU BIO BIO,Biobío,,39,1,442481592,442481592,0,411981592,30500000,0,0,0,0
2026,1616398,CENTRO DE ESPECIALIDAD  DE ATENCION PREHOSPITALARIA SAMU BIO BIO,Biobío,,35,1,479946600,479946600,0,471412600,8534000,0,0,0,0
2025,1959834,SERVICIO LOCAL DE EDUCACIÓN PÚBLICA VALLE CACHAPOAL,Libertador Gral. Bernardo O'Higgins,,282,12,283986588,283986588,0,46238487,237748101,0,0,0,0
2026,1959834,SERVICIO LOCAL DE EDUCACIÓN PÚBLICA VALLE CACHAPOAL,Libertador Gral. Bernardo O'Higgins,,167,8,607979269,607979269,0,478892000,129087269,0,0,0,0
2025,1873179,Corporación Municipal de Deportes de Ñuñoa,Metropolitana de Santiago,,43,16,295435689,295435689,0,286005689,9430000,0,0,0,0
2026,1873179,Corporación Municipal de Deportes de Ñuñoa,Metropolitana de Santiago,,54,17,596451652,596451652,0,596451652,0,0,0,0,0
2025,1861543,Corporación Cultural Municipal de Ovalle,Coquimbo,,55,8,377762222,377762222,0,146697222,111065000,120000000,0,0,0
2026,1861543,Corporación Cultural Municipal de Ovalle,Coquimbo,,55,8,513905228,513905228,0,261178390,156663618,96063220,0,0,0
2025,7343,HOSPITAL DE PETORCA,Valparaíso,Hospitales,138,1,454053886,454053886,0,451953886,0,2100000,0,0,0
2026,7343,HOSPITAL DE PETORCA,Valparaíso,Hospitales,250,1,431569692,431569692,0,431569692,0,0,0,0,0
2025,1841838,CORPORACION MUNICIPAL DE DEPORTES Y RECREACION DE PENALOLEN,Metropolitana de Santiago,,523,9,399893742,399893742,0,53580000,337813742,8500000,0,0,0
2026,1841838,CORPORACION MUNICIPAL DE DEPORTES Y RECREACION DE PENALOLEN,Metropolitana de Santiago,,206,6,472928084,472928084,0,431708084,15020000,26200000,0,0,0
2025,7279,SERVICIO DE SALUD DEL MAULE HOSPITAL DE,Maule,Hospitales,0,0,0,0,0,0,0,0,0,0,0
2026,7279,SERVICIO DE SALUD DEL MAULE HOSPITAL DE,Maule,Hospitales,44,1,818946988,818946988,0,818946988,0,0,0,0,0
2025,1941868,Corporación Cultural de Antofagasta,Antofagasta,,16,1,271461812,271461812,0,271461812,0,0,0,0,0
2026,1941868,Corporación Cultural de Antofagasta,Antofagasta,,24,1,532791602,532791602,0,302400000,230391602,0,0,0,0
2025,270726,DELEGACIÓN PRESIDENCIAL REGIONAL DE LOS RÍOS,Los Ríos,Interior,7,1,27640000,27640000,0,10000000,17640000,0,0,0,0
2026,270726,DELEGACIÓN PRESIDENCIAL REGIONAL DE LOS RÍOS,Los Ríos,Interior,34,2,769879421,769879421,0,729399871,37882550,2597000,0,0,0
2025,7015,GOBIERNO REGIONAL DE LA REGION DEL BIO BIO,Biobío,Interior,0,0,0,0,0,0,0,0,0,0,0
2026,7015,GOBIERNO REGIONAL DE LA REGION DEL BIO BIO,Biobío,Interior,32,1,752820000,752820000,0,714420000,0,38400000,0,0,0
2025,1812266,FUNDACION PARA EL DESARROLLO DE LA CULTURA Y LAS ARTES DE LA COMUNA DE,Magallanes y de la Antártica Chilena,,0,0,0,0,0,0,0,0,0,0,0
2026,1812266,FUNDACION PARA EL DESARROLLO DE LA CULTURA Y LAS ARTES DE LA COMUNA DE,Magallanes y de la Antártica Chilena,,16,9,750450000,750450000,0,575600000,0,174850000,0,0,0
2025,1220768,SUBSECRETARIA DE TURISMO,Metropolitana de Santiago,,39,36,322562920,322562920,0,244544920,37703000,40315000,0,0,0
2026,1220768,SUBSECRETARIA DE TURISMO,Metropolitana de Santiago,,50,42,426068838,426068838,0,315000000,96068838,15000000,0,0,0
2025,1830859,CORPORACION DE DEPORTES DE ESTACION CENTRAL,Metropolitana de Santiago,,15,15,352252500,352252500,0,339652500,0,12600000,0,0,0
2026,1830859,CORPORACION DE DEPORTES DE ESTACION CENTRAL,Metropolitana de Santiago,,28,28,389230000,389230000,0,318130000,0,71100000,0,0,0
2025,7418,Ilustre Municipalidad de Ranquil,Ñuble,Municipalidades,0,0,0,0,0,0,0,0,0,0,0
2026,7418,Ilustre Municipalidad de Ranquil,Ñuble,Municipalidades,117,37,736999880,736999880,0,608000000,0,128999880,0,0,0
2025,1897431,CORPORACION MUNICIPAL DE DEPORTES DE IQUIQUE,Tarapacá,,0,0,0,0,0,0,0,0,0,0,0
2026,1897431,CORPORACION MUNICIPAL DE DEPORTES DE IQUIQUE,Tarapacá,,85,1,734706435,734706435,0,494141080,203615355,36950000,0,0,0
2025,1818175,CORPORACION MUNICIPAL DE DEPORTE DE TALCA,Maule,,27,6,613597739,613597739,0,158398412,55201289,399998038,0,0,0
2026,1818175,CORPORACION MUNICIPAL DE DEPORTE DE TALCA,Maule,,16,5,115609700,115609700,0,82188100,33421600,0,0,0,0
2025,99765,I MUNICIPALIDAD DE TALAGANTE,Metropolitana de Santiago,Municipalidades,0,0,0,0,0,0,0,0,0,0,0
2026,99765,I MUNICIPALIDAD DE TALAGANTE,Metropolitana de Santiago,Municipalidades,339,1,705984027,705984027,0,5355000,467040,700161987,0,0,0
2025,1820205,Corporación Municipal de Deportes de Colina,Metropolitana de Santiago,,21,1,301037209,301037209,0,301037209,0,0,0,0,0
2026,1820205,Corporación Municipal de Deportes de Colina,Metropolitana de Santiago,,52,20,400627940,400627940,0,400627940,0,0,0,0,0
2025,7140,DELEGACIÓN PRESIDENCIAL PROVINCIAL DEL BIOBÍO,Biobío,Interior,59,3,344219610,344219610,0,344219610,0,0,0,0,0
2026,7140,DELEGACIÓN PRESIDENCIAL PROVINCIAL DEL BIOBÍO,Biobío,Interior,247,3,340333054,340333054,0,35874648,304458336,70,0,0,0
2025,1801806,Corporación Municipal de Deporte y Recreación de Zapallar,Valparaíso,,27,27,306957350,306957350,0,296957350,10000000,0,0,0,0
2026,1801806,Corporación Municipal de Deporte y Recreación de Zapallar,Valparaíso,,45,44,372169349,372169349,0,372169349,0,0,0,0,0
2025,7057,Comité SEP,Metropolitana de Santiago,Gobierno Central,61,2,312288983,312288983,0,131381288,164564206,16343489,0,0,0
2026,7057,Comité SEP,Metropolitana de Santiago,Gobierno Central,55,1,365942736,365942736,0,134681660,109019860,122241216,0,0,0
2025,7236,DELEGACIÓN PRESIDENCIAL REGIONAL DE COQUIMBO,Coquimbo,Interior,15,14,304852050,304852050,0,289852050,0,15000000,0,0,0
2026,7236,DELEGACIÓN PRESIDENCIAL REGIONAL DE COQUIMBO,Coquimbo,Interior,57,18,369470000,369470000,0,369470000,0,0,0,0,0
2025,7264,DELEGACIÓN PRESIDENCIAL PROVINCIAL DE ÚLTIMA ESPERANZA,Magallanes y de la Antártica Chilena,Interior,117,16,364063997,364063997,0,345913997,6650000,11500000,0,0,0
2026,7264,DELEGACIÓN PRESIDENCIAL PROVINCIAL DE ÚLTIMA ESPERANZA,Magallanes y de la Antártica Chilena,Interior,68,8,280829100,280829100,0,266999100,0,13830000,0,0,0
2025,1727682,CORPORACION DE LA CULTURA Y LAS ARTES DE LA ILUSTRE MUNICIPALIDAD DE R,Libertador Gral. Bernardo O'Higgins,,34,1,366611840,366611840,0,350146840,0,16465000,0,0,0
2026,1727682,CORPORACION DE LA CULTURA Y LAS ARTES DE LA ILUSTRE MUNICIPALIDAD DE R,Libertador Gral. Bernardo O'Higgins,,19,1,273190000,273190000,0,263710000,0,9480000,0,0,0
2025,6982,SERVICIO DE VIVIENDA Y URBANIZACION XI REGION,Aysén del Gral. Carlos Ibáñez del Campo,Obras,53,26,279517522,279517522,0,72507522,199210000,7800000,0,0,0
2026,6982,SERVICIO DE VIVIENDA Y URBANIZACION XI REGION,Aysén del Gral. Carlos Ibáñez del Campo,Obras,51,25,355761600,355761600,0,231079956,76562600,48119044,0,0,0
2025,2007445,CORPORACIÓN FONDO DE AGUA DE SANTIAGO ,Metropolitana de Santiago,,0,0,0,0,0,0,0,0,0,0,0
2026,2007445,CORPORACIÓN FONDO DE AGUA DE SANTIAGO ,Metropolitana de Santiago,,25,8,612470000,612470000,0,600950000,8020000,3500000,0,0,0
2025,6964,SERVIU REGION DE MAGALLANES Y DE LA ANTARTICA CHILENA,Magallanes y de la Antártica Chilena,Obras,43,20,372577797,372577797,0,276549681,56878651,39149465,0,0,0
2026,6964,SERVIU REGION DE MAGALLANES Y DE LA ANTARTICA CHILENA,Magallanes y de la Antártica Chilena,Obras,31,27,230802800,230802800,0,199280000,27372800,4150000,0,0,0
2025,1869227,CORPORACION CULTURAL DE LA ILUSTRE MUNICIPALIDAD DE VALDIVIA,Los Ríos,,48,12,171700000,171700000,0,9800000,161900000,0,0,0,0
2026,1869227,CORPORACION CULTURAL DE LA ILUSTRE MUNICIPALIDAD DE VALDIVIA,Los Ríos,,118,21,419230000,419230000,0,247300000,171930000,0,0,0,0
2025,2010505,CORPORACION MUNICIPAL DE FOMENTO AL DESARROLLO COMUNAL Y PRODUCTIVO DE,Maule,,13,13,530000000,530000000,0,530000000,0,0,0,0,0
2026,2010505,CORPORACION MUNICIPAL DE FOMENTO AL DESARROLLO COMUNAL Y PRODUCTIVO DE,Maule,,14,6,46770000,46770000,0,46770000,0,0,0,0,0
2025,1803788,Corporación Municipal de Deportes y Recreación Calama,Antofagasta,,36,3,224500000,224500000,0,224500000,0,0,0,0,0
2026,1803788,Corporación Municipal de Deportes y Recreación Calama,Antofagasta,,41,3,342024677,342024677,0,342024677,0,0,0,0,0
2025,1818082,Corporación Municipal De Cultura y Deportes de Recoleta,Metropolitana de Santiago,,28,28,348162377,348162377,0,333762377,0,14400000,0,0,0
2026,1818082,Corporación Municipal De Cultura y Deportes de Recoleta,Metropolitana de Santiago,,26,17,205428884,205428884,0,150593594,38202650,16632640,0,0,0
2025,2038651,CORP CULTURAL MATUCANA CIEN,Metropolitana de Santiago,,0,0,0,0,0,0,0,0,0,0,0
2026,2038651,CORP CULTURAL MATUCANA CIEN,Metropolitana de Santiago,,66,5,542769983,542769983,0,457619983,0,85150000,0,0,0
2025,1805043,CORPORACION MUNICIPAL DE DEPORTES DE LA PINTANA,Metropolitana de Santiago,,11,11,277000000,277000000,0,277000000,0,0,0,0,0
2026,1805043,CORPORACION MUNICIPAL DE DEPORTES DE LA PINTANA,Metropolitana de Santiago,,16,16,263100012,263100012,0,263100012,0,0,0,0,0
2025,1900447,Centro Ideactiva,Metropolitana de Santiago,,61,40,448505327,448505327,0,330350000,1200000,116955327,0,0,0
2026,1900447,Centro Ideactiva,Metropolitana de Santiago,,30,28,88670000,88670000,0,88670000,0,0,0,0,0
2025,1872383,Corporación de Deportes y Recreación de la Municipalidad de Aysén,Aysén del Gral. Carlos Ibáñez del Campo,,38,8,309004658,309004658,0,95961600,212923058,120000,0,0,0
2026,1872383,Corporación de Deportes y Recreación de la Municipalidad de Aysén,Aysén del Gral. Carlos Ibáñez del Campo,,48,8,226380000,226380000,0,110770000,108200000,7410000,0,0,0
2025,1934487,ASOCIACIÓN DE MUNICIPALIDADES DE LA PROVINCIA DE LLANQUIHUE,Los Lagos,,34,34,527679536,527679536,0,463729536,63950000,0,0,0,0
2026,1934487,ASOCIACIÓN DE MUNICIPALIDADES DE LA PROVINCIA DE LLANQUIHUE,Los Lagos,,0,0,0,0,0,0,0,0,0,0,0
2025,1513502,FUND TIEMPOS NUEVOS,Metropolitana de Santiago,,31,8,240999000,240999000,0,240999000,0,0,0,0,0
2026,1513502,FUND TIEMPOS NUEVOS,Metropolitana de Santiago,,30,11,286100000,286100000,0,286100000,0,0,0,0,0
2025,7387,DELEGACIÓN PRESIDENCIAL PROVINCIAL DE CARDENAL CARO,Libertador Gral. Bernardo O'Higgins,Interior,76,7,71358115,71358115,0,16893700,46074168,8390247,0,0,0
2026,7387,DELEGACIÓN PRESIDENCIAL PROVINCIAL DE CARDENAL CARO,Libertador Gral. Bernardo O'Higgins,Interior,73,9,454013357,454013357,0,52990000,41272347,359751010,0,0,0
2025,7252,DELEGACIÓN PRESIDENCIAL PROVINCIAL DE PALENA,Los Lagos,Interior,30,29,260158699,260158699,0,215171765,8249710,36737224,0,0,0
2026,7252,DELEGACIÓN PRESIDENCIAL PROVINCIAL DE PALENA,Los Lagos,Interior,28,2,260272003,260272003,0,194722003,550000,65000000,0,0,0
2025,7082,CONSEJO NACIONAL DE EDUCACION,Metropolitana de Santiago,Gobierno Central,44,43,255900300,255900300,0,218120300,9100000,28680000,0,0,0
2026,7082,CONSEJO NACIONAL DE EDUCACION,Metropolitana de Santiago,Gobierno Central,50,49,263829634,263829634,0,211235397,38188584,14405653,0,0,0
2025,1803806,CORPORACION DE DEPORTES DE LA MUNICIPALIDAD DE CURICO,Maule,,15,7,276110020,276110020,0,276110020,0,0,0,0,0
2026,1803806,CORPORACION DE DEPORTES DE LA MUNICIPALIDAD DE CURICO,Maule,,11,6,221870117,221870117,0,221870117,0,0,0,0,0
2025,1378463,ILUSTRE TERCER TRIBUNAL AMBIENTAL,Los Ríos,,33,24,246654553,246654553,0,246654553,0,0,0,0,0
2026,1378463,ILUSTRE TERCER TRIBUNAL AMBIENTAL,Los Ríos,,39,31,231994196,231994196,0,221894198,0,10099998,0,0,0
2025,7129,DEFENSA CIVIL DE CHILE,Metropolitana de Santiago,Gobierno Central,58,1,405077096,405077096,0,13600000,391477096,0,0,0,0
2026,7129,DEFENSA CIVIL DE CHILE,Metropolitana de Santiago,Gobierno Central,24,1,60941701,60941701,0,0,60941701,0,0,0,0
2025,117181,I MUNICIPALIDAD DE ISLA DE MAIPO,Metropolitana de Santiago,Municipalidades,14,10,240298086,240298086,0,240298086,0,0,0,0,0
2026,117181,I MUNICIPALIDAD DE ISLA DE MAIPO,Metropolitana de Santiago,Municipalidades,10,7,220499992,220499992,0,220499992,0,0,0,0,0
2025,1806860,CORPORACION MUNICIPAL DE CULTURA DE SAN JOAQUIN,Metropolitana de Santiago,Gobierno Central,54,6,200815429,200815429,0,3486838,190575851,6752740,0,0,0
2026,1806860,CORPORACION MUNICIPAL DE CULTURA DE SAN JOAQUIN,Metropolitana de Santiago,Gobierno Central,34,6,259687360,259687360,0,22300000,237387360,0,0,0,0
2025,1818099,Corporación de Cultura y Patrimonio de Independencia,Metropolitana de Santiago,,26,3,130556634,130556634,0,85737931,0,44818703,0,0,0
2026,1818099,Corporación de Cultura y Patrimonio de Independencia,Metropolitana de Santiago,,24,3,310037980,310037980,0,286085000,300000,23652980,0,0,0
2025,1696874,CENTRO DE FORMACION TECNICA DE LA REGION METROPOLITANA DE SANTIAGO,Metropolitana de Santiago,,24,5,169434067,169434067,0,105354228,30322520,33757319,0,0,0
2026,1696874,CENTRO DE FORMACION TECNICA DE LA REGION METROPOLITANA DE SANTIAGO,Metropolitana de Santiago,,25,9,268497657,268497657,0,251475751,17021906,0,0,0,0
2025,2038209,SERVICIO LOCAL DE EDUCACIÓN PÚBLICA LA QUEBRADA,Metropolitana de Santiago,,0,0,0,0,0,0,0,0,0,0,0
2026,2038209,SERVICIO LOCAL DE EDUCACIÓN PÚBLICA LA QUEBRADA,Metropolitana de Santiago,,15,2,429332200,429332200,0,123821000,305511200,0,0,0,0
2025,7309,DELEGACIÓN PRESIDENCIAL PROVINCIAL DE GENERAL CARRERA,Aysén del Gral. Carlos Ibáñez del Campo,Interior,62,20,206206158,206206158,0,116600000,89606158,0,0,0,0
2026,7309,DELEGACIÓN PRESIDENCIAL PROVINCIAL DE GENERAL CARRERA,Aysén del Gral. Carlos Ibáñez del Campo,Interior,66,22,221858160,221858160,0,135300000,86558160,0,0,0,0
2025,1820964,Corporación Municipal de Innovación y Desarrollo Económico y Social de Recoleta,Metropolitana de Santiago,,23,1,98866148,98866148,0,0,0,98866148,0,0,0
2026,1820964,Corporación Municipal de Innovación y Desarrollo Económico y Social de Recoleta,Metropolitana de Santiago,,37,1,328660993,328660993,0,0,0,328660993,0,0,0
2025,2004018,CORPORACION REGIONAL DE DESARROLLO PRODUCTIVO DE LA REGION DE LOS RIOS,Los Ríos,,0,0,0,0,0,0,0,0,0,0,0
2026,2004018,CORPORACION REGIONAL DE DESARROLLO PRODUCTIVO DE LA REGION DE LOS RIOS,Los Ríos,,32,1,426698520,426698520,0,389432760,13110000,24155760,0,0,0
2025,1688789,CENTRO DE SALUD MENTAL COMUNITARIA SAN FELIPE,Valparaíso,,72,7,156191000,156191000,0,87670000,48518000,20003000,0,0,0
2026,1688789,CENTRO DE SALUD MENTAL COMUNITARIA SAN FELIPE,Valparaíso,,77,7,264609500,264609500,0,166831000,97778500,0,0,0,0
2025,2003861,FUNDACION CENTRO CULTURAL DE LO PRADO,Metropolitana de Santiago,,0,0,0,0,0,0,0,0,0,0,0
2026,2003861,FUNDACION CENTRO CULTURAL DE LO PRADO,Metropolitana de Santiago,,36,1,411399001,411399001,0,311063141,94794149,5541711,0,0,0
2025,2010501,CORP MUNICIPAL DE PUQUELDON PARA LA EDUC,Los Lagos,,0,0,0,0,0,0,0,0,0,0,0
2026,2010501,CORP MUNICIPAL DE PUQUELDON PARA LA EDUC,Los Lagos,,45,27,392300000,392300000,0,163600000,223800000,4900000,0,0,0
2025,1592385,Primer Tribunal Ambiental con asiento en Antofagasta,Antofagasta,,25,10,208096339,208096339,0,208096339,0,0,0,0,0
2026,1592385,Primer Tribunal Ambiental con asiento en Antofagasta,Antofagasta,,22,9,177726637,177726637,0,177726637,0,0,0,0,0
2025,1809839,ACADEMIA NACIONAL DE ESTUDIOS POLITICOS Y ESTRATEGICOS,Metropolitana de Santiago,,21,4,150102694,150102694,0,101018000,49084694,0,0,0,0
2026,1809839,ACADEMIA NACIONAL DE ESTUDIOS POLITICOS Y ESTRATEGICOS,Metropolitana de Santiago,,35,4,229520858,229520858,0,159912000,69608858,0,0,0,0
2025,7234,DELEGACIÓN PRESIDENCIAL REGIONAL DE TARAPACÁ,Tarapacá,Interior,21,16,179287032,179287032,0,0,179287032,0,0,0,0
2026,7234,DELEGACIÓN PRESIDENCIAL REGIONAL DE TARAPACÁ,Tarapacá,Interior,19,17,189375178,189375178,0,189375178,0,0,0,0,0
2025,7244,MINISTERIO DE OBRAS PUBLICAS DIREC CION GRAL DE OO PP DCYF,Metropolitana de Santiago,Obras,30,27,176719000,176719000,0,59770000,104449000,12500000,0,0,0
2026,7244,MINISTERIO DE OBRAS PUBLICAS DIREC CION GRAL DE OO PP DCYF,Metropolitana de Santiago,Obras,25,22,190781000,190781000,0,82000000,106611000,2170000,0,0,0
2025,1869554,CORPORACION CULTURAL DE MOSTAZAL,Libertador Gral. Bernardo O'Higgins,,43,2,134481014,134481014,0,134081014,0,400000,0,0,0
2026,1869554,CORPORACION CULTURAL DE MOSTAZAL,Libertador Gral. Bernardo O'Higgins,,44,3,223193087,223193087,0,87193087,96000000,40000000,0,0,0
2025,1952109,CORPORACION CULTURAL Y DE TURISMO MUNICIPAL DE PELARCO,Maule,,18,16,116479373,116479373,0,23000000,93479373,0,0,0,0
2026,1952109,CORPORACION CULTURAL Y DE TURISMO MUNICIPAL DE PELARCO,Maule,,21,17,233753830,233753830,0,97100000,136653830,0,0,0,0
2025,1820963,Corporación del Deporte e Inclusión Social de la Ilustre Municipalidad de Cerro Navia,Metropolitana de Santiago,,85,8,163520910,163520910,0,149420910,0,14100000,0,0,0
2026,1820963,Corporación del Deporte e Inclusión Social de la Ilustre Municipalidad de Cerro Navia,Metropolitana de Santiago,,90,6,172947998,172947998,0,0,162547998,10400000,0,0,0
2025,1667469,Superintendencia de Educación Superior,Metropolitana de Santiago,,9,1,210635000,210635000,0,167635000,7000000,36000000,0,0,0
2026,1667469,Superintendencia de Educación Superior,Metropolitana de Santiago,,8,1,124582020,124582020,0,124582020,0,0,0,0,0
2025,1273481,JUANA DEL CARMEN PONCE VENEGAS,Sin clasificar,Sin clasificar,7,7,300650000,300650000,0,216650000,84000000,0,0,0,0
2026,1273481,JUANA DEL CARMEN PONCE VENEGAS,Sin clasificar,Sin clasificar,6,4,26759100,26759100,0,26480100,250000,29000,0,0,0
2025,1818207,FUNDACION PARA EL DESARROLLO DEL DEPORTE Y LA RECREACION DE LA COMUNA,Magallanes y de la Antártica Chilena,,5,1,180000000,180000000,0,165000000,15000000,0,0,0,0
2026,1818207,FUNDACION PARA EL DESARROLLO DEL DEPORTE Y LA RECREACION DE LA COMUNA,Magallanes y de la Antártica Chilena,,7,1,139744151,139744151,0,112244151,27500000,0,0,0,0
2025,1801803,CORPORACION CULTURAL DE LA COMUNA DE LA PINTANA,Metropolitana de Santiago,,15,10,122000000,122000000,0,77000000,0,45000000,0,0,0
2026,1801803,CORPORACION CULTURAL DE LA COMUNA DE LA PINTANA,Metropolitana de Santiago,,12,12,195130000,195130000,0,95530000,0,99600000,0,0,0
2025,2038210,SERVICIO LOCAL DE EDUCACIÓN PÚBLICA LOS CEREZOS,Maule,,0,0,0,0,0,0,0,0,0,0,0
2026,2038210,SERVICIO LOCAL DE EDUCACIÓN PÚBLICA LOS CEREZOS,Maule,,26,26,308529000,308529000,0,271595000,36934000,0,0,0,0
2025,2071713,INSTITUTO NACIONAL DE LITIO Y SALARES,Antofagasta,,0,0,0,0,0,0,0,0,0,0,0
2026,2071713,INSTITUTO NACIONAL DE LITIO Y SALARES,Antofagasta,,32,1,298685000,298685000,0,291485000,7200000,0,0,0,0
2025,7204,DELEGACIÓN PRESIDENCIAL REGIONAL DE ANTOFAGASTA,Antofagasta,Interior,33,4,167433667,167433667,0,113328828,54104839,0,0,0,0
2026,7204,DELEGACIÓN PRESIDENCIAL REGIONAL DE ANTOFAGASTA,Antofagasta,Interior,21,2,130731507,130731507,0,113312157,17419350,0,0,0,0
2025,1818200,Corporación Municipal de Desarrollo Productivo y Turismo de Molina,Maule,,14,14,151750000,151750000,0,141750000,10000000,0,0,0,0
2026,1818200,Corporación Municipal de Desarrollo Productivo y Turismo de Molina,Maule,,13,13,137735000,137735000,0,137735000,0,0,0,0,0
2025,2038212,SERVICIO LOCAL DE EDUCACIÓN PÚBLICA DEL RELONCAVÍ,Los Lagos,,0,0,0,0,0,0,0,0,0,0,0
2026,2038212,SERVICIO LOCAL DE EDUCACIÓN PÚBLICA DEL RELONCAVÍ,Los Lagos,,20,2,271668150,271668150,0,108878000,161690150,1100000,0,0,0
2025,2038211,SERVICIO LOCAL DE EDUCACIÓN PÚBLICA LOS COPIHUES,Biobío,,0,0,0,0,0,0,0,0,0,0,0
2026,2038211,SERVICIO LOCAL DE EDUCACIÓN PÚBLICA LOS COPIHUES,Biobío,,60,49,263548676,263548676,0,262941976,0,606700,0,0,0
2025,7226,DELEGACIÓN PRESIDENCIAL REGIONAL DEL BIOBÍO,Biobío,Interior,16,1,126436770,126436770,0,94740000,20394606,11302164,0,0,0
2026,7226,DELEGACIÓN PRESIDENCIAL REGIONAL DEL BIOBÍO,Biobío,Interior,16,1,136469237,136469237,0,136469237,0,0,0,0,0
2025,2080297,"CORPORACION MUNICIPAL DE DEPORTES, CULTURA, RECREACION Y FOMENTO DE HU",Metropolitana de Santiago,,0,0,0,0,0,0,0,0,0,0,0
2026,2080297,"CORPORACION MUNICIPAL DE DEPORTES, CULTURA, RECREACION Y FOMENTO DE HU",Metropolitana de Santiago,,42,3,259490000,259490000,0,0,240490000,19000000,0,0,0
2025,1741046,CENTRO DE FORMACION TECNICA DE LA REGION DE ATACAMA,Atacama,Gobierno Central,64,13,148683681,148683681,0,42200000,106483681,0,0,0,0
2026,1741046,CENTRO DE FORMACION TECNICA DE LA REGION DE ATACAMA,Atacama,Gobierno Central,38,9,98066860,98066860,0,43310000,52264360,2492500,0,0,0
2025,1799808,CORPORACIÓN YUNUS,Metropolitana de Santiago,Gobierno Central,24,9,83336343,83336343,0,72336343,0,11000000,0,0,0
2026,1799808,CORPORACIÓN YUNUS,Metropolitana de Santiago,Gobierno Central,23,5,158778874,158778874,0,35460001,123318873,0,0,0,0
2025,2079212,FUNDACIÓN GG,Maule,,0,0,0,0,0,0,0,0,0,0,0
2026,2079212,FUNDACIÓN GG,Maule,,9,1,241260000,241260000,0,239460000,0,1800000,0,0,0
2025,2038207,SERVICIO LOCAL DE EDUCACIÓN PÚBLICA DEL LITORAL,Valparaíso,,0,0,0,0,0,0,0,0,0,0,0
2026,2038207,SERVICIO LOCAL DE EDUCACIÓN PÚBLICA DEL LITORAL,Valparaíso,,27,27,238650100,238650100,0,52165000,186485100,0,0,0,0
2025,7225,DELEGACIÓN PRESIDENCIAL REGIONAL DEL MAULE,Maule,Interior,17,17,118560000,118560000,0,0,0,118560000,0,0,0
2026,7225,DELEGACIÓN PRESIDENCIAL REGIONAL DEL MAULE,Maule,Interior,16,16,118680000,118680000,0,80000000,34680000,4000000,0,0,0
2025,1765161,CORPORACION DE DESARROLLO E INNOVACION DE LA ILUSTRE MUNICIPALIDAD DE,Libertador Gral. Bernardo O'Higgins,Municipalidades,17,1,202134000,202134000,0,183134000,0,19000000,0,0,0
2026,1765161,CORPORACION DE DESARROLLO E INNOVACION DE LA ILUSTRE MUNICIPALIDAD DE,Libertador Gral. Bernardo O'Higgins,Municipalidades,9,1,32300000,32300000,0,32300000,0,0,0,0,0
2025,1818015,Corporación de Deportes de la Municipalidad de lndependencia,Metropolitana de Santiago,,35,12,89443000,89443000,0,87279000,400000,1764000,0,0,0
2026,1818015,Corporación de Deportes de la Municipalidad de lndependencia,Metropolitana de Santiago,,25,9,135071094,135071094,0,134471094,0,600000,0,0,0
2025,1814748,CORPORACION CULTURAL DE PENALOLEN,Metropolitana de Santiago,Gobierno Central,128,4,222815826,222815826,0,215215826,0,7600000,0,0,0
2026,1814748,CORPORACION CULTURAL DE PENALOLEN,Metropolitana de Santiago,Gobierno Central,0,0,0,0,0,0,0,0,0,0,0
2025,7155,DELEGACIÓN PRESIDENCIAL PROVINCIAL DE CHAÑARAL,Atacama,Interior,21,19,115635680,115635680,0,109135880,0,6499800,0,0,0
2026,7155,DELEGACIÓN PRESIDENCIAL PROVINCIAL DE CHAÑARAL,Atacama,Interior,12,1,101300691,101300691,0,68817720,32482971,0,0,0,0
2025,1645890,DELEGACIÓN PRESIDENCIAL PROVINCIAL DE PUNILLA,Ñuble,,18,1,89221990,89221990,0,82390943,6831047,0,0,0,0
2026,1645890,DELEGACIÓN PRESIDENCIAL PROVINCIAL DE PUNILLA,Ñuble,,18,1,124335203,124335203,0,115771839,8563364,0,0,0,0
2025,1817958,Corporación para el desarrollo de la provincia de Osorno,Los Lagos,,10,5,103508000,103508000,0,102068000,0,1440000,0,0,0
2026,1817958,Corporación para el desarrollo de la provincia de Osorno,Los Lagos,,10,5,108178000,108178000,0,108178000,0,0,0,0,0
2025,1885255,CORP CULTURAL DE LA COMUNA DE LA GRANJA,Metropolitana de Santiago,,0,0,0,0,0,0,0,0,0,0,0
2026,1885255,CORP CULTURAL DE LA COMUNA DE LA GRANJA,Metropolitana de Santiago,,72,11,211359282,211359282,0,138769892,72589390,0,0,0,0
2025,7014,JUNTA DE AERONAUTICA CIVIL,Metropolitana de Santiago,Gobierno Central,16,13,103800000,103800000,0,78460000,5000000,20340000,0,0,0
2026,7014,JUNTA DE AERONAUTICA CIVIL,Metropolitana de Santiago,Gobierno Central,16,16,105907500,105907500,0,97230000,5000000,3677500,0,0,0
2025,7253,DELEGACIÓN PRESIDENCIAL PROVINCIAL DE MAIPO,Metropolitana de Santiago,Interior,24,2,99954000,99954000,0,99954000,0,0,0,0,0
2026,7253,DELEGACIÓN PRESIDENCIAL PROVINCIAL DE MAIPO,Metropolitana de Santiago,Interior,26,2,108840000,108840000,0,105640000,3200000,0,0,0,0
2025,1986800,ASOCIACION DE MUNICIPALIDADES DE LA REGION DE LA ARAUCANIA,La Araucanía,,15,1,93244614,93244614,0,93244614,0,0,0,0,0
2026,1986800,ASOCIACION DE MUNICIPALIDADES DE LA REGION DE LA ARAUCANIA,La Araucanía,,14,1,108801367,108801367,0,108801367,0,0,0,0,0
2025,1801799,Corporación Municipal de Cultura de Paine,Metropolitana de Santiago,,30,12,100212334,100212334,0,63885931,0,36326403,0,0,0
2026,1801799,Corporación Municipal de Cultura de Paine,Metropolitana de Santiago,,35,11,99741280,99741280,0,45837998,0,53903282,0,0,0
2025,1817980,Corporación Municipal de Cultura de San Clemente,Maule,,38,19,82476701,82476701,0,79698701,0,2778000,0,0,0
2026,1817980,Corporación Municipal de Cultura de San Clemente,Maule,,203,34,116545293,116545293,0,101250711,9039382,6255200,0,0,0
2025,111119,DELEGACIÓN PRESIDENCIAL PROVINCIAL DE SAN ANTONIO,Valparaíso,Interior,29,10,94200000,94200000,0,94200000,0,0,0,0,0
2026,111119,DELEGACIÓN PRESIDENCIAL PROVINCIAL DE SAN ANTONIO,Valparaíso,Interior,27,10,104700000,104700000,0,92200000,0,12500000,0,0,0
2025,2117510,CENTRO DE ESTUDIOS AVANZADOS EN FRUTICULTURA CEAF,Libertador Gral. Bernardo O'Higgins,Sin sector,0,0,0,0,0,0,0,0,0,0,0
2026,2117510,CENTRO DE ESTUDIOS AVANZADOS EN FRUTICULTURA CEAF,Libertador Gral. Bernardo O'Higgins,Sin sector,8,1,194900000,194900000,0,189900000,5000000,0,0,0,0
2025,2029469,FUNDACION MUNICIPAL DE CULTURA DE ZAPALLAR,Valparaíso,Sin sector,21,1,94340500,94340500,0,88040000,5000000,1300500,0,0,0
2026,2029469,FUNDACION MUNICIPAL DE CULTURA DE ZAPALLAR,Valparaíso,Sin sector,19,1,97290500,97290500,0,97290500,0,0,0,0,0
2025,7134,DELEGACIÓN PRESIDENCIAL PROVINCIAL DE CAPITÁN PRAT,Aysén del Gral. Carlos Ibáñez del Campo,Interior,28,26,90400000,90400000,0,84400000,4900000,1100000,0,0,0
2026,7134,DELEGACIÓN PRESIDENCIAL PROVINCIAL DE CAPITÁN PRAT,Aysén del Gral. Carlos Ibáñez del Campo,Interior,27,27,96700000,96700000,0,91500000,5200000,0,0,0,0
2025,1914839,CORPORACION MUNICIPAL CULTURAL DE MUSEO DE BELLAS ARTES DE VALPARAISO,Valparaíso,,0,0,0,0,0,0,0,0,0,0,0
2026,1914839,CORPORACION MUNICIPAL CULTURAL DE MUSEO DE BELLAS ARTES DE VALPARAISO,Valparaíso,,11,5,185820000,185820000,0,184200000,1620000,0,0,0,0
2025,116406,I MUNICIPALIDAD DE HUASCO,Atacama,Municipalidades,275,23,80855155,80855155,0,58885745,21969410,0,0,0,0
2026,116406,I MUNICIPALIDAD DE HUASCO,Atacama,Municipalidades,340,18,104048530,104048530,0,0,103994530,54000,0,0,0
2025,7201,DELEGACIÓN PRESIDENCIAL REGIONAL DEL LIBERTADOR BERNARDO  O´HIGGINS,Libertador Gral. Bernardo O'Higgins,Interior,12,12,87354720,87354720,0,76054720,8500000,2800000,0,0,0
2026,7201,DELEGACIÓN PRESIDENCIAL REGIONAL DEL LIBERTADOR BERNARDO  O´HIGGINS,Libertador Gral. Bernardo O'Higgins,Interior,13,13,94191174,94191174,0,85391174,0,8800000,0,0,0
2025,2038213,SERVICIO LOCAL DE EDUCACIÓN PÚBLICA TALAGANTE,Metropolitana de Santiago,,0,0,0,0,0,0,0,0,0,0,0
2026,2038213,SERVICIO LOCAL DE EDUCACIÓN PÚBLICA TALAGANTE,Metropolitana de Santiago,,35,35,177490487,177490487,0,10000000,167490487,0,0,0,0
2025,7037,DELEGACIÓN PRESIDENCIAL PROVINCIAL DE LIMARÍ,Coquimbo,Interior,18,2,88890000,88890000,0,84590000,3000000,1300000,0,0,0
2026,7037,DELEGACIÓN PRESIDENCIAL PROVINCIAL DE LIMARÍ,Coquimbo,Interior,16,2,86850000,86850000,0,83000000,2000000,1850000,0,0,0
2025,7281,DELEGACIÓN PRESIDENCIAL PROVINCIAL DE CAUQUENES,Maule,Interior,30,1,112162351,112162351,0,109305960,0,2856391,0,0,0
2026,7281,DELEGACIÓN PRESIDENCIAL PROVINCIAL DE CAUQUENES,Maule,Interior,19,1,62513347,62513347,0,62513347,0,0,0,0,0
2025,1817964,CORPORACION DE DESARROLLO DE TALCA,Maule,,0,0,0,0,0,0,0,0,0,0,0
2026,1817964,CORPORACION DE DESARROLLO DE TALCA,Maule,,18,18,174490037,174490037,0,174490037,0,0,0,0,0
2025,1803812,CORPORACION MUNICIPAL DE FOMENTO AL DESARROLLO ECONOMICO Y PRODUCTIVO,Maule,,18,1,172000000,172000000,0,164600000,0,7400000,0,0,0
2026,1803812,CORPORACION MUNICIPAL DE FOMENTO AL DESARROLLO ECONOMICO Y PRODUCTIVO,Maule,,0,0,0,0,0,0,0,0,0,0,0
2025,1820893,CORPORACION MUNICIPAL DE DEPORTES Y RECREACION LOS ANDES,Valparaíso,,0,0,0,0,0,0,0,0,0,0,0
2026,1820893,CORPORACION MUNICIPAL DE DEPORTES Y RECREACION LOS ANDES,Valparaíso,,18,6,170414968,170414968,0,154070008,9400000,6944960,0,0,0
2025,1872501,Corporacion Municipal de Deportes y Recreación de la comuna de San Pedro de Atacama,Antofagasta,,14,4,98000000,98000000,0,40000000,0,58000000,0,0,0
2026,1872501,Corporacion Municipal de Deportes y Recreación de la comuna de San Pedro de Atacama,Antofagasta,,20,6,72260000,72260000,0,32100000,40160000,0,0,0,0
2025,7150,DELEGACIÓN PRESIDENCIAL PROVINCIAL DE HUASCO,Atacama,Interior,40,27,72744662,72744662,0,57291992,1440000,14012670,0,0,0
2026,7150,DELEGACIÓN PRESIDENCIAL PROVINCIAL DE HUASCO,Atacama,Interior,56,31,92998128,92998128,0,38750000,53648128,600000,0,0,0
2025,7376,DELEGACIÓN PRESIDENCIAL PROVINCIAL DE COLCHAGUA,Libertador Gral. Bernardo O'Higgins,Interior,37,4,76166660,76166660,0,76166660,0,0,0,0,0
2026,7376,DELEGACIÓN PRESIDENCIAL PROVINCIAL DE COLCHAGUA,Libertador Gral. Bernardo O'Higgins,Interior,51,5,88461265,88461265,0,88461265,0,0,0,0,0
2025,1699238,FUND DE COMUNICACIONES CAPACITACION Y CULTURA DEL AGRO,Metropolitana de Santiago,,0,0,0,0,0,0,0,0,0,0,0
2026,1699238,FUND DE COMUNICACIONES CAPACITACION Y CULTURA DEL AGRO,Metropolitana de Santiago,,58,7,160782590,160782590,0,101836622,48664541,10281427,0,0,0
2025,7284,DELEGACIÓN PRESIDENCIAL PROVINCIAL DE CORDILLERA,Metropolitana de Santiago,Interior,23,1,67037904,67037904,0,23157256,26687648,17193000,0,0,0
2026,7284,DELEGACIÓN PRESIDENCIAL PROVINCIAL DE CORDILLERA,Metropolitana de Santiago,Interior,26,1,85127800,85127800,0,25300000,39070000,20757800,0,0,0
2025,7063,DELEGACIÓN PRESIDENCIAL PROVINCIAL DE TOCOPILLA,Antofagasta,Interior,9,1,72014060,72014060,0,72014060,0,0,0,0,0
2026,7063,DELEGACIÓN PRESIDENCIAL PROVINCIAL DE TOCOPILLA,Antofagasta,Interior,9,1,75854776,75854776,0,75854776,0,0,0,0,0
2025,7224,Consejo de Rectores de las Universidades Chilenas,Metropolitana de Santiago,Gobierno Central,71,1,73035276,73035276,0,67370676,0,5664600,0,0,0
2026,7224,Consejo de Rectores de las Universidades Chilenas,Metropolitana de Santiago,Gobierno Central,74,1,70028366,70028366,0,24387920,39480146,6160300,0,0,0
2025,2004016,ASOCIACION DE MUNICIPALIDADES DE LA REGION DE LOS RIOS PARA EL MANEJO SUSTENTABLE DE RESIDUOS Y GESTIÓN AMBIENTAL,Los Ríos,,16,1,40700276,40700276,0,19200276,0,21500000,0,0,0
2026,2004016,ASOCIACION DE MUNICIPALIDADES DE LA REGION DE LOS RIOS PARA EL MANEJO SUSTENTABLE DE RESIDUOS Y GESTIÓN AMBIENTAL,Los Ríos,,48,13,89809256,89809256,0,86649256,3160000,0,0,0,0
2025,1692048,CONSEJO FISCAL AUTONOMO,Metropolitana de Santiago,Gobierno Central,17,9,82800000,82800000,0,74300000,0,8500000,0,0,0
2026,1692048,CONSEJO FISCAL AUTONOMO,Metropolitana de Santiago,Gobierno Central,15,8,46850000,46850000,0,10000000,26300000,10550000,0,0,0
2025,7499,DELEGACIÓN PRESIDENCIAL PROVINCIAL DE CHILOÉ,Los Lagos,Interior,43,3,80738714,80738714,0,4500000,76238714,0,0,0,0
2026,7499,DELEGACIÓN PRESIDENCIAL PROVINCIAL DE CHILOÉ,Los Lagos,Interior,28,3,48453625,48453625,0,0,44253625,4200000,0,0,0
2025,1163597,DELEGACIÓN PRESIDENCIAL PROVINCIAL DE MARGA MARGA,Valparaíso,Interior,42,17,77771372,77771372,0,32593312,37405713,7772347,0,0,0
2026,1163597,DELEGACIÓN PRESIDENCIAL PROVINCIAL DE MARGA MARGA,Valparaíso,Interior,21,20,40315303,40315303,0,40315303,0,0,0,0,0
2025,116945,I MUNICIPALIDAD DE PUREN,La Araucanía,Municipalidades,0,0,0,0,0,0,0,0,0,0,0
2026,116945,I MUNICIPALIDAD DE PUREN,La Araucanía,Municipalidades,7,6,118000000,118000000,0,46000000,72000000,0,0,0,0
2025,1859922,CORPORACION DE FOMENTO DE DESARROLLO COMUNAL Y PRODUCTIVO,Metropolitana de Santiago,,12,7,56950000,56950000,0,56950000,0,0,0,0,0
2026,1859922,CORPORACION DE FOMENTO DE DESARROLLO COMUNAL Y PRODUCTIVO,Metropolitana de Santiago,,12,1,55965500,55965500,0,48465500,7500000,0,0,0,0
2025,1999036,ASOCIACION DE MUNICIPALIDADES DE LA ZONA METROPOLITANA DE LA ARAUCANIA,La Araucanía,,69,1,112694500,112694500,0,112694500,0,0,0,0,0
2026,1999036,ASOCIACION DE MUNICIPALIDADES DE LA ZONA METROPOLITANA DE LA ARAUCANIA,La Araucanía,,0,0,0,0,0,0,0,0,0,0,0
2025,1978401,ASOCIACIÓN PATRIMONIAL CULTURAL DE LA REGION DE LOS RIOS,Los Ríos,,3,3,15660000,15660000,0,15660000,0,0,0,0,0
2026,1978401,ASOCIACIÓN PATRIMONIAL CULTURAL DE LA REGION DE LOS RIOS,Los Ríos,,27,27,94700000,94700000,0,94700000,0,0,0,0,0
2025,1934663,CORPORACION CULTURAL MUNICIPAL DE NACIMIENTO,Biobío,,20,2,36109000,36109000,0,34894000,1215000,0,0,0,0
2026,1934663,CORPORACION CULTURAL MUNICIPAL DE NACIMIENTO,Biobío,,33,2,73360300,73360300,0,37510299,35050001,800000,0,0,0
2025,1817947,Corporación Municipal de Deportes de San Joaquín,Metropolitana de Santiago,,5,1,20150000,20150000,0,20150000,0,0,0,0,0
2026,1817947,Corporación Municipal de Deportes de San Joaquín,Metropolitana de Santiago,,12,1,88700000,88700000,0,88700000,0,0,0,0,0
2025,7271,DELEGACIÓN PRESIDENCIAL PROVINCIAL DE CHACABUCO,Metropolitana de Santiago,Interior,30,2,66441118,66441118,0,14268521,35508721,16663876,0,0,0
2026,7271,DELEGACIÓN PRESIDENCIAL PROVINCIAL DE CHACABUCO,Metropolitana de Santiago,Interior,24,2,42182831,42182831,0,16500831,25682000,0,0,0,0
2025,7450,DELEGACIÓN PRESIDENCIAL PROVINCIAL DE ARAUCO,Biobío,Interior,19,14,59871240,59871240,0,54871240,0,5000000,0,0,0
2026,7450,DELEGACIÓN PRESIDENCIAL PROVINCIAL DE ARAUCO,Biobío,Interior,16,12,48731869,48731869,0,48731869,0,0,0,0,0
2025,1823988,CORPORACION MUNICIPAL DE DEPORTES Y RECREACION SAN JAVIER DE LONCOMILLA,Maule,,112,3,59040100,59040100,0,250000,58790100,0,0,0,0
2026,1823988,CORPORACION MUNICIPAL DE DEPORTES Y RECREACION SAN JAVIER DE LONCOMILLA,Maule,,218,3,48465769,48465769,0,10336070,31015875,7113824,0,0,0
2025,135959,DELEGACIÓN PRESIDENCIAL PROVINCIAL DE ISLA DE PASCUA,Valparaíso,Interior,22,18,31184800,31184800,0,22689800,8495000,0,0,0,0
2026,135959,DELEGACIÓN PRESIDENCIAL PROVINCIAL DE ISLA DE PASCUA,Valparaíso,Interior,29,17,73625768,73625768,0,72125768,0,1500000,0,0,0
2025,7495,DELEGACIÓN PRESIDENCIAL PROVINCIAL DE SAN FELIPE DE ACONCAGUA,Valparaíso,Interior,21,4,46041000,46041000,0,22386000,21655000,2000000,0,0,0
2026,7495,DELEGACIÓN PRESIDENCIAL PROVINCIAL DE SAN FELIPE DE ACONCAGUA,Valparaíso,Interior,21,4,58209120,58209120,0,11700000,23721600,22787520,0,0,0
2025,110393,I MUNICIPALIDAD DE PALENA,Los Lagos,Municipalidades,197,16,65239820,65239820,0,65239820,0,0,0,0,0
2026,110393,I MUNICIPALIDAD DE PALENA,Los Lagos,Municipalidades,26,8,38253000,38253000,0,38253000,0,0,0,0,0
2025,7059,DELEGACIÓN PRESIDENCIAL PROVINCIAL DE AYSÉN,Aysén del Gral. Carlos Ibáñez del Campo,Interior,12,6,42080000,42080000,0,41780000,0,300000,0,0,0
2026,7059,DELEGACIÓN PRESIDENCIAL PROVINCIAL DE AYSÉN,Aysén del Gral. Carlos Ibáñez del Campo,Interior,16,6,59380000,59380000,0,59380000,0,0,0,0,0
2025,1860947,CORPORACION MUNICIPAL DE DESARROLLO COMUNAL Y PRODUCTIVO DE LICANTEN,Maule,,0,0,0,0,0,0,0,0,0,0,0
2026,1860947,CORPORACION MUNICIPAL DE DESARROLLO COMUNAL Y PRODUCTIVO DE LICANTEN,Maule,,58,13,99223959,99223959,0,7500000,82243964,9479995,0,0,0
2025,1636371,DELEGACIÓN PRESIDENCIAL REGIONAL DE ÑUBLE,Ñuble,,19,1,54190330,54190330,0,54190330,0,0,0,0,0
2026,1636371,DELEGACIÓN PRESIDENCIAL REGIONAL DE ÑUBLE,Ñuble,,17,1,44783025,44783025,0,248710,0,44534315,0,0,0
2025,7056,DELEGACIÓN PRESIDENCIAL PROVINCIAL DE MELIPILLA,Metropolitana de Santiago,Interior,6,2,49059750,49059750,0,49059750,0,0,0,0,0
2026,7056,DELEGACIÓN PRESIDENCIAL PROVINCIAL DE MELIPILLA,Metropolitana de Santiago,Interior,6,2,49299950,49299950,0,15300000,33999950,0,0,0,0
2025,2029470,CORP CULTURAL BALMACEDA DOCE QUINCE,Metropolitana de Santiago,,0,0,0,0,0,0,0,0,0,0,0
2026,2029470,CORP CULTURAL BALMACEDA DOCE QUINCE,Metropolitana de Santiago,,82,49,97332605,97332605,0,60188181,22644424,14500000,0,0,0
2025,1820894,CORPORACION MUNICIPAL DE DESARROLLO ECONOMICO CULTURA Y DEPORTES DE RE,Metropolitana de Santiago,,24,1,40841000,40841000,0,0,3900000,36941000,0,0,0
2026,1820894,CORPORACION MUNICIPAL DE DESARROLLO ECONOMICO CULTURA Y DEPORTES DE RE,Metropolitana de Santiago,,19,1,55980223,55980223,0,47520465,6174655,2285103,0,0,0
2025,2079231,FUNDACION DE CULTURA DE SAN PEDRO DE ATACAMA,Antofagasta,,0,0,0,0,0,0,0,0,0,0,0
2026,2079231,FUNDACION DE CULTURA DE SAN PEDRO DE ATACAMA,Antofagasta,,11,1,95472000,95472000,0,91872000,3600000,0,0,0,0
2025,1630701,TRIBUNAL DE DEFENSA DE LA LIBRE COMPETENCIA,Metropolitana de Santiago,,86,8,18293692,18293692,0,8500000,9493692,300000,0,0,0
2026,1630701,TRIBUNAL DE DEFENSA DE LA LIBRE COMPETENCIA,Metropolitana de Santiago,,42,28,75467957,75467957,0,17000000,36801759,21666198,0,0,0
2025,123529,I MUNICIPALIDAD DE LAGO VERDE,Aysén del Gral. Carlos Ibáñez del Campo,Municipalidades,9,1,92437994,92437994,0,92437994,0,0,0,0,0
2026,123529,I MUNICIPALIDAD DE LAGO VERDE,Aysén del Gral. Carlos Ibáñez del Campo,Municipalidades,0,0,0,0,0,0,0,0,0,0,0
2025,2007448,CORPORACION DE DESARROLLO DE MAGALLANES Y DE LA ANTARTICA CHILENA - CO,Magallanes y de la Antártica Chilena,,28,1,30840851,30840851,0,2500000,28228678,112173,0,0,0
2026,2007448,CORPORACION DE DESARROLLO DE MAGALLANES Y DE LA ANTARTICA CHILENA - CO,Magallanes y de la Antártica Chilena,,23,1,59254246,59254246,0,57654246,1600000,0,0,0,0
2025,1803819,CORP CULTURAL DE LA MUNICIPALIDAD DE CURICO,Maule,,9,1,39000000,39000000,0,0,39000000,0,0,0,0
2026,1803819,CORP CULTURAL DE LA MUNICIPALIDAD DE CURICO,Maule,,11,1,50324556,50324556,0,47130000,3194556,0,0,0,0
2025,1803787,Corporación Municipal Curaco de Vélez,Los Lagos,,9,9,88700000,88700000,0,86700000,2000000,0,0,0,0
2026,1803787,Corporación Municipal Curaco de Vélez,Los Lagos,,0,0,0,0,0,0,0,0,0,0,0
2025,7055,DELEGACIÓN PRESIDENCIAL PROVINCIAL DE TALAGANTE,Metropolitana de Santiago,Interior,15,1,44774950,44774950,0,39774950,5000000,0,0,0,0
2026,7055,DELEGACIÓN PRESIDENCIAL PROVINCIAL DE TALAGANTE,Metropolitana de Santiago,Interior,12,1,43500000,43500000,0,35500000,8000000,0,0,0,0
2025,1818076,CORPORACION MUNICIPAL DE CULTURA Y ARTES DE MOLINA,Maule,,0,0,0,0,0,0,0,0,0,0,0
2026,1818076,CORPORACION MUNICIPAL DE CULTURA Y ARTES DE MOLINA,Maule,,13,4,85100000,85100000,0,82500000,0,2600000,0,0,0
2025,7148,DELEGACIÓN PRESIDENCIAL PROVINCIAL DE LA ANTÁRTICA CHILENA,Magallanes y de la Antártica Chilena,Interior,15,7,52071179,52071179,0,36784000,0,15287179,0,0,0
2026,7148,DELEGACIÓN PRESIDENCIAL PROVINCIAL DE LA ANTÁRTICA CHILENA,Magallanes y de la Antártica Chilena,Interior,15,7,32444740,32444740,0,25444740,0,7000000,0,0,0
2025,1801801,Corporacion de Deportes de Padre Hurtado,Metropolitana de Santiago,,32,13,83831000,83831000,0,59111000,0,24720000,0,0,0
2026,1801801,Corporacion de Deportes de Padre Hurtado,Metropolitana de Santiago,,0,0,0,0,0,0,0,0,0,0,0
2025,1860198,CORPORACIÓN CULTURAL MUNICIPAL DE SAN JAVIER DE LONCOMILLA,Maule,,0,0,0,0,0,0,0,0,0,0,0
2026,1860198,CORPORACIÓN CULTURAL MUNICIPAL DE SAN JAVIER DE LONCOMILLA,Maule,,5,1,80150000,80150000,0,80150000,0,0,0,0,0
2025,2063234,ADMINISTRADOR DEL FONDO AUTÓNOMO DE PROTECCIÓN PREVISIONAL,Metropolitana de Santiago,,0,0,0,0,0,0,0,0,0,0,0
2026,2063234,ADMINISTRADOR DEL FONDO AUTÓNOMO DE PROTECCIÓN PREVISIONAL,Metropolitana de Santiago,,8,8,76800000,76800000,0,60000000,16800000,0,0,0,0
2025,7346,DELEGACIÓN PRESIDENCIAL PROVINCIAL DE QUILLOTA,Valparaíso,Interior,16,13,36064000,36064000,0,18564000,0,17500000,0,0,0
2026,7346,DELEGACIÓN PRESIDENCIAL PROVINCIAL DE QUILLOTA,Valparaíso,Interior,13,13,39500000,39500000,0,0,0,39500000,0,0,0
2025,1830896,CORPORACION CULTURAL ESTACION CENTRAL,Metropolitana de Santiago,,26,1,47360000,47360000,0,47360000,0,0,0,0,0
2026,1830896,CORPORACION CULTURAL ESTACION CENTRAL,Metropolitana de Santiago,,7,7,25480000,25480000,0,25480000,0,0,0,0,0
2025,1801851,Corporación Municipal de Deportes y Recreación Talcahuano,Biobío,,19,3,51160000,51160000,0,51160000,0,0,0,0,0
2026,1801851,Corporación Municipal de Deportes y Recreación Talcahuano,Biobío,,13,3,18400000,18400000,0,18400000,0,0,0,0,0
2025,7215,DELEGACIÓN PRESIDENCIAL REGIONAL DE LOS LAGOS,Los Lagos,Interior,20,10,35400399,35400399,0,10025900,10200000,15174499,0,0,0
2026,7215,DELEGACIÓN PRESIDENCIAL REGIONAL DE LOS LAGOS,Los Lagos,Interior,10,10,28124000,28124000,0,28124000,0,0,0,0,0
2025,7286,DELEGACIÓN PRESIDENCIAL PROVINCIAL DE CHOAPA,Coquimbo,Interior,0,0,0,0,0,0,0,0,0,0,0
2026,7286,DELEGACIÓN PRESIDENCIAL PROVINCIAL DE CHOAPA,Coquimbo,Interior,22,1,61262995,61262995,0,47711675,4762950,8788370,0,0,0
2025,2055905,CORPORACION MUNICIPAL DE DEPORTES DE PEÑAFLOR,Metropolitana de Santiago,,8,1,20300000,20300000,0,0,20300000,0,0,0,0
2026,2055905,CORPORACION MUNICIPAL DE DEPORTES DE PEÑAFLOR,Metropolitana de Santiago,,10,1,40300000,40300000,0,0,40300000,0,0,0,0
2025,1342660,SEGUNDO TRIBUNAL AMBIENTAL,Metropolitana de Santiago,,0,0,0,0,0,0,0,0,0,0,0
2026,1342660,SEGUNDO TRIBUNAL AMBIENTAL,Metropolitana de Santiago,,12,12,58500000,58500000,0,43500000,15000000,0,0,0,0
2025,1957075,FUNDACION PARA LA REHABILITACIÓN DE PERSONAS CON DISCAPACIDAD DE LA COMUNA DE SAN PEDRO DE ATACAMA,Antofagasta,,0,0,0,0,0,0,0,0,0,0,0
2026,1957075,FUNDACION PARA LA REHABILITACIÓN DE PERSONAS CON DISCAPACIDAD DE LA COMUNA DE SAN PEDRO DE ATACAMA,Antofagasta,,14,1,57100000,57100000,0,57100000,0,0,0,0,0
2025,1830904,CORPORACION MUNICIPAL DE INNOVACION Y DESARROLLO ECONOMICO Y SOCIAL DE SAN JOAQUIN,Metropolitana de Santiago,,32,3,36545253,36545253,0,0,0,36545253,0,0,0
2026,1830904,CORPORACION MUNICIPAL DE INNOVACION Y DESARROLLO ECONOMICO Y SOCIAL DE SAN JOAQUIN,Metropolitana de Santiago,,15,1,20460000,20460000,0,0,0,20460000,0,0,0
2025,269793,DELEGACIÓN PRESIDENCIAL PROVINCIAL DEL RANCO,Los Ríos,Interior,25,16,30224750,30224750,0,5344996,16799994,8079760,0,0,0
2026,269793,DELEGACIÓN PRESIDENCIAL PROVINCIAL DEL RANCO,Los Ríos,Interior,24,16,25936189,25936189,0,13444939,5500000,6991250,0,0,0
2025,7420,DELEGACIÓN PRESIDENCIAL PROVINCIAL DE PETORCA,Valparaíso,Interior,16,1,31461367,31461367,0,6138000,24723367,600000,0,0,0
2026,7420,DELEGACIÓN PRESIDENCIAL PROVINCIAL DE PETORCA,Valparaíso,Interior,13,1,24497107,24497107,0,10400000,14097107,0,0,0,0
2025,1801817,CORPORACION MUNICIPAL PARA EL DESARROLLO CULTURAL DE TEMUCO,La Araucanía,,0,0,0,0,0,0,0,0,0,0,0
2026,1801817,CORPORACION MUNICIPAL PARA EL DESARROLLO CULTURAL DE TEMUCO,La Araucanía,,54,9,55020324,55020324,0,37480124,13061000,4479200,0,0,0
2025,1872408,Corporación Municipal de Deportes y Recreación Coyhaique,Aysén del Gral. Carlos Ibáñez del Campo,,0,0,0,0,0,0,0,0,0,0,0
2026,1872408,Corporación Municipal de Deportes y Recreación Coyhaique,Aysén del Gral. Carlos Ibáñez del Campo,,23,1,54677200,54677200,0,54677200,0,0,0,0,0
2025,1824379,CORPORACION ALDEA DEL ENCUENTRO DE LA REINA,Metropolitana de Santiago,Gobierno Central,0,0,0,0,0,0,0,0,0,0,0
2026,1824379,CORPORACION ALDEA DEL ENCUENTRO DE LA REINA,Metropolitana de Santiago,Gobierno Central,24,18,51374000,51374000,0,51374000,0,0,0,0,0
2025,2048184,CORPORACION CULTURAL DE SAN PEDRO DE LA PAZ,Biobío,,0,0,0,0,0,0,0,0,0,0,0
2026,2048184,CORPORACION CULTURAL DE SAN PEDRO DE LA PAZ,Biobío,,24,4,50266676,50266676,0,3700000,46566676,0,0,0,0
2025,1818102,Corporación de Desarrollo Social de la Municipalidad de Independencia,Metropolitana de Santiago,,106,7,24529717,24529717,0,164000,24365717,0,0,0,0
2026,1818102,Corporación de Desarrollo Social de la Municipalidad de Independencia,Metropolitana de Santiago,,22,15,22295123,22295123,0,7600000,14695123,0,0,0,0
2025,2003863,ASOCIACION DE MUNICIPIOS CIUDAD SUR,Metropolitana de Santiago,Sin sector,10,1,22000000,22000000,0,22000000,0,0,0,0,0
2026,2003863,ASOCIACION DE MUNICIPIOS CIUDAD SUR,Metropolitana de Santiago,Sin sector,6,1,23600000,23600000,0,0,23600000,0,0,0,0
2025,2012222,CORPORACION MUNICIPAL DE DEPORTES Y RECREACION DE PARRAL,Maule,,7,7,20600000,20600000,0,20600000,0,0,0,0,0
2026,2012222,CORPORACION MUNICIPAL DE DEPORTES Y RECREACION DE PARRAL,Maule,,19,10,24926000,24926000,0,24926000,0,0,0,0,0
2025,2057771,ASOCIACION MUNICIPAL DE DEPORTES Y RECREACION DE MEJILLONES,Antofagasta,Sin sector,0,0,0,0,0,0,0,0,0,0,0
2026,2057771,ASOCIACION MUNICIPAL DE DEPORTES Y RECREACION DE MEJILLONES,Antofagasta,Sin sector,21,18,37560000,37560000,0,37020000,0,540000,0,0,0
2025,1848096,CORPORACION MUNICIPAL DE CULTURA DE TILTIL,Metropolitana de Santiago,,6,2,13800000,13800000,0,13800000,0,0,0,0,0
2026,1848096,CORPORACION MUNICIPAL DE CULTURA DE TILTIL,Metropolitana de Santiago,,9,1,23190000,23190000,0,23190000,0,0,0,0,0
2025,1640450,Delegación Presidencial Provincial de Itata,Ñuble,,5,1,6100000,6100000,0,0,4100000,2000000,0,0,0
2026,1640450,Delegación Presidencial Provincial de Itata,Ñuble,,11,1,28087018,28087018,0,0,0,28087018,0,0,0
2025,1999075,ASOCIACION DE MUNICIPALIDADES NAHUELBUTA,La Araucanía,,9,1,13384083,13384083,0,13384083,0,0,0,0,0
2026,1999075,ASOCIACION DE MUNICIPALIDADES NAHUELBUTA,La Araucanía,,11,1,20623493,20623493,0,20473493,0,150000,0,0,0
2025,2020989,FUNDACION CHILENA DEL PACIFICO,Metropolitana de Santiago,,0,0,0,0,0,0,0,0,0,0,0
2026,2020989,FUNDACION CHILENA DEL PACIFICO,Metropolitana de Santiago,,3,1,29079201,29079201,0,29079201,0,0,0,0,0
2025,117581,I MUNICIPALIDAD DE MEJILLONES,Antofagasta,Municipalidades,0,0,0,0,0,0,0,0,0,0,0
2026,117581,I MUNICIPALIDAD DE MEJILLONES,Antofagasta,Municipalidades,1,1,28955675,28955675,0,28955675,0,0,0,0,0
2025,2063231,FUNDACION DE CULTURA Y TURISMO DE LA MUNICIPALIDAD DE MEJILLONES O FUN,Antofagasta,Sin sector,0,0,0,0,0,0,0,0,0,0,0
2026,2063231,FUNDACION DE CULTURA Y TURISMO DE LA MUNICIPALIDAD DE MEJILLONES O FUN,Antofagasta,Sin sector,40,17,27714400,27714400,0,25374400,0,2340000,0,0,0
2025,1956769,ASOCIACION MUNICIPAL DE DEPORTES Y RECREACION DE TOCOPILLA,Antofagasta,,24,14,27438000,27438000,0,25438000,0,2000000,0,0,0
2026,1956769,ASOCIACION MUNICIPAL DE DEPORTES Y RECREACION DE TOCOPILLA,Antofagasta,,0,0,0,0,0,0,0,0,0,0,0
2025,1990802,ASOCIACION DE MUNICIPALIDADES DE LA REGION DE ANTOFAGASTA,Antofagasta,,5,5,7320000,7320000,0,7320000,0,0,0,0,0
2026,1990802,ASOCIACION DE MUNICIPALIDADES DE LA REGION DE ANTOFAGASTA,Antofagasta,,11,11,19780000,19780000,0,16080000,0,3700000,0,0,0
2025,1828257,CORPORACION DE DEPORTES DE LA ILUSTRE MUNICIPALIDAD DE TENO,Maule,,14,14,14209500,14209500,0,0,0,14209500,0,0,0
2026,1828257,CORPORACION DE DEPORTES DE LA ILUSTRE MUNICIPALIDAD DE TENO,Maule,,13,13,11902005,11902005,0,0,0,11902005,0,0,0
2025,1952395,ASOCIACION DE MUNICIPALIDADES DE LA CUENCA DEL LAGO LLANQUIHUE,Los Lagos,,0,0,0,0,0,0,0,0,0,0,0
2026,1952395,ASOCIACION DE MUNICIPALIDADES DE LA CUENCA DEL LAGO LLANQUIHUE,Los Lagos,,30,5,24779000,24779000,0,0,2779000,22000000,0,0,0
2025,1818063,CORPORACION MUNICIPAL DE DEPORTES Y RECREACION DE MOLINA,Maule,,0,0,0,0,0,0,0,0,0,0,0
2026,1818063,CORPORACION MUNICIPAL DE DEPORTES Y RECREACION DE MOLINA,Maule,,5,5,24100000,24100000,0,22000000,2100000,0,0,0,0
2025,1978360,ASOCIACION DE MUNICIPALIDADES DEL VALLE DEL ITATA,Ñuble,,0,0,0,0,0,0,0,0,0,0,0
2026,1978360,ASOCIACION DE MUNICIPALIDADES DEL VALLE DEL ITATA,Ñuble,,12,4,23820000,23820000,0,0,22700000,1120000,0,0,0
2025,2005072,ASOCIACION DE MUNICIPALIDADES PARA LA PRESERVACION DE LA BIODIVERSIDAD,Biobío,,6,1,20947367,20947367,0,0,20947367,0,0,0,0
2026,2005072,ASOCIACION DE MUNICIPALIDADES PARA LA PRESERVACION DE LA BIODIVERSIDAD,Biobío,,3,1,710000,710000,0,710000,0,0,0,0,0
2025,1630816,Asociacion de Municipalidades Region de O´Higgins,Libertador Gral. Bernardo O'Higgins,,0,0,0,0,0,0,0,0,0,0,0
2026,1630816,Asociacion de Municipalidades Region de O´Higgins,Libertador Gral. Bernardo O'Higgins,,5,5,19894440,19894440,0,19336080,0,558360,0,0,0
2025,7009,GOBERNACION PROVINCIAL DE LOS ANDES,Valparaíso,Interior,0,0,0,0,0,0,0,0,0,0,0
2026,7009,GOBERNACION PROVINCIAL DE LOS ANDES,Valparaíso,Interior,13,3,17950000,17950000,0,15950000,0,2000000,0,0,0
2025,1675202,Asociación de Municipalidades Rurales del Norte Chico,Coquimbo,,29,8,16476300,16476300,0,0,0,16476300,0,0,0
2026,1675202,Asociación de Municipalidades Rurales del Norte Chico,Coquimbo,,0,0,0,0,0,0,0,0,0,0,0
2025,1001725,Entidad Compradora de Pruebas DCCP,Sin clasificar,Sin clasificar,16,12,16087400,16087400,0,12236400,1700000,2151000,0,0,0
2026,1001725,Entidad Compradora de Pruebas DCCP,Sin clasificar,Sin clasificar,2,2,200,200,0,200,0,0,0,0,0
2025,1820903,Corporación Cultural de la Ilustre Municipalidad de Teno,Maule,,24,16,15850646,15850646,0,3703009,0,12147637,0,0,0
2026,1820903,Corporación Cultural de la Ilustre Municipalidad de Teno,Maule,,0,0,0,0,0,0,0,0,0,0,0
2025,1961052,ASOCIACION DE MUNICIPALIDADES DE LA REGION DE COQUIMBO,Coquimbo,,59,6,6453330,6453330,0,0,6453330,0,0,0,0
2026,1961052,ASOCIACION DE MUNICIPALIDADES DE LA REGION DE COQUIMBO,Coquimbo,,44,3,6263710,6263710,0,6263710,0,0,0,0,0
2025,1978386,ASOCIACION DE MUNICIPIOS RURALES REGIONES DE TARAPACA Y ARICA - PARINACOTA,Tarapacá,,90,7,4503750,4503750,0,0,2588750,1915000,0,0,0
2026,1978386,ASOCIACION DE MUNICIPIOS RURALES REGIONES DE TARAPACA Y ARICA - PARINACOTA,Tarapacá,,118,10,6742400,6742400,0,0,3892400,2850000,0,0,0
2025,2030580,TRIBUNAL REGIONAL ELECTORAL PRIMERA REGI,Tarapacá,Sin sector,0,0,0,0,0,0,0,0,0,0,0
2026,2030580,TRIBUNAL REGIONAL ELECTORAL PRIMERA REGI,Tarapacá,Sin sector,5,1,8700000,8700000,0,0,8700000,0,0,0,0
2025,1979483,ASOCIACION DE MUNICIPALIDADES DE LA REGION DEL BIO BIO (AMRBB),Biobío,,23,4,4378150,4378150,0,0,4378150,0,0,0,0
2026,1979483,ASOCIACION DE MUNICIPALIDADES DE LA REGION DEL BIO BIO (AMRBB),Biobío,,53,5,3402499,3402499,0,0,3402499,0,0,0,0
2025,286412,Tribunal Electoral Regional IV Region,Coquimbo,,51,1,3820243,3820243,0,0,3820243,0,0,0,0
2026,286412,Tribunal Electoral Regional IV Region,Coquimbo,,43,1,3932298,3932298,0,0,3932298,0,0,0,0
2025,2048198,TRIBUNAL ELECTORAL UNDECIMA REGION,Aysén del Gral. Carlos Ibáñez del Campo,,0,0,0,0,0,0,0,0,0,0,0
2026,2048198,TRIBUNAL ELECTORAL UNDECIMA REGION,Aysén del Gral. Carlos Ibáñez del Campo,,8,4,5700000,5700000,0,0,5700000,0,0,0,0
2025,2010511,ASOCIACION DE MUNICIPALIDADES DEL NORTE DE CHILE,Antofagasta,Sin sector,0,0,0,0,0,0,0,0,0,0,0
2026,2010511,ASOCIACION DE MUNICIPALIDADES DEL NORTE DE CHILE,Antofagasta,Sin sector,4,4,5500000,5500000,0,5500000,0,0,0,0,0
2025,2020991,TRIBUNAL ELECTORAL REGIONAL SEPTIMA REGI,Maule,,0,0,0,0,0,0,0,0,0,0,0
2026,2020991,TRIBUNAL ELECTORAL REGIONAL SEPTIMA REGI,Maule,,5,1,3760000,3760000,0,0,3760000,0,0,0,0
2025,1952438,ASOCIACIÓN DE MUNICIPALIDADES DEL PUNILLA,Ñuble,Sin sector,9,4,1311000,1311000,0,0,1161000,150000,0,0,0
2026,1952438,ASOCIACIÓN DE MUNICIPALIDADES DEL PUNILLA,Ñuble,Sin sector,6,6,2240000,2240000,0,0,0,2240000,0,0,0
2025,1035946,CORP MUNICIPAL DE SERVICIOS Y DESARROLLO,Metropolitana de Santiago,Aplicación Auditoria,0,0,0,0,0,0,0,0,0,0,0
2026,1035946,CORP MUNICIPAL DE SERVICIOS Y DESARROLLO,Metropolitana de Santiago,Aplicación Auditoria,38,5,2231657,2231657,0,1750000,481657,0,0,0,0
2025,1408339,Asoc. Regional de Municipalidades de Magallanes y Antartica Chilena,Magallanes y de la Antártica Chilena,,11,1,505500,505500,0,505500,0,0,0,0,0
2026,1408339,Asoc. Regional de Municipalidades de Magallanes y Antartica Chilena,Magallanes y de la Antártica Chilena,,4,1,440000,440000,0,440000,0,0,0,0,0
2025,1986807,ASOCIACION DE MUNICIPALIDADES MALLECO NORTE AMMN,Sin clasificar,Sin clasificar,1,1,100,100,0,0,100,0,0,0,0
2026,1986807,ASOCIACION DE MUNICIPALIDADES MALLECO NORTE AMMN,Sin clasificar,Sin clasificar,0,0,0,0,0,0,0,0,0,0,0
